INFO 2025-06-12 23:10:55,936 autoreload Watching for file changes with StatReloader
DEBUG 2025-06-12 23:10:56,887 utils (0.001) 
            SELECT name, type FROM sqlite_master
            WHERE type in ('table', 'view') AND NOT name='sqlite_sequence'
            ORDER BY name; args=None; alias=default
DEBUG 2025-06-12 23:10:56,905 utils (0.001) SELECT "django_migrations"."id", "django_migrations"."app", "django_migrations"."name", "django_migrations"."applied" FROM "django_migrations"; args=(); alias=default
DEBUG 2025-06-12 23:11:11,299 utils (0.001) SELECT "django_session"."session_key", "django_session"."session_data", "django_session"."expire_date" FROM "django_session" WHERE ("django_session"."expire_date" > '2025-06-12 17:26:11.296685' AND "django_session"."session_key" = 'a17zieaf2fyf5krcwij8axugj67vjbid') LIMIT 21; args=('2025-06-12 17:26:11.296685', 'a17zieaf2fyf5krcwij8axugj67vjbid'); alias=default
DEBUG 2025-06-12 23:11:11,309 utils (0.000) SELECT "auth_user"."id", "auth_user"."password", "auth_user"."last_login", "auth_user"."is_superuser", "auth_user"."username", "auth_user"."first_name", "auth_user"."last_name", "auth_user"."email", "auth_user"."is_staff", "auth_user"."is_active", "auth_user"."date_joined" FROM "auth_user" WHERE "auth_user"."id" = 1 LIMIT 21; args=(1,); alias=default
DEBUG 2025-06-12 23:11:11,477 utils (0.000) SELECT "django_content_type"."id", "django_content_type"."app_label", "django_content_type"."model" FROM "django_content_type" WHERE ("django_content_type"."app_label" = 'fintrack_app' AND "django_content_type"."model" = 'transaction') LIMIT 21; args=('fintrack_app', 'transaction'); alias=default
DEBUG 2025-06-12 23:11:11,542 utils (0.000) SELECT "auth_user"."id", "auth_user"."password", "auth_user"."last_login", "auth_user"."is_superuser", "auth_user"."username", "auth_user"."first_name", "auth_user"."last_name", "auth_user"."email", "auth_user"."is_staff", "auth_user"."is_active", "auth_user"."date_joined" FROM "auth_user" ORDER BY "auth_user"."username" ASC; args=(); alias=default
DEBUG 2025-06-12 23:11:11,558 utils (0.000) SELECT "account"."account_type", "account"."isWallet", "account"."id", "account"."isDefault", "account"."user_id", "account"."name", "account"."account_number", "account"."wallet_number", "account"."balance", "account"."createdAt", "account"."updatedAt" FROM "account" ORDER BY "account"."createdAt" DESC; args=(); alias=default
DEBUG 2025-06-12 23:11:11,659 utils (0.001) SELECT "django_session"."session_key", "django_session"."session_data", "django_session"."expire_date" FROM "django_session" WHERE ("django_session"."expire_date" > '2025-06-12 17:26:11.657117' AND "django_session"."session_key" = 'a17zieaf2fyf5krcwij8axugj67vjbid') LIMIT 21; args=('2025-06-12 17:26:11.657117', 'a17zieaf2fyf5krcwij8axugj67vjbid'); alias=default
DEBUG 2025-06-12 23:11:11,680 utils (0.000) SELECT "auth_user"."id", "auth_user"."password", "auth_user"."last_login", "auth_user"."is_superuser", "auth_user"."username", "auth_user"."first_name", "auth_user"."last_name", "auth_user"."email", "auth_user"."is_staff", "auth_user"."is_active", "auth_user"."date_joined" FROM "auth_user" WHERE "auth_user"."id" = 1 LIMIT 21; args=(1,); alias=default
DEBUG 2025-06-12 23:11:32,330 utils (0.002) SELECT "django_session"."session_key", "django_session"."session_data", "django_session"."expire_date" FROM "django_session" WHERE ("django_session"."expire_date" > '2025-06-12 17:26:32.327196' AND "django_session"."session_key" = 'a17zieaf2fyf5krcwij8axugj67vjbid') LIMIT 21; args=('2025-06-12 17:26:32.327196', 'a17zieaf2fyf5krcwij8axugj67vjbid'); alias=default
DEBUG 2025-06-12 23:11:32,335 utils (0.000) SELECT "auth_user"."id", "auth_user"."password", "auth_user"."last_login", "auth_user"."is_superuser", "auth_user"."username", "auth_user"."first_name", "auth_user"."last_name", "auth_user"."email", "auth_user"."is_staff", "auth_user"."is_active", "auth_user"."date_joined" FROM "auth_user" WHERE "auth_user"."id" = 1 LIMIT 21; args=(1,); alias=default
DEBUG 2025-06-12 23:11:32,348 utils (0.000) BEGIN; args=None; alias=default
DEBUG 2025-06-12 23:11:32,359 utils (0.000) SELECT "auth_user"."id", "auth_user"."password", "auth_user"."last_login", "auth_user"."is_superuser", "auth_user"."username", "auth_user"."first_name", "auth_user"."last_name", "auth_user"."email", "auth_user"."is_staff", "auth_user"."is_active", "auth_user"."date_joined" FROM "auth_user" WHERE "auth_user"."id" = 1 LIMIT 21; args=(1,); alias=default
DEBUG 2025-06-12 23:11:32,362 utils (0.000) SELECT "account"."account_type", "account"."isWallet", "account"."id", "account"."isDefault", "account"."user_id", "account"."name", "account"."account_number", "account"."wallet_number", "account"."balance", "account"."createdAt", "account"."updatedAt" FROM "account" WHERE "account"."id" = 4 LIMIT 21; args=(4,); alias=default
DEBUG 2025-06-12 23:11:32,371 utils (0.001) SELECT 1 AS "a" FROM "auth_user" WHERE "auth_user"."id" = 1 LIMIT 1; args=(1, 1); alias=default
DEBUG 2025-06-12 23:11:32,376 utils (0.000) SELECT 1 AS "a" FROM "account" WHERE "account"."id" = 4 LIMIT 1; args=(1, 4); alias=default
DEBUG 2025-06-12 23:11:32,379 utils (0.000) SELECT COUNT(*) AS "__count" FROM "account" WHERE ("account"."user_id" = 1 AND "account"."id" = 4); args=(1, 4); alias=default
DEBUG 2025-06-12 23:11:32,381 utils (0.000) COMMIT; args=None; alias=default
DEBUG 2025-06-12 23:11:32,398 utils (0.000) SELECT "auth_user"."id", "auth_user"."password", "auth_user"."last_login", "auth_user"."is_superuser", "auth_user"."username", "auth_user"."first_name", "auth_user"."last_name", "auth_user"."email", "auth_user"."is_staff", "auth_user"."is_active", "auth_user"."date_joined" FROM "auth_user" ORDER BY "auth_user"."username" ASC; args=(); alias=default
DEBUG 2025-06-12 23:11:32,405 utils (0.000) SELECT "account"."account_type", "account"."isWallet", "account"."id", "account"."isDefault", "account"."user_id", "account"."name", "account"."account_number", "account"."wallet_number", "account"."balance", "account"."createdAt", "account"."updatedAt" FROM "account" ORDER BY "account"."createdAt" DESC; args=(); alias=default
DEBUG 2025-06-12 23:11:32,474 utils (0.002) SELECT "django_session"."session_key", "django_session"."session_data", "django_session"."expire_date" FROM "django_session" WHERE ("django_session"."expire_date" > '2025-06-12 17:26:32.470068' AND "django_session"."session_key" = 'a17zieaf2fyf5krcwij8axugj67vjbid') LIMIT 21; args=('2025-06-12 17:26:32.470068', 'a17zieaf2fyf5krcwij8axugj67vjbid'); alias=default
DEBUG 2025-06-12 23:11:32,481 utils (0.000) SELECT "auth_user"."id", "auth_user"."password", "auth_user"."last_login", "auth_user"."is_superuser", "auth_user"."username", "auth_user"."first_name", "auth_user"."last_name", "auth_user"."email", "auth_user"."is_staff", "auth_user"."is_active", "auth_user"."date_joined" FROM "auth_user" WHERE "auth_user"."id" = 1 LIMIT 21; args=(1,); alias=default
DEBUG 2025-06-12 23:11:44,683 utils (0.001) SELECT "django_session"."session_key", "django_session"."session_data", "django_session"."expire_date" FROM "django_session" WHERE ("django_session"."expire_date" > '2025-06-12 17:26:44.679276' AND "django_session"."session_key" = 'a17zieaf2fyf5krcwij8axugj67vjbid') LIMIT 21; args=('2025-06-12 17:26:44.679276', 'a17zieaf2fyf5krcwij8axugj67vjbid'); alias=default
DEBUG 2025-06-12 23:11:44,693 utils (0.000) SELECT "auth_user"."id", "auth_user"."password", "auth_user"."last_login", "auth_user"."is_superuser", "auth_user"."username", "auth_user"."first_name", "auth_user"."last_name", "auth_user"."email", "auth_user"."is_staff", "auth_user"."is_active", "auth_user"."date_joined" FROM "auth_user" WHERE "auth_user"."id" = 1 LIMIT 21; args=(1,); alias=default
DEBUG 2025-06-12 23:11:44,706 utils (0.000) BEGIN; args=None; alias=default
DEBUG 2025-06-12 23:11:44,713 utils (0.000) SELECT "auth_user"."id", "auth_user"."password", "auth_user"."last_login", "auth_user"."is_superuser", "auth_user"."username", "auth_user"."first_name", "auth_user"."last_name", "auth_user"."email", "auth_user"."is_staff", "auth_user"."is_active", "auth_user"."date_joined" FROM "auth_user" WHERE "auth_user"."id" = 1 LIMIT 21; args=(1,); alias=default
DEBUG 2025-06-12 23:11:44,717 utils (0.000) SELECT "account"."account_type", "account"."isWallet", "account"."id", "account"."isDefault", "account"."user_id", "account"."name", "account"."account_number", "account"."wallet_number", "account"."balance", "account"."createdAt", "account"."updatedAt" FROM "account" WHERE "account"."id" = 4 LIMIT 21; args=(4,); alias=default
DEBUG 2025-06-12 23:11:44,720 utils (0.000) SELECT 1 AS "a" FROM "auth_user" WHERE "auth_user"."id" = 1 LIMIT 1; args=(1, 1); alias=default
DEBUG 2025-06-12 23:11:44,722 utils (0.000) SELECT 1 AS "a" FROM "account" WHERE "account"."id" = 4 LIMIT 1; args=(1, 4); alias=default
DEBUG 2025-06-12 23:11:44,724 utils (0.000) SELECT COUNT(*) AS "__count" FROM "account" WHERE ("account"."user_id" = 1 AND "account"."id" = 4); args=(1, 4); alias=default
DEBUG 2025-06-12 23:11:44,729 utils (0.000) SELECT 1 AS "a" FROM "auth_user" WHERE "auth_user"."id" = 1 LIMIT 1; args=(1, 1); alias=default
DEBUG 2025-06-12 23:11:44,730 utils (0.000) SELECT 1 AS "a" FROM "account" WHERE "account"."id" = 4 LIMIT 1; args=(1, 4); alias=default
DEBUG 2025-06-12 23:11:44,732 utils (0.000) SELECT COUNT(*) AS "__count" FROM "account" WHERE ("account"."user_id" = 1 AND "account"."id" = 4); args=(1, 4); alias=default
DEBUG 2025-06-12 23:11:44,741 utils (0.007) INSERT INTO "transaction" ("user_id", "transaction_type", "account_id", "amount", "description", "date", "category", "receiptUrl", "isRecurring", "recurringInterval", "nextRecurringDate", "lastProcessedDate", "createdAt") VALUES (1, 'Ex', 4, '399', 'its fun 399', '2025-06-12 17:26:29', 'fun', '', 0, '', NULL, NULL, '2025-06-12 17:26:44.734138') RETURNING "transaction"."id"; args=(1, 'Ex', 4, Decimal('399'), 'its fun 399', '2025-06-12 17:26:29', 'fun', '', False, '', None, None, '2025-06-12 17:26:44.734138'); alias=default
DEBUG 2025-06-12 23:11:44,746 utils (0.000) INSERT INTO "django_admin_log" ("action_time", "user_id", "content_type_id", "object_id", "object_repr", "action_flag", "change_message") VALUES ('2025-06-12 17:26:44.746222', 1, 8, '9', 'fun', 1, '[{"added": {}}]') RETURNING "django_admin_log"."id"; args=('2025-06-12 17:26:44.746222', 1, 8, '9', 'fun', 1, '[{"added": {}}]'); alias=default
DEBUG 2025-06-12 23:11:44,759 utils (0.011) COMMIT; args=None; alias=default
DEBUG 2025-06-12 23:11:44,768 utils (0.001) SELECT "django_session"."session_key", "django_session"."session_data", "django_session"."expire_date" FROM "django_session" WHERE ("django_session"."expire_date" > '2025-06-12 17:26:44.766904' AND "django_session"."session_key" = 'a17zieaf2fyf5krcwij8axugj67vjbid') LIMIT 21; args=('2025-06-12 17:26:44.766904', 'a17zieaf2fyf5krcwij8axugj67vjbid'); alias=default
DEBUG 2025-06-12 23:11:44,774 utils (0.000) SELECT "auth_user"."id", "auth_user"."password", "auth_user"."last_login", "auth_user"."is_superuser", "auth_user"."username", "auth_user"."first_name", "auth_user"."last_name", "auth_user"."email", "auth_user"."is_staff", "auth_user"."is_active", "auth_user"."date_joined" FROM "auth_user" WHERE "auth_user"."id" = 1 LIMIT 21; args=(1,); alias=default
DEBUG 2025-06-12 23:11:44,780 utils (0.000) SELECT COUNT(*) AS "__count" FROM "transaction"; args=(); alias=default
DEBUG 2025-06-12 23:11:44,781 utils (0.000) SELECT COUNT(*) AS "__count" FROM "transaction"; args=(); alias=default
DEBUG 2025-06-12 23:11:44,787 utils (0.001) SELECT "transaction"."id", "transaction"."user_id", "transaction"."transaction_type", "transaction"."account_id", "transaction"."amount", "transaction"."description", "transaction"."date", "transaction"."category", "transaction"."receiptUrl", "transaction"."isRecurring", "transaction"."recurringInterval", "transaction"."nextRecurringDate", "transaction"."lastProcessedDate", "transaction"."createdAt", "auth_user"."id", "auth_user"."password", "auth_user"."last_login", "auth_user"."is_superuser", "auth_user"."username", "auth_user"."first_name", "auth_user"."last_name", "auth_user"."email", "auth_user"."is_staff", "auth_user"."is_active", "auth_user"."date_joined", "account"."account_type", "account"."isWallet", "account"."id", "account"."isDefault", "account"."user_id", "account"."name", "account"."account_number", "account"."wallet_number", "account"."balance", "account"."createdAt", "account"."updatedAt", T4."id", T4."password", T4."last_login", T4."is_superuser", T4."username", T4."first_name", T4."last_name", T4."email", T4."is_staff", T4."is_active", T4."date_joined" FROM "transaction" INNER JOIN "auth_user" ON ("transaction"."user_id" = "auth_user"."id") INNER JOIN "account" ON ("transaction"."account_id" = "account"."id") INNER JOIN "auth_user" T4 ON ("account"."user_id" = T4."id") ORDER BY "transaction"."date" DESC, "transaction"."id" DESC; args=(); alias=default
DEBUG 2025-06-12 23:11:44,884 utils (0.002) SELECT "django_session"."session_key", "django_session"."session_data", "django_session"."expire_date" FROM "django_session" WHERE ("django_session"."expire_date" > '2025-06-12 17:26:44.881260' AND "django_session"."session_key" = 'a17zieaf2fyf5krcwij8axugj67vjbid') LIMIT 21; args=('2025-06-12 17:26:44.881260', 'a17zieaf2fyf5krcwij8axugj67vjbid'); alias=default
DEBUG 2025-06-12 23:11:44,891 utils (0.000) SELECT "auth_user"."id", "auth_user"."password", "auth_user"."last_login", "auth_user"."is_superuser", "auth_user"."username", "auth_user"."first_name", "auth_user"."last_name", "auth_user"."email", "auth_user"."is_staff", "auth_user"."is_active", "auth_user"."date_joined" FROM "auth_user" WHERE "auth_user"."id" = 1 LIMIT 21; args=(1,); alias=default
INFO 2025-06-12 23:12:50,548 autoreload E:\ESEWA-FINTRACK-FULLSTACK\fintrack_app\views\categorySummary.py changed, reloading.
INFO 2025-06-12 23:12:51,543 autoreload Watching for file changes with StatReloader
DEBUG 2025-06-12 23:12:52,356 utils (0.001) 
            SELECT name, type FROM sqlite_master
            WHERE type in ('table', 'view') AND NOT name='sqlite_sequence'
            ORDER BY name; args=None; alias=default
DEBUG 2025-06-12 23:12:52,360 utils (0.000) SELECT "django_migrations"."id", "django_migrations"."app", "django_migrations"."name", "django_migrations"."applied" FROM "django_migrations"; args=(); alias=default
INFO 2025-06-12 23:12:54,062 autoreload E:\ESEWA-FINTRACK-FULLSTACK\fintrack_app\views\categorySummary.py changed, reloading.
INFO 2025-06-12 23:12:54,886 autoreload Watching for file changes with StatReloader
DEBUG 2025-06-12 23:12:55,974 utils (0.001) 
            SELECT name, type FROM sqlite_master
            WHERE type in ('table', 'view') AND NOT name='sqlite_sequence'
            ORDER BY name; args=None; alias=default
DEBUG 2025-06-12 23:12:55,981 utils (0.001) SELECT "django_migrations"."id", "django_migrations"."app", "django_migrations"."name", "django_migrations"."applied" FROM "django_migrations"; args=(); alias=default
INFO 2025-06-12 23:13:04,530 autoreload E:\ESEWA-FINTRACK-FULLSTACK\fintrack_app\views\categorySummary.py changed, reloading.
INFO 2025-06-12 23:13:05,466 autoreload Watching for file changes with StatReloader
DEBUG 2025-06-12 23:13:06,401 utils (0.001) 
            SELECT name, type FROM sqlite_master
            WHERE type in ('table', 'view') AND NOT name='sqlite_sequence'
            ORDER BY name; args=None; alias=default
DEBUG 2025-06-12 23:13:06,407 utils (0.000) SELECT "django_migrations"."id", "django_migrations"."app", "django_migrations"."name", "django_migrations"."applied" FROM "django_migrations"; args=(); alias=default
DEBUG 2025-06-12 23:13:06,984 utils (0.001) SELECT "django_session"."session_key", "django_session"."session_data", "django_session"."expire_date" FROM "django_session" WHERE ("django_session"."expire_date" > '2025-06-12 17:28:06.978452' AND "django_session"."session_key" = 'a17zieaf2fyf5krcwij8axugj67vjbid') LIMIT 21; args=('2025-06-12 17:28:06.978452', 'a17zieaf2fyf5krcwij8axugj67vjbid'); alias=default
DEBUG 2025-06-12 23:13:06,999 utils (0.000) SELECT "auth_user"."id", "auth_user"."password", "auth_user"."last_login", "auth_user"."is_superuser", "auth_user"."username", "auth_user"."first_name", "auth_user"."last_name", "auth_user"."email", "auth_user"."is_staff", "auth_user"."is_active", "auth_user"."date_joined" FROM "auth_user" WHERE "auth_user"."id" = 1 LIMIT 21; args=(1,); alias=default
DEBUG 2025-06-12 23:13:07,091 utils (0.000) SELECT "django_content_type"."id", "django_content_type"."app_label", "django_content_type"."model" FROM "django_content_type" WHERE ("django_content_type"."app_label" = 'fintrack_app' AND "django_content_type"."model" = 'transaction') LIMIT 21; args=('fintrack_app', 'transaction'); alias=default
DEBUG 2025-06-12 23:13:07,174 utils (0.000) SELECT "auth_user"."id", "auth_user"."password", "auth_user"."last_login", "auth_user"."is_superuser", "auth_user"."username", "auth_user"."first_name", "auth_user"."last_name", "auth_user"."email", "auth_user"."is_staff", "auth_user"."is_active", "auth_user"."date_joined" FROM "auth_user" ORDER BY "auth_user"."username" ASC; args=(); alias=default
DEBUG 2025-06-12 23:13:07,193 utils (0.000) SELECT "account"."account_type", "account"."isWallet", "account"."id", "account"."isDefault", "account"."user_id", "account"."name", "account"."account_number", "account"."wallet_number", "account"."balance", "account"."createdAt", "account"."updatedAt" FROM "account" ORDER BY "account"."createdAt" DESC; args=(); alias=default
DEBUG 2025-06-12 23:13:07,294 utils (0.001) SELECT "django_session"."session_key", "django_session"."session_data", "django_session"."expire_date" FROM "django_session" WHERE ("django_session"."expire_date" > '2025-06-12 17:28:07.292239' AND "django_session"."session_key" = 'a17zieaf2fyf5krcwij8axugj67vjbid') LIMIT 21; args=('2025-06-12 17:28:07.292239', 'a17zieaf2fyf5krcwij8axugj67vjbid'); alias=default
DEBUG 2025-06-12 23:13:07,311 utils (0.000) SELECT "auth_user"."id", "auth_user"."password", "auth_user"."last_login", "auth_user"."is_superuser", "auth_user"."username", "auth_user"."first_name", "auth_user"."last_name", "auth_user"."email", "auth_user"."is_staff", "auth_user"."is_active", "auth_user"."date_joined" FROM "auth_user" WHERE "auth_user"."id" = 1 LIMIT 21; args=(1,); alias=default
DEBUG 2025-06-12 23:13:31,105 utils (0.001) SELECT "django_session"."session_key", "django_session"."session_data", "django_session"."expire_date" FROM "django_session" WHERE ("django_session"."expire_date" > '2025-06-12 17:28:31.102869' AND "django_session"."session_key" = 'a17zieaf2fyf5krcwij8axugj67vjbid') LIMIT 21; args=('2025-06-12 17:28:31.102869', 'a17zieaf2fyf5krcwij8axugj67vjbid'); alias=default
DEBUG 2025-06-12 23:13:31,119 utils (0.000) SELECT "auth_user"."id", "auth_user"."password", "auth_user"."last_login", "auth_user"."is_superuser", "auth_user"."username", "auth_user"."first_name", "auth_user"."last_name", "auth_user"."email", "auth_user"."is_staff", "auth_user"."is_active", "auth_user"."date_joined" FROM "auth_user" WHERE "auth_user"."id" = 1 LIMIT 21; args=(1,); alias=default
DEBUG 2025-06-12 23:13:31,133 utils (0.000) BEGIN; args=None; alias=default
DEBUG 2025-06-12 23:13:31,141 utils (0.000) SELECT "auth_user"."id", "auth_user"."password", "auth_user"."last_login", "auth_user"."is_superuser", "auth_user"."username", "auth_user"."first_name", "auth_user"."last_name", "auth_user"."email", "auth_user"."is_staff", "auth_user"."is_active", "auth_user"."date_joined" FROM "auth_user" WHERE "auth_user"."id" = 1 LIMIT 21; args=(1,); alias=default
DEBUG 2025-06-12 23:13:31,144 utils (0.000) SELECT "account"."account_type", "account"."isWallet", "account"."id", "account"."isDefault", "account"."user_id", "account"."name", "account"."account_number", "account"."wallet_number", "account"."balance", "account"."createdAt", "account"."updatedAt" FROM "account" WHERE "account"."id" = 4 LIMIT 21; args=(4,); alias=default
DEBUG 2025-06-12 23:13:31,158 utils (0.000) SELECT 1 AS "a" FROM "auth_user" WHERE "auth_user"."id" = 1 LIMIT 1; args=(1, 1); alias=default
DEBUG 2025-06-12 23:13:31,160 utils (0.000) SELECT 1 AS "a" FROM "account" WHERE "account"."id" = 4 LIMIT 1; args=(1, 4); alias=default
DEBUG 2025-06-12 23:13:31,169 utils (0.000) SELECT COUNT(*) AS "__count" FROM "account" WHERE ("account"."user_id" = 1 AND "account"."id" = 4); args=(1, 4); alias=default
DEBUG 2025-06-12 23:13:31,171 utils (0.000) SELECT 1 AS "a" FROM "auth_user" WHERE "auth_user"."id" = 1 LIMIT 1; args=(1, 1); alias=default
DEBUG 2025-06-12 23:13:31,172 utils (0.000) SELECT 1 AS "a" FROM "account" WHERE "account"."id" = 4 LIMIT 1; args=(1, 4); alias=default
DEBUG 2025-06-12 23:13:31,174 utils (0.000) SELECT COUNT(*) AS "__count" FROM "account" WHERE ("account"."user_id" = 1 AND "account"."id" = 4); args=(1, 4); alias=default
DEBUG 2025-06-12 23:13:31,183 utils (0.007) INSERT INTO "transaction" ("user_id", "transaction_type", "account_id", "amount", "description", "date", "category", "receiptUrl", "isRecurring", "recurringInterval", "nextRecurringDate", "lastProcessedDate", "createdAt") VALUES (1, 'Ex', 4, '499', 'its fun', '2025-06-12 17:28:24', 'fun', '', 0, '', NULL, NULL, '2025-06-12 17:28:31.175929') RETURNING "transaction"."id"; args=(1, 'Ex', 4, Decimal('499'), 'its fun', '2025-06-12 17:28:24', 'fun', '', False, '', None, None, '2025-06-12 17:28:31.175929'); alias=default
DEBUG 2025-06-12 23:13:31,188 utils (0.000) INSERT INTO "django_admin_log" ("action_time", "user_id", "content_type_id", "object_id", "object_repr", "action_flag", "change_message") VALUES ('2025-06-12 17:28:31.188221', 1, 8, '10', 'fun', 1, '[{"added": {}}]') RETURNING "django_admin_log"."id"; args=('2025-06-12 17:28:31.188221', 1, 8, '10', 'fun', 1, '[{"added": {}}]'); alias=default
DEBUG 2025-06-12 23:13:31,197 utils (0.007) COMMIT; args=None; alias=default
DEBUG 2025-06-12 23:13:31,208 utils (0.001) SELECT "django_session"."session_key", "django_session"."session_data", "django_session"."expire_date" FROM "django_session" WHERE ("django_session"."expire_date" > '2025-06-12 17:28:31.207494' AND "django_session"."session_key" = 'a17zieaf2fyf5krcwij8axugj67vjbid') LIMIT 21; args=('2025-06-12 17:28:31.207494', 'a17zieaf2fyf5krcwij8axugj67vjbid'); alias=default
DEBUG 2025-06-12 23:13:31,215 utils (0.000) SELECT "auth_user"."id", "auth_user"."password", "auth_user"."last_login", "auth_user"."is_superuser", "auth_user"."username", "auth_user"."first_name", "auth_user"."last_name", "auth_user"."email", "auth_user"."is_staff", "auth_user"."is_active", "auth_user"."date_joined" FROM "auth_user" WHERE "auth_user"."id" = 1 LIMIT 21; args=(1,); alias=default
DEBUG 2025-06-12 23:13:31,220 utils (0.000) SELECT COUNT(*) AS "__count" FROM "transaction"; args=(); alias=default
DEBUG 2025-06-12 23:13:31,221 utils (0.000) SELECT COUNT(*) AS "__count" FROM "transaction"; args=(); alias=default
DEBUG 2025-06-12 23:13:31,226 utils (0.000) SELECT "transaction"."id", "transaction"."user_id", "transaction"."transaction_type", "transaction"."account_id", "transaction"."amount", "transaction"."description", "transaction"."date", "transaction"."category", "transaction"."receiptUrl", "transaction"."isRecurring", "transaction"."recurringInterval", "transaction"."nextRecurringDate", "transaction"."lastProcessedDate", "transaction"."createdAt", "auth_user"."id", "auth_user"."password", "auth_user"."last_login", "auth_user"."is_superuser", "auth_user"."username", "auth_user"."first_name", "auth_user"."last_name", "auth_user"."email", "auth_user"."is_staff", "auth_user"."is_active", "auth_user"."date_joined", "account"."account_type", "account"."isWallet", "account"."id", "account"."isDefault", "account"."user_id", "account"."name", "account"."account_number", "account"."wallet_number", "account"."balance", "account"."createdAt", "account"."updatedAt", T4."id", T4."password", T4."last_login", T4."is_superuser", T4."username", T4."first_name", T4."last_name", T4."email", T4."is_staff", T4."is_active", T4."date_joined" FROM "transaction" INNER JOIN "auth_user" ON ("transaction"."user_id" = "auth_user"."id") INNER JOIN "account" ON ("transaction"."account_id" = "account"."id") INNER JOIN "auth_user" T4 ON ("account"."user_id" = T4."id") ORDER BY "transaction"."date" DESC, "transaction"."id" DESC; args=(); alias=default
DEBUG 2025-06-12 23:13:31,340 utils (0.001) SELECT "django_session"."session_key", "django_session"."session_data", "django_session"."expire_date" FROM "django_session" WHERE ("django_session"."expire_date" > '2025-06-12 17:28:31.338089' AND "django_session"."session_key" = 'a17zieaf2fyf5krcwij8axugj67vjbid') LIMIT 21; args=('2025-06-12 17:28:31.338089', 'a17zieaf2fyf5krcwij8axugj67vjbid'); alias=default
DEBUG 2025-06-12 23:13:31,350 utils (0.000) SELECT "auth_user"."id", "auth_user"."password", "auth_user"."last_login", "auth_user"."is_superuser", "auth_user"."username", "auth_user"."first_name", "auth_user"."last_name", "auth_user"."email", "auth_user"."is_staff", "auth_user"."is_active", "auth_user"."date_joined" FROM "auth_user" WHERE "auth_user"."id" = 1 LIMIT 21; args=(1,); alias=default
INFO 2025-06-12 23:13:47,671 autoreload E:\ESEWA-FINTRACK-FULLSTACK\fintrack_app\views\categorySummary.py changed, reloading.
INFO 2025-06-12 23:13:48,714 autoreload Watching for file changes with StatReloader
DEBUG 2025-06-12 23:13:49,932 utils (0.001) 
            SELECT name, type FROM sqlite_master
            WHERE type in ('table', 'view') AND NOT name='sqlite_sequence'
            ORDER BY name; args=None; alias=default
DEBUG 2025-06-12 23:13:49,937 utils (0.000) SELECT "django_migrations"."id", "django_migrations"."app", "django_migrations"."name", "django_migrations"."applied" FROM "django_migrations"; args=(); alias=default
INFO 2025-06-12 23:13:53,906 autoreload E:\ESEWA-FINTRACK-FULLSTACK\fintrack_app\views\categorySummary.py changed, reloading.
INFO 2025-06-12 23:13:54,886 autoreload Watching for file changes with StatReloader
DEBUG 2025-06-12 23:13:55,787 utils (0.001) 
            SELECT name, type FROM sqlite_master
            WHERE type in ('table', 'view') AND NOT name='sqlite_sequence'
            ORDER BY name; args=None; alias=default
DEBUG 2025-06-12 23:13:55,793 utils (0.001) SELECT "django_migrations"."id", "django_migrations"."app", "django_migrations"."name", "django_migrations"."applied" FROM "django_migrations"; args=(); alias=default
INFO 2025-06-12 23:14:02,131 autoreload E:\ESEWA-FINTRACK-FULLSTACK\fintrack_app\views\categorySummary.py changed, reloading.
INFO 2025-06-12 23:14:03,005 autoreload Watching for file changes with StatReloader
DEBUG 2025-06-12 23:14:03,841 utils (0.001) 
            SELECT name, type FROM sqlite_master
            WHERE type in ('table', 'view') AND NOT name='sqlite_sequence'
            ORDER BY name; args=None; alias=default
DEBUG 2025-06-12 23:14:03,851 utils (0.001) SELECT "django_migrations"."id", "django_migrations"."app", "django_migrations"."name", "django_migrations"."applied" FROM "django_migrations"; args=(); alias=default
INFO 2025-06-12 23:14:05,570 autoreload E:\ESEWA-FINTRACK-FULLSTACK\fintrack_app\views\categorySummary.py changed, reloading.
INFO 2025-06-12 23:14:06,385 autoreload Watching for file changes with StatReloader
DEBUG 2025-06-12 23:14:07,331 utils (0.001) 
            SELECT name, type FROM sqlite_master
            WHERE type in ('table', 'view') AND NOT name='sqlite_sequence'
            ORDER BY name; args=None; alias=default
DEBUG 2025-06-12 23:14:07,336 utils (0.000) SELECT "django_migrations"."id", "django_migrations"."app", "django_migrations"."name", "django_migrations"."applied" FROM "django_migrations"; args=(); alias=default
DEBUG 2025-06-12 23:14:11,154 utils (0.001) SELECT "django_session"."session_key", "django_session"."session_data", "django_session"."expire_date" FROM "django_session" WHERE ("django_session"."expire_date" > '2025-06-12 17:29:11.150638' AND "django_session"."session_key" = 'a17zieaf2fyf5krcwij8axugj67vjbid') LIMIT 21; args=('2025-06-12 17:29:11.150638', 'a17zieaf2fyf5krcwij8axugj67vjbid'); alias=default
DEBUG 2025-06-12 23:14:11,158 utils (0.000) SELECT "auth_user"."id", "auth_user"."password", "auth_user"."last_login", "auth_user"."is_superuser", "auth_user"."username", "auth_user"."first_name", "auth_user"."last_name", "auth_user"."email", "auth_user"."is_staff", "auth_user"."is_active", "auth_user"."date_joined" FROM "auth_user" WHERE "auth_user"."id" = 1 LIMIT 21; args=(1,); alias=default
DEBUG 2025-06-12 23:14:11,224 utils (0.000) SELECT "django_content_type"."id", "django_content_type"."app_label", "django_content_type"."model" FROM "django_content_type" WHERE ("django_content_type"."app_label" = 'fintrack_app' AND "django_content_type"."model" = 'transaction') LIMIT 21; args=('fintrack_app', 'transaction'); alias=default
DEBUG 2025-06-12 23:14:11,287 utils (0.000) SELECT "auth_user"."id", "auth_user"."password", "auth_user"."last_login", "auth_user"."is_superuser", "auth_user"."username", "auth_user"."first_name", "auth_user"."last_name", "auth_user"."email", "auth_user"."is_staff", "auth_user"."is_active", "auth_user"."date_joined" FROM "auth_user" ORDER BY "auth_user"."username" ASC; args=(); alias=default
DEBUG 2025-06-12 23:14:11,307 utils (0.000) SELECT "account"."account_type", "account"."isWallet", "account"."id", "account"."isDefault", "account"."user_id", "account"."name", "account"."account_number", "account"."wallet_number", "account"."balance", "account"."createdAt", "account"."updatedAt" FROM "account" ORDER BY "account"."createdAt" DESC; args=(); alias=default
DEBUG 2025-06-12 23:14:11,426 utils (0.001) SELECT "django_session"."session_key", "django_session"."session_data", "django_session"."expire_date" FROM "django_session" WHERE ("django_session"."expire_date" > '2025-06-12 17:29:11.422887' AND "django_session"."session_key" = 'a17zieaf2fyf5krcwij8axugj67vjbid') LIMIT 21; args=('2025-06-12 17:29:11.422887', 'a17zieaf2fyf5krcwij8axugj67vjbid'); alias=default
DEBUG 2025-06-12 23:14:11,443 utils (0.000) SELECT "auth_user"."id", "auth_user"."password", "auth_user"."last_login", "auth_user"."is_superuser", "auth_user"."username", "auth_user"."first_name", "auth_user"."last_name", "auth_user"."email", "auth_user"."is_staff", "auth_user"."is_active", "auth_user"."date_joined" FROM "auth_user" WHERE "auth_user"."id" = 1 LIMIT 21; args=(1,); alias=default
DEBUG 2025-06-12 23:14:29,420 utils (0.003) SELECT "django_session"."session_key", "django_session"."session_data", "django_session"."expire_date" FROM "django_session" WHERE ("django_session"."expire_date" > '2025-06-12 17:29:29.416107' AND "django_session"."session_key" = 'a17zieaf2fyf5krcwij8axugj67vjbid') LIMIT 21; args=('2025-06-12 17:29:29.416107', 'a17zieaf2fyf5krcwij8axugj67vjbid'); alias=default
DEBUG 2025-06-12 23:14:29,427 utils (0.001) SELECT "auth_user"."id", "auth_user"."password", "auth_user"."last_login", "auth_user"."is_superuser", "auth_user"."username", "auth_user"."first_name", "auth_user"."last_name", "auth_user"."email", "auth_user"."is_staff", "auth_user"."is_active", "auth_user"."date_joined" FROM "auth_user" WHERE "auth_user"."id" = 1 LIMIT 21; args=(1,); alias=default
DEBUG 2025-06-12 23:14:29,437 utils (0.000) BEGIN; args=None; alias=default
DEBUG 2025-06-12 23:14:29,447 utils (0.000) SELECT "auth_user"."id", "auth_user"."password", "auth_user"."last_login", "auth_user"."is_superuser", "auth_user"."username", "auth_user"."first_name", "auth_user"."last_name", "auth_user"."email", "auth_user"."is_staff", "auth_user"."is_active", "auth_user"."date_joined" FROM "auth_user" WHERE "auth_user"."id" = 1 LIMIT 21; args=(1,); alias=default
DEBUG 2025-06-12 23:14:29,452 utils (0.000) SELECT "account"."account_type", "account"."isWallet", "account"."id", "account"."isDefault", "account"."user_id", "account"."name", "account"."account_number", "account"."wallet_number", "account"."balance", "account"."createdAt", "account"."updatedAt" FROM "account" WHERE "account"."id" = 4 LIMIT 21; args=(4,); alias=default
DEBUG 2025-06-12 23:14:29,457 utils (0.000) SELECT 1 AS "a" FROM "auth_user" WHERE "auth_user"."id" = 1 LIMIT 1; args=(1, 1); alias=default
DEBUG 2025-06-12 23:14:29,462 utils (0.000) SELECT 1 AS "a" FROM "account" WHERE "account"."id" = 4 LIMIT 1; args=(1, 4); alias=default
DEBUG 2025-06-12 23:14:29,466 utils (0.000) SELECT COUNT(*) AS "__count" FROM "account" WHERE ("account"."user_id" = 1 AND "account"."id" = 4); args=(1, 4); alias=default
DEBUG 2025-06-12 23:14:29,469 utils (0.000) COMMIT; args=None; alias=default
DEBUG 2025-06-12 23:14:29,482 utils (0.000) SELECT "auth_user"."id", "auth_user"."password", "auth_user"."last_login", "auth_user"."is_superuser", "auth_user"."username", "auth_user"."first_name", "auth_user"."last_name", "auth_user"."email", "auth_user"."is_staff", "auth_user"."is_active", "auth_user"."date_joined" FROM "auth_user" ORDER BY "auth_user"."username" ASC; args=(); alias=default
DEBUG 2025-06-12 23:14:29,486 utils (0.000) SELECT "account"."account_type", "account"."isWallet", "account"."id", "account"."isDefault", "account"."user_id", "account"."name", "account"."account_number", "account"."wallet_number", "account"."balance", "account"."createdAt", "account"."updatedAt" FROM "account" ORDER BY "account"."createdAt" DESC; args=(); alias=default
DEBUG 2025-06-12 23:14:29,568 utils (0.001) SELECT "django_session"."session_key", "django_session"."session_data", "django_session"."expire_date" FROM "django_session" WHERE ("django_session"."expire_date" > '2025-06-12 17:29:29.565944' AND "django_session"."session_key" = 'a17zieaf2fyf5krcwij8axugj67vjbid') LIMIT 21; args=('2025-06-12 17:29:29.565944', 'a17zieaf2fyf5krcwij8axugj67vjbid'); alias=default
DEBUG 2025-06-12 23:14:29,575 utils (0.000) SELECT "auth_user"."id", "auth_user"."password", "auth_user"."last_login", "auth_user"."is_superuser", "auth_user"."username", "auth_user"."first_name", "auth_user"."last_name", "auth_user"."email", "auth_user"."is_staff", "auth_user"."is_active", "auth_user"."date_joined" FROM "auth_user" WHERE "auth_user"."id" = 1 LIMIT 21; args=(1,); alias=default
DEBUG 2025-06-12 23:14:37,213 utils (0.002) SELECT "django_session"."session_key", "django_session"."session_data", "django_session"."expire_date" FROM "django_session" WHERE ("django_session"."expire_date" > '2025-06-12 17:29:37.210177' AND "django_session"."session_key" = 'a17zieaf2fyf5krcwij8axugj67vjbid') LIMIT 21; args=('2025-06-12 17:29:37.210177', 'a17zieaf2fyf5krcwij8axugj67vjbid'); alias=default
DEBUG 2025-06-12 23:14:37,219 utils (0.000) SELECT "auth_user"."id", "auth_user"."password", "auth_user"."last_login", "auth_user"."is_superuser", "auth_user"."username", "auth_user"."first_name", "auth_user"."last_name", "auth_user"."email", "auth_user"."is_staff", "auth_user"."is_active", "auth_user"."date_joined" FROM "auth_user" WHERE "auth_user"."id" = 1 LIMIT 21; args=(1,); alias=default
DEBUG 2025-06-12 23:14:37,234 utils (0.000) BEGIN; args=None; alias=default
DEBUG 2025-06-12 23:14:37,244 utils (0.000) SELECT "auth_user"."id", "auth_user"."password", "auth_user"."last_login", "auth_user"."is_superuser", "auth_user"."username", "auth_user"."first_name", "auth_user"."last_name", "auth_user"."email", "auth_user"."is_staff", "auth_user"."is_active", "auth_user"."date_joined" FROM "auth_user" WHERE "auth_user"."id" = 1 LIMIT 21; args=(1,); alias=default
DEBUG 2025-06-12 23:14:37,249 utils (0.000) SELECT "account"."account_type", "account"."isWallet", "account"."id", "account"."isDefault", "account"."user_id", "account"."name", "account"."account_number", "account"."wallet_number", "account"."balance", "account"."createdAt", "account"."updatedAt" FROM "account" WHERE "account"."id" = 4 LIMIT 21; args=(4,); alias=default
DEBUG 2025-06-12 23:14:37,253 utils (0.000) SELECT 1 AS "a" FROM "auth_user" WHERE "auth_user"."id" = 1 LIMIT 1; args=(1, 1); alias=default
DEBUG 2025-06-12 23:14:37,254 utils (0.000) SELECT 1 AS "a" FROM "account" WHERE "account"."id" = 4 LIMIT 1; args=(1, 4); alias=default
DEBUG 2025-06-12 23:14:37,261 utils (0.000) SELECT COUNT(*) AS "__count" FROM "account" WHERE ("account"."user_id" = 1 AND "account"."id" = 4); args=(1, 4); alias=default
DEBUG 2025-06-12 23:14:37,263 utils (0.000) SELECT 1 AS "a" FROM "auth_user" WHERE "auth_user"."id" = 1 LIMIT 1; args=(1, 1); alias=default
DEBUG 2025-06-12 23:14:37,265 utils (0.000) SELECT 1 AS "a" FROM "account" WHERE "account"."id" = 4 LIMIT 1; args=(1, 4); alias=default
DEBUG 2025-06-12 23:14:37,267 utils (0.000) SELECT COUNT(*) AS "__count" FROM "account" WHERE ("account"."user_id" = 1 AND "account"."id" = 4); args=(1, 4); alias=default
DEBUG 2025-06-12 23:14:37,270 utils (0.001) INSERT INTO "transaction" ("user_id", "transaction_type", "account_id", "amount", "description", "date", "category", "receiptUrl", "isRecurring", "recurringInterval", "nextRecurringDate", "lastProcessedDate", "createdAt") VALUES (1, 'Ex', 4, '999', 'its fun 999', '2025-06-12 17:29:27', 'fun', '', 0, '', NULL, NULL, '2025-06-12 17:29:37.268546') RETURNING "transaction"."id"; args=(1, 'Ex', 4, Decimal('999'), 'its fun 999', '2025-06-12 17:29:27', 'fun', '', False, '', None, None, '2025-06-12 17:29:37.268546'); alias=default
DEBUG 2025-06-12 23:14:37,276 utils (0.001) INSERT INTO "django_admin_log" ("action_time", "user_id", "content_type_id", "object_id", "object_repr", "action_flag", "change_message") VALUES ('2025-06-12 17:29:37.273526', 1, 8, '11', 'fun', 1, '[{"added": {}}]') RETURNING "django_admin_log"."id"; args=('2025-06-12 17:29:37.273526', 1, 8, '11', 'fun', 1, '[{"added": {}}]'); alias=default
DEBUG 2025-06-12 23:14:37,292 utils (0.010) COMMIT; args=None; alias=default
DEBUG 2025-06-12 23:14:37,303 utils (0.001) SELECT "django_session"."session_key", "django_session"."session_data", "django_session"."expire_date" FROM "django_session" WHERE ("django_session"."expire_date" > '2025-06-12 17:29:37.300639' AND "django_session"."session_key" = 'a17zieaf2fyf5krcwij8axugj67vjbid') LIMIT 21; args=('2025-06-12 17:29:37.300639', 'a17zieaf2fyf5krcwij8axugj67vjbid'); alias=default
DEBUG 2025-06-12 23:14:37,306 utils (0.000) SELECT "auth_user"."id", "auth_user"."password", "auth_user"."last_login", "auth_user"."is_superuser", "auth_user"."username", "auth_user"."first_name", "auth_user"."last_name", "auth_user"."email", "auth_user"."is_staff", "auth_user"."is_active", "auth_user"."date_joined" FROM "auth_user" WHERE "auth_user"."id" = 1 LIMIT 21; args=(1,); alias=default
DEBUG 2025-06-12 23:14:37,314 utils (0.000) SELECT COUNT(*) AS "__count" FROM "transaction"; args=(); alias=default
DEBUG 2025-06-12 23:14:37,315 utils (0.000) SELECT COUNT(*) AS "__count" FROM "transaction"; args=(); alias=default
DEBUG 2025-06-12 23:14:37,322 utils (0.000) SELECT "transaction"."id", "transaction"."user_id", "transaction"."transaction_type", "transaction"."account_id", "transaction"."amount", "transaction"."description", "transaction"."date", "transaction"."category", "transaction"."receiptUrl", "transaction"."isRecurring", "transaction"."recurringInterval", "transaction"."nextRecurringDate", "transaction"."lastProcessedDate", "transaction"."createdAt", "auth_user"."id", "auth_user"."password", "auth_user"."last_login", "auth_user"."is_superuser", "auth_user"."username", "auth_user"."first_name", "auth_user"."last_name", "auth_user"."email", "auth_user"."is_staff", "auth_user"."is_active", "auth_user"."date_joined", "account"."account_type", "account"."isWallet", "account"."id", "account"."isDefault", "account"."user_id", "account"."name", "account"."account_number", "account"."wallet_number", "account"."balance", "account"."createdAt", "account"."updatedAt", T4."id", T4."password", T4."last_login", T4."is_superuser", T4."username", T4."first_name", T4."last_name", T4."email", T4."is_staff", T4."is_active", T4."date_joined" FROM "transaction" INNER JOIN "auth_user" ON ("transaction"."user_id" = "auth_user"."id") INNER JOIN "account" ON ("transaction"."account_id" = "account"."id") INNER JOIN "auth_user" T4 ON ("account"."user_id" = T4."id") ORDER BY "transaction"."date" DESC, "transaction"."id" DESC; args=(); alias=default
DEBUG 2025-06-12 23:14:37,435 utils (0.001) SELECT "django_session"."session_key", "django_session"."session_data", "django_session"."expire_date" FROM "django_session" WHERE ("django_session"."expire_date" > '2025-06-12 17:29:37.432715' AND "django_session"."session_key" = 'a17zieaf2fyf5krcwij8axugj67vjbid') LIMIT 21; args=('2025-06-12 17:29:37.432715', 'a17zieaf2fyf5krcwij8axugj67vjbid'); alias=default
DEBUG 2025-06-12 23:14:37,439 utils (0.000) SELECT "auth_user"."id", "auth_user"."password", "auth_user"."last_login", "auth_user"."is_superuser", "auth_user"."username", "auth_user"."first_name", "auth_user"."last_name", "auth_user"."email", "auth_user"."is_staff", "auth_user"."is_active", "auth_user"."date_joined" FROM "auth_user" WHERE "auth_user"."id" = 1 LIMIT 21; args=(1,); alias=default
DEBUG 2025-06-12 23:14:52,051 utils (0.001) SELECT "django_session"."session_key", "django_session"."session_data", "django_session"."expire_date" FROM "django_session" WHERE ("django_session"."expire_date" > '2025-06-12 17:29:52.048037' AND "django_session"."session_key" = 'a17zieaf2fyf5krcwij8axugj67vjbid') LIMIT 21; args=('2025-06-12 17:29:52.048037', 'a17zieaf2fyf5krcwij8axugj67vjbid'); alias=default
DEBUG 2025-06-12 23:14:52,054 utils (0.000) SELECT "auth_user"."id", "auth_user"."password", "auth_user"."last_login", "auth_user"."is_superuser", "auth_user"."username", "auth_user"."first_name", "auth_user"."last_name", "auth_user"."email", "auth_user"."is_staff", "auth_user"."is_active", "auth_user"."date_joined" FROM "auth_user" WHERE "auth_user"."id" = 1 LIMIT 21; args=(1,); alias=default
DEBUG 2025-06-12 23:14:52,062 utils (0.001) SELECT "fintrack_app_categorytotal"."category" AS "category", "fintrack_app_categorytotal"."total_amount" AS "total_amount" FROM "fintrack_app_categorytotal" WHERE "fintrack_app_categorytotal"."transaction_type" = 'Ex'; args=('Ex',); alias=default
INFO 2025-06-12 23:28:17,304 autoreload E:\ESEWA-FINTRACK-FULLSTACK\fintrack_app\models\account.py changed, reloading.
INFO 2025-06-12 23:28:18,739 autoreload Watching for file changes with StatReloader
DEBUG 2025-06-12 23:28:20,190 utils (0.001) 
            SELECT name, type FROM sqlite_master
            WHERE type in ('table', 'view') AND NOT name='sqlite_sequence'
            ORDER BY name; args=None; alias=default
DEBUG 2025-06-12 23:28:20,198 utils (0.000) SELECT "django_migrations"."id", "django_migrations"."app", "django_migrations"."name", "django_migrations"."applied" FROM "django_migrations"; args=(); alias=default
INFO 2025-06-12 23:28:35,984 autoreload E:\ESEWA-FINTRACK-FULLSTACK\fintrack_app\models\transaction.py changed, reloading.
INFO 2025-06-12 23:28:36,909 autoreload Watching for file changes with StatReloader
DEBUG 2025-06-12 23:28:37,686 utils (0.001) 
            SELECT name, type FROM sqlite_master
            WHERE type in ('table', 'view') AND NOT name='sqlite_sequence'
            ORDER BY name; args=None; alias=default
DEBUG 2025-06-12 23:28:37,691 utils (0.000) SELECT "django_migrations"."id", "django_migrations"."app", "django_migrations"."name", "django_migrations"."applied" FROM "django_migrations"; args=(); alias=default
INFO 2025-06-12 23:28:44,944 autoreload E:\ESEWA-FINTRACK-FULLSTACK\fintrack_app\models\budget.py changed, reloading.
INFO 2025-06-12 23:28:46,433 autoreload Watching for file changes with StatReloader
DEBUG 2025-06-12 23:28:47,558 utils (0.001) 
            SELECT name, type FROM sqlite_master
            WHERE type in ('table', 'view') AND NOT name='sqlite_sequence'
            ORDER BY name; args=None; alias=default
DEBUG 2025-06-12 23:28:47,565 utils (0.000) SELECT "django_migrations"."id", "django_migrations"."app", "django_migrations"."name", "django_migrations"."applied" FROM "django_migrations"; args=(); alias=default
INFO 2025-06-12 23:29:37,425 autoreload E:\ESEWA-FINTRACK-FULLSTACK\fintrack_app\serializers\transaction.py changed, reloading.
INFO 2025-06-12 23:29:38,393 autoreload Watching for file changes with StatReloader
DEBUG 2025-06-12 23:29:39,478 utils (0.002) 
            SELECT name, type FROM sqlite_master
            WHERE type in ('table', 'view') AND NOT name='sqlite_sequence'
            ORDER BY name; args=None; alias=default
DEBUG 2025-06-12 23:29:39,486 utils (0.000) SELECT "django_migrations"."id", "django_migrations"."app", "django_migrations"."name", "django_migrations"."applied" FROM "django_migrations"; args=(); alias=default
INFO 2025-06-12 23:29:54,359 autoreload E:\ESEWA-FINTRACK-FULLSTACK\fintrack_app\serializers\transaction.py changed, reloading.
INFO 2025-06-12 23:29:55,366 autoreload Watching for file changes with StatReloader
DEBUG 2025-06-12 23:29:56,317 utils (0.001) 
            SELECT name, type FROM sqlite_master
            WHERE type in ('table', 'view') AND NOT name='sqlite_sequence'
            ORDER BY name; args=None; alias=default
DEBUG 2025-06-12 23:29:56,324 utils (0.000) SELECT "django_migrations"."id", "django_migrations"."app", "django_migrations"."name", "django_migrations"."applied" FROM "django_migrations"; args=(); alias=default
INFO 2025-06-12 23:30:20,033 autoreload E:\ESEWA-FINTRACK-FULLSTACK\fintrack_app\serializers\transaction.py changed, reloading.
INFO 2025-06-12 23:30:21,014 autoreload Watching for file changes with StatReloader
DEBUG 2025-06-12 23:30:22,196 utils (0.001) 
            SELECT name, type FROM sqlite_master
            WHERE type in ('table', 'view') AND NOT name='sqlite_sequence'
            ORDER BY name; args=None; alias=default
DEBUG 2025-06-12 23:30:22,201 utils (0.000) SELECT "django_migrations"."id", "django_migrations"."app", "django_migrations"."name", "django_migrations"."applied" FROM "django_migrations"; args=(); alias=default
DEBUG 2025-06-12 23:31:51,302 utils (0.003) SELECT "django_session"."session_key", "django_session"."session_data", "django_session"."expire_date" FROM "django_session" WHERE ("django_session"."expire_date" > '2025-06-12 17:46:51.295870' AND "django_session"."session_key" = 'a17zieaf2fyf5krcwij8axugj67vjbid') LIMIT 21; args=('2025-06-12 17:46:51.295870', 'a17zieaf2fyf5krcwij8axugj67vjbid'); alias=default
DEBUG 2025-06-12 23:31:51,306 utils (0.000) SELECT "auth_user"."id", "auth_user"."password", "auth_user"."last_login", "auth_user"."is_superuser", "auth_user"."username", "auth_user"."first_name", "auth_user"."last_name", "auth_user"."email", "auth_user"."is_staff", "auth_user"."is_active", "auth_user"."date_joined" FROM "auth_user" WHERE "auth_user"."id" = 1 LIMIT 21; args=(1,); alias=default
DEBUG 2025-06-12 23:31:51,310 utils (0.000) SELECT "django_session"."session_key", "django_session"."session_data", "django_session"."expire_date" FROM "django_session" WHERE "django_session"."session_key" = 'a17zieaf2fyf5krcwij8axugj67vjbid' LIMIT 21; args=('a17zieaf2fyf5krcwij8axugj67vjbid',); alias=default
DEBUG 2025-06-12 23:31:51,322 utils (0.010) DELETE FROM "django_session" WHERE "django_session"."session_key" IN ('a17zieaf2fyf5krcwij8axugj67vjbid'); args=('a17zieaf2fyf5krcwij8axugj67vjbid',); alias=default
DEBUG 2025-06-12 23:31:51,339 utils (0.001) SELECT "fintrack_app_categorytotal"."category" AS "category", "fintrack_app_categorytotal"."total_amount" AS "total_amount" FROM "fintrack_app_categorytotal"; args=(); alias=default
DEBUG 2025-06-12 23:31:53,568 utils (0.004) SELECT "django_site"."id", "django_site"."domain", "django_site"."name" FROM "django_site" WHERE "django_site"."id" = 1 LIMIT 21; args=(1,); alias=default
DEBUG 2025-06-12 23:32:03,504 utils (0.002) SELECT "auth_user"."id", "auth_user"."password", "auth_user"."last_login", "auth_user"."is_superuser", "auth_user"."username", "auth_user"."first_name", "auth_user"."last_name", "auth_user"."email", "auth_user"."is_staff", "auth_user"."is_active", "auth_user"."date_joined" FROM "auth_user" WHERE "auth_user"."username" = 'ayush' LIMIT 21; args=('ayush',); alias=default
DEBUG 2025-06-12 23:32:04,604 utils (0.000) SELECT 1 AS "a" FROM "django_session" WHERE "django_session"."session_key" = 'gzku2unv6g8ghgdkckbczpwrhladypd4' LIMIT 1; args=(1, 'gzku2unv6g8ghgdkckbczpwrhladypd4'); alias=default
DEBUG 2025-06-12 23:32:04,605 utils (0.000) BEGIN; args=None; alias=default
DEBUG 2025-06-12 23:32:04,613 utils (0.007) INSERT INTO "django_session" ("session_key", "session_data", "expire_date") VALUES ('gzku2unv6g8ghgdkckbczpwrhladypd4', 'e30:1uPm12:-j0Egc7VjvI1dpNTfwXXgZT7Ug8fXzS16AekhFMuhH0', '2025-06-26 17:47:04.605815'); args=('gzku2unv6g8ghgdkckbczpwrhladypd4', 'e30:1uPm12:-j0Egc7VjvI1dpNTfwXXgZT7Ug8fXzS16AekhFMuhH0', '2025-06-26 17:47:04.605815'); alias=default
DEBUG 2025-06-12 23:32:04,626 utils (0.008) COMMIT; args=None; alias=default
DEBUG 2025-06-12 23:32:04,640 utils (0.012) UPDATE "auth_user" SET "last_login" = '2025-06-12 17:47:04.628050' WHERE "auth_user"."id" = 2; args=('2025-06-12 17:47:04.628050', 2); alias=default
DEBUG 2025-06-12 23:32:04,642 utils (0.000) BEGIN; args=None; alias=default
DEBUG 2025-06-12 23:32:04,645 utils (0.001) UPDATE "django_session" SET "session_data" = '.eJxVjEEOwiAQRe_C2hBooYBL956BzDCDVA0kpV0Z765NutDtf-_9l4iwrSVunZc4kziLQZx-N4T04LoDukO9NZlaXZcZ5a7Ig3Z5bcTPy-H-HRTo5VvzyNrkYJnH4ID8QAoTeztlDuiRnPEUjOesjMtBTSYoyInJa0Kn7SjeHwO2OIs:1uPm12:iAt8AN4dz499nUtWC50lJyFCBHYKZsodJ8G4h5PnBR0', "expire_date" = '2025-06-26 17:47:04.642547' WHERE "django_session"."session_key" = 'gzku2unv6g8ghgdkckbczpwrhladypd4'; args=('.eJxVjEEOwiAQRe_C2hBooYBL956BzDCDVA0kpV0Z765NutDtf-_9l4iwrSVunZc4kziLQZx-N4T04LoDukO9NZlaXZcZ5a7Ig3Z5bcTPy-H-HRTo5VvzyNrkYJnH4ID8QAoTeztlDuiRnPEUjOesjMtBTSYoyInJa0Kn7SjeHwO2OIs:1uPm12:iAt8AN4dz499nUtWC50lJyFCBHYKZsodJ8G4h5PnBR0', '2025-06-26 17:47:04.642547', 'gzku2unv6g8ghgdkckbczpwrhladypd4'); alias=default
DEBUG 2025-06-12 23:32:04,659 utils (0.010) COMMIT; args=None; alias=default
DEBUG 2025-06-12 23:32:04,672 utils (0.001) SELECT "django_session"."session_key", "django_session"."session_data", "django_session"."expire_date" FROM "django_session" WHERE ("django_session"."expire_date" > '2025-06-12 17:47:04.669284' AND "django_session"."session_key" = 'gzku2unv6g8ghgdkckbczpwrhladypd4') LIMIT 21; args=('2025-06-12 17:47:04.669284', 'gzku2unv6g8ghgdkckbczpwrhladypd4'); alias=default
DEBUG 2025-06-12 23:32:04,676 utils (0.000) SELECT "auth_user"."id", "auth_user"."password", "auth_user"."last_login", "auth_user"."is_superuser", "auth_user"."username", "auth_user"."first_name", "auth_user"."last_name", "auth_user"."email", "auth_user"."is_staff", "auth_user"."is_active", "auth_user"."date_joined" FROM "auth_user" WHERE "auth_user"."id" = 2 LIMIT 21; args=(2,); alias=default
DEBUG 2025-06-12 23:32:04,679 utils (0.000) SELECT "fintrack_app_categorytotal"."category" AS "category", "fintrack_app_categorytotal"."total_amount" AS "total_amount" FROM "fintrack_app_categorytotal"; args=(); alias=default
DEBUG 2025-06-12 23:32:07,916 utils (0.002) SELECT "django_session"."session_key", "django_session"."session_data", "django_session"."expire_date" FROM "django_session" WHERE ("django_session"."expire_date" > '2025-06-12 17:47:07.913551' AND "django_session"."session_key" = 'gzku2unv6g8ghgdkckbczpwrhladypd4') LIMIT 21; args=('2025-06-12 17:47:07.913551', 'gzku2unv6g8ghgdkckbczpwrhladypd4'); alias=default
DEBUG 2025-06-12 23:32:07,919 utils (0.000) SELECT "auth_user"."id", "auth_user"."password", "auth_user"."last_login", "auth_user"."is_superuser", "auth_user"."username", "auth_user"."first_name", "auth_user"."last_name", "auth_user"."email", "auth_user"."is_staff", "auth_user"."is_active", "auth_user"."date_joined" FROM "auth_user" WHERE "auth_user"."id" = 2 LIMIT 21; args=(2,); alias=default
DEBUG 2025-06-12 23:32:07,922 utils (0.000) SELECT "fintrack_app_categorytotal"."category" AS "category", "fintrack_app_categorytotal"."total_amount" AS "total_amount" FROM "fintrack_app_categorytotal"; args=(); alias=default
DEBUG 2025-06-12 23:32:20,177 utils (0.001) SELECT "django_session"."session_key", "django_session"."session_data", "django_session"."expire_date" FROM "django_session" WHERE ("django_session"."expire_date" > '2025-06-12 17:47:20.173978' AND "django_session"."session_key" = 'gzku2unv6g8ghgdkckbczpwrhladypd4') LIMIT 21; args=('2025-06-12 17:47:20.173978', 'gzku2unv6g8ghgdkckbczpwrhladypd4'); alias=default
DEBUG 2025-06-12 23:32:20,180 utils (0.000) SELECT "auth_user"."id", "auth_user"."password", "auth_user"."last_login", "auth_user"."is_superuser", "auth_user"."username", "auth_user"."first_name", "auth_user"."last_name", "auth_user"."email", "auth_user"."is_staff", "auth_user"."is_active", "auth_user"."date_joined" FROM "auth_user" WHERE "auth_user"."id" = 2 LIMIT 21; args=(2,); alias=default
DEBUG 2025-06-12 23:32:20,188 utils (0.000) SELECT "transaction"."id", "transaction"."user_id", "transaction"."transaction_type", "transaction"."account_id", "transaction"."amount", "transaction"."description", "transaction"."date", "transaction"."category", "transaction"."receiptUrl", "transaction"."isRecurring", "transaction"."recurringInterval", "transaction"."nextRecurringDate", "transaction"."lastProcessedDate", "transaction"."createdAt" FROM "transaction" ORDER BY "transaction"."date" DESC; args=(); alias=default
DEBUG 2025-06-12 23:32:20,215 utils (0.000) SELECT "auth_user"."id", "auth_user"."password", "auth_user"."last_login", "auth_user"."is_superuser", "auth_user"."username", "auth_user"."first_name", "auth_user"."last_name", "auth_user"."email", "auth_user"."is_staff", "auth_user"."is_active", "auth_user"."date_joined" FROM "auth_user" LIMIT 1000; args=(); alias=default
DEBUG 2025-06-12 23:32:20,223 utils (0.001) SELECT "account"."account_type", "account"."isWallet", "account"."id", "account"."isDefault", "account"."user_id", "account"."name", "account"."account_number", "account"."wallet_number", "account"."balance", "account"."createdAt", "account"."updatedAt" FROM "account" ORDER BY "account"."createdAt" DESC LIMIT 1000; args=(); alias=default
DEBUG 2025-06-12 23:32:51,882 utils (0.001) SELECT "django_session"."session_key", "django_session"."session_data", "django_session"."expire_date" FROM "django_session" WHERE ("django_session"."expire_date" > '2025-06-12 17:47:51.879450' AND "django_session"."session_key" = 'gzku2unv6g8ghgdkckbczpwrhladypd4') LIMIT 21; args=('2025-06-12 17:47:51.879450', 'gzku2unv6g8ghgdkckbczpwrhladypd4'); alias=default
DEBUG 2025-06-12 23:32:51,885 utils (0.000) SELECT "auth_user"."id", "auth_user"."password", "auth_user"."last_login", "auth_user"."is_superuser", "auth_user"."username", "auth_user"."first_name", "auth_user"."last_name", "auth_user"."email", "auth_user"."is_staff", "auth_user"."is_active", "auth_user"."date_joined" FROM "auth_user" WHERE "auth_user"."id" = 2 LIMIT 21; args=(2,); alias=default
DEBUG 2025-06-12 23:32:51,889 utils (0.000) SELECT "transaction"."id", "transaction"."user_id", "transaction"."transaction_type", "transaction"."account_id", "transaction"."amount", "transaction"."description", "transaction"."date", "transaction"."category", "transaction"."receiptUrl", "transaction"."isRecurring", "transaction"."recurringInterval", "transaction"."nextRecurringDate", "transaction"."lastProcessedDate", "transaction"."createdAt" FROM "transaction" ORDER BY "transaction"."date" DESC; args=(); alias=default
DEBUG 2025-06-12 23:32:51,944 utils (0.000) SELECT "auth_user"."id", "auth_user"."password", "auth_user"."last_login", "auth_user"."is_superuser", "auth_user"."username", "auth_user"."first_name", "auth_user"."last_name", "auth_user"."email", "auth_user"."is_staff", "auth_user"."is_active", "auth_user"."date_joined" FROM "auth_user" LIMIT 1000; args=(); alias=default
DEBUG 2025-06-12 23:32:52,020 utils (0.001) SELECT "account"."account_type", "account"."isWallet", "account"."id", "account"."isDefault", "account"."user_id", "account"."name", "account"."account_number", "account"."wallet_number", "account"."balance", "account"."createdAt", "account"."updatedAt" FROM "account" ORDER BY "account"."createdAt" DESC LIMIT 1000; args=(); alias=default
DEBUG 2025-06-12 23:33:09,861 utils (0.002) SELECT "django_session"."session_key", "django_session"."session_data", "django_session"."expire_date" FROM "django_session" WHERE ("django_session"."expire_date" > '2025-06-12 17:48:09.857040' AND "django_session"."session_key" = 'gzku2unv6g8ghgdkckbczpwrhladypd4') LIMIT 21; args=('2025-06-12 17:48:09.857040', 'gzku2unv6g8ghgdkckbczpwrhladypd4'); alias=default
DEBUG 2025-06-12 23:33:09,865 utils (0.000) SELECT "auth_user"."id", "auth_user"."password", "auth_user"."last_login", "auth_user"."is_superuser", "auth_user"."username", "auth_user"."first_name", "auth_user"."last_name", "auth_user"."email", "auth_user"."is_staff", "auth_user"."is_active", "auth_user"."date_joined" FROM "auth_user" WHERE "auth_user"."id" = 2 LIMIT 21; args=(2,); alias=default
DEBUG 2025-06-12 23:33:09,899 utils (0.001) SELECT "django_session"."session_key", "django_session"."session_data", "django_session"."expire_date" FROM "django_session" WHERE ("django_session"."expire_date" > '2025-06-12 17:48:09.896200' AND "django_session"."session_key" = 'gzku2unv6g8ghgdkckbczpwrhladypd4') LIMIT 21; args=('2025-06-12 17:48:09.896200', 'gzku2unv6g8ghgdkckbczpwrhladypd4'); alias=default
DEBUG 2025-06-12 23:33:09,902 utils (0.000) SELECT "auth_user"."id", "auth_user"."password", "auth_user"."last_login", "auth_user"."is_superuser", "auth_user"."username", "auth_user"."first_name", "auth_user"."last_name", "auth_user"."email", "auth_user"."is_staff", "auth_user"."is_active", "auth_user"."date_joined" FROM "auth_user" WHERE "auth_user"."id" = 2 LIMIT 21; args=(2,); alias=default
DEBUG 2025-06-12 23:33:09,910 utils (0.000) SELECT "django_content_type"."app_label" AS "content_type__app_label", "auth_permission"."codename" AS "codename" FROM "auth_permission" INNER JOIN "auth_user_user_permissions" ON ("auth_permission"."id" = "auth_user_user_permissions"."permission_id") INNER JOIN "django_content_type" ON ("auth_permission"."content_type_id" = "django_content_type"."id") WHERE "auth_user_user_permissions"."user_id" = 2; args=(2,); alias=default
DEBUG 2025-06-12 23:33:09,918 utils (0.001) SELECT "django_content_type"."app_label" AS "content_type__app_label", "auth_permission"."codename" AS "codename" FROM "auth_permission" INNER JOIN "auth_group_permissions" ON ("auth_permission"."id" = "auth_group_permissions"."permission_id") INNER JOIN "django_content_type" ON ("auth_permission"."content_type_id" = "django_content_type"."id") WHERE "auth_group_permissions"."group_id" IN (SELECT U0."id" FROM "auth_group" U0 INNER JOIN "auth_user_groups" U1 ON (U0."id" = U1."group_id") WHERE U1."user_id" = 2); args=(2,); alias=default
DEBUG 2025-06-12 23:33:11,996 utils (0.001) SELECT "django_session"."session_key", "django_session"."session_data", "django_session"."expire_date" FROM "django_session" WHERE ("django_session"."expire_date" > '2025-06-12 17:48:11.993377' AND "django_session"."session_key" = 'gzku2unv6g8ghgdkckbczpwrhladypd4') LIMIT 21; args=('2025-06-12 17:48:11.993377', 'gzku2unv6g8ghgdkckbczpwrhladypd4'); alias=default
DEBUG 2025-06-12 23:33:12,000 utils (0.000) SELECT "auth_user"."id", "auth_user"."password", "auth_user"."last_login", "auth_user"."is_superuser", "auth_user"."username", "auth_user"."first_name", "auth_user"."last_name", "auth_user"."email", "auth_user"."is_staff", "auth_user"."is_active", "auth_user"."date_joined" FROM "auth_user" WHERE "auth_user"."id" = 2 LIMIT 21; args=(2,); alias=default
DEBUG 2025-06-12 23:33:12,019 utils (0.001) SELECT "django_session"."session_key", "django_session"."session_data", "django_session"."expire_date" FROM "django_session" WHERE ("django_session"."expire_date" > '2025-06-12 17:48:12.016944' AND "django_session"."session_key" = 'gzku2unv6g8ghgdkckbczpwrhladypd4') LIMIT 21; args=('2025-06-12 17:48:12.016944', 'gzku2unv6g8ghgdkckbczpwrhladypd4'); alias=default
DEBUG 2025-06-12 23:33:12,021 utils (0.000) SELECT "auth_user"."id", "auth_user"."password", "auth_user"."last_login", "auth_user"."is_superuser", "auth_user"."username", "auth_user"."first_name", "auth_user"."last_name", "auth_user"."email", "auth_user"."is_staff", "auth_user"."is_active", "auth_user"."date_joined" FROM "auth_user" WHERE "auth_user"."id" = 2 LIMIT 21; args=(2,); alias=default
DEBUG 2025-06-12 23:33:12,024 utils (0.000) SELECT "django_content_type"."app_label" AS "content_type__app_label", "auth_permission"."codename" AS "codename" FROM "auth_permission" INNER JOIN "auth_user_user_permissions" ON ("auth_permission"."id" = "auth_user_user_permissions"."permission_id") INNER JOIN "django_content_type" ON ("auth_permission"."content_type_id" = "django_content_type"."id") WHERE "auth_user_user_permissions"."user_id" = 2; args=(2,); alias=default
DEBUG 2025-06-12 23:33:12,027 utils (0.001) SELECT "django_content_type"."app_label" AS "content_type__app_label", "auth_permission"."codename" AS "codename" FROM "auth_permission" INNER JOIN "auth_group_permissions" ON ("auth_permission"."id" = "auth_group_permissions"."permission_id") INNER JOIN "django_content_type" ON ("auth_permission"."content_type_id" = "django_content_type"."id") WHERE "auth_group_permissions"."group_id" IN (SELECT U0."id" FROM "auth_group" U0 INNER JOIN "auth_user_groups" U1 ON (U0."id" = U1."group_id") WHERE U1."user_id" = 2); args=(2,); alias=default
DEBUG 2025-06-12 23:33:16,736 utils (0.001) SELECT "django_session"."session_key", "django_session"."session_data", "django_session"."expire_date" FROM "django_session" WHERE ("django_session"."expire_date" > '2025-06-12 17:48:16.733362' AND "django_session"."session_key" = 'gzku2unv6g8ghgdkckbczpwrhladypd4') LIMIT 21; args=('2025-06-12 17:48:16.733362', 'gzku2unv6g8ghgdkckbczpwrhladypd4'); alias=default
DEBUG 2025-06-12 23:33:16,740 utils (0.000) SELECT "auth_user"."id", "auth_user"."password", "auth_user"."last_login", "auth_user"."is_superuser", "auth_user"."username", "auth_user"."first_name", "auth_user"."last_name", "auth_user"."email", "auth_user"."is_staff", "auth_user"."is_active", "auth_user"."date_joined" FROM "auth_user" WHERE "auth_user"."id" = 2 LIMIT 21; args=(2,); alias=default
DEBUG 2025-06-12 23:33:16,748 utils (0.000) SELECT "django_content_type"."app_label" AS "content_type__app_label", "auth_permission"."codename" AS "codename" FROM "auth_permission" INNER JOIN "auth_user_user_permissions" ON ("auth_permission"."id" = "auth_user_user_permissions"."permission_id") INNER JOIN "django_content_type" ON ("auth_permission"."content_type_id" = "django_content_type"."id") WHERE "auth_user_user_permissions"."user_id" = 2; args=(2,); alias=default
DEBUG 2025-06-12 23:33:16,755 utils (0.000) SELECT "django_content_type"."app_label" AS "content_type__app_label", "auth_permission"."codename" AS "codename" FROM "auth_permission" INNER JOIN "auth_group_permissions" ON ("auth_permission"."id" = "auth_group_permissions"."permission_id") INNER JOIN "django_content_type" ON ("auth_permission"."content_type_id" = "django_content_type"."id") WHERE "auth_group_permissions"."group_id" IN (SELECT U0."id" FROM "auth_group" U0 INNER JOIN "auth_user_groups" U1 ON (U0."id" = U1."group_id") WHERE U1."user_id" = 2); args=(2,); alias=default
DEBUG 2025-06-12 23:33:16,759 utils (0.000) SELECT "auth_user"."id", "auth_user"."password", "auth_user"."last_login", "auth_user"."is_superuser", "auth_user"."username", "auth_user"."first_name", "auth_user"."last_name", "auth_user"."email", "auth_user"."is_staff", "auth_user"."is_active", "auth_user"."date_joined" FROM "auth_user" WHERE "auth_user"."username" = 'admin' LIMIT 21; args=('admin',); alias=default
DEBUG 2025-06-12 23:33:17,937 utils (0.000) SELECT "django_session"."session_key", "django_session"."session_data", "django_session"."expire_date" FROM "django_session" WHERE "django_session"."session_key" = 'gzku2unv6g8ghgdkckbczpwrhladypd4' LIMIT 21; args=('gzku2unv6g8ghgdkckbczpwrhladypd4',); alias=default
DEBUG 2025-06-12 23:33:17,950 utils (0.012) DELETE FROM "django_session" WHERE "django_session"."session_key" IN ('gzku2unv6g8ghgdkckbczpwrhladypd4'); args=('gzku2unv6g8ghgdkckbczpwrhladypd4',); alias=default
DEBUG 2025-06-12 23:33:17,957 utils (0.006) UPDATE "auth_user" SET "last_login" = '2025-06-12 17:48:17.951525' WHERE "auth_user"."id" = 1; args=('2025-06-12 17:48:17.951525', 1); alias=default
DEBUG 2025-06-12 23:33:17,959 utils (0.000) SELECT 1 AS "a" FROM "django_session" WHERE "django_session"."session_key" = 'bvol7mc9zzvaxcqmo5q5l9jucpbclmqi' LIMIT 1; args=(1, 'bvol7mc9zzvaxcqmo5q5l9jucpbclmqi'); alias=default
DEBUG 2025-06-12 23:33:17,963 utils (0.000) BEGIN; args=None; alias=default
DEBUG 2025-06-12 23:33:17,967 utils (0.002) INSERT INTO "django_session" ("session_key", "session_data", "expire_date") VALUES ('bvol7mc9zzvaxcqmo5q5l9jucpbclmqi', '.eJxVjEEOwiAQRe_C2hAYBlpcuvcMBJipVA0kpV0Z765NutDtf-_9lwhxW0vYOi9hJnEWWpx-txTzg-sO6B7rrcnc6rrMSe6KPGiX10b8vBzu30GJvXxrUCM5zDgoZDs5Pym27CyNPqPK5FmDs5wiDRB1tkiAxoBjYDA2JRTvD9dmN54:1uPm2D:95WM8SMRswlwY_2LWWuO_AUokaO24d4HLHxS5L0RoMM', '2025-06-26 17:48:17.963429'); args=('bvol7mc9zzvaxcqmo5q5l9jucpbclmqi', '.eJxVjEEOwiAQRe_C2hAYBlpcuvcMBJipVA0kpV0Z765NutDtf-_9lwhxW0vYOi9hJnEWWpx-txTzg-sO6B7rrcnc6rrMSe6KPGiX10b8vBzu30GJvXxrUCM5zDgoZDs5Pym27CyNPqPK5FmDs5wiDRB1tkiAxoBjYDA2JRTvD9dmN54:1uPm2D:95WM8SMRswlwY_2LWWuO_AUokaO24d4HLHxS5L0RoMM', '2025-06-26 17:48:17.963429'); alias=default
DEBUG 2025-06-12 23:33:17,975 utils (0.006) COMMIT; args=None; alias=default
DEBUG 2025-06-12 23:33:17,988 utils (0.001) SELECT "django_session"."session_key", "django_session"."session_data", "django_session"."expire_date" FROM "django_session" WHERE ("django_session"."expire_date" > '2025-06-12 17:48:17.987224' AND "django_session"."session_key" = 'bvol7mc9zzvaxcqmo5q5l9jucpbclmqi') LIMIT 21; args=('2025-06-12 17:48:17.987224', 'bvol7mc9zzvaxcqmo5q5l9jucpbclmqi'); alias=default
DEBUG 2025-06-12 23:33:17,991 utils (0.000) SELECT "auth_user"."id", "auth_user"."password", "auth_user"."last_login", "auth_user"."is_superuser", "auth_user"."username", "auth_user"."first_name", "auth_user"."last_name", "auth_user"."email", "auth_user"."is_staff", "auth_user"."is_active", "auth_user"."date_joined" FROM "auth_user" WHERE "auth_user"."id" = 1 LIMIT 21; args=(1,); alias=default
DEBUG 2025-06-12 23:33:17,994 utils (0.000) SELECT COUNT(*) AS "__count" FROM "transaction"; args=(); alias=default
DEBUG 2025-06-12 23:33:17,997 utils (0.000) SELECT COUNT(*) AS "__count" FROM "transaction"; args=(); alias=default
DEBUG 2025-06-12 23:33:18,004 utils (0.001) SELECT "transaction"."id", "transaction"."user_id", "transaction"."transaction_type", "transaction"."account_id", "transaction"."amount", "transaction"."description", "transaction"."date", "transaction"."category", "transaction"."receiptUrl", "transaction"."isRecurring", "transaction"."recurringInterval", "transaction"."nextRecurringDate", "transaction"."lastProcessedDate", "transaction"."createdAt", "auth_user"."id", "auth_user"."password", "auth_user"."last_login", "auth_user"."is_superuser", "auth_user"."username", "auth_user"."first_name", "auth_user"."last_name", "auth_user"."email", "auth_user"."is_staff", "auth_user"."is_active", "auth_user"."date_joined", "account"."account_type", "account"."isWallet", "account"."id", "account"."isDefault", "account"."user_id", "account"."name", "account"."account_number", "account"."wallet_number", "account"."balance", "account"."createdAt", "account"."updatedAt", T4."id", T4."password", T4."last_login", T4."is_superuser", T4."username", T4."first_name", T4."last_name", T4."email", T4."is_staff", T4."is_active", T4."date_joined" FROM "transaction" INNER JOIN "auth_user" ON ("transaction"."user_id" = "auth_user"."id") INNER JOIN "account" ON ("transaction"."account_id" = "account"."id") INNER JOIN "auth_user" T4 ON ("account"."user_id" = T4."id") ORDER BY "transaction"."date" DESC, "transaction"."id" DESC; args=(); alias=default
DEBUG 2025-06-12 23:33:18,134 utils (0.001) SELECT "django_session"."session_key", "django_session"."session_data", "django_session"."expire_date" FROM "django_session" WHERE ("django_session"."expire_date" > '2025-06-12 17:48:18.131899' AND "django_session"."session_key" = 'bvol7mc9zzvaxcqmo5q5l9jucpbclmqi') LIMIT 21; args=('2025-06-12 17:48:18.131899', 'bvol7mc9zzvaxcqmo5q5l9jucpbclmqi'); alias=default
DEBUG 2025-06-12 23:33:18,144 utils (0.000) SELECT "auth_user"."id", "auth_user"."password", "auth_user"."last_login", "auth_user"."is_superuser", "auth_user"."username", "auth_user"."first_name", "auth_user"."last_name", "auth_user"."email", "auth_user"."is_staff", "auth_user"."is_active", "auth_user"."date_joined" FROM "auth_user" WHERE "auth_user"."id" = 1 LIMIT 21; args=(1,); alias=default
DEBUG 2025-06-12 23:33:23,190 utils (0.001) SELECT "django_session"."session_key", "django_session"."session_data", "django_session"."expire_date" FROM "django_session" WHERE ("django_session"."expire_date" > '2025-06-12 17:48:23.188579' AND "django_session"."session_key" = 'bvol7mc9zzvaxcqmo5q5l9jucpbclmqi') LIMIT 21; args=('2025-06-12 17:48:23.188579', 'bvol7mc9zzvaxcqmo5q5l9jucpbclmqi'); alias=default
DEBUG 2025-06-12 23:33:23,195 utils (0.000) SELECT "auth_user"."id", "auth_user"."password", "auth_user"."last_login", "auth_user"."is_superuser", "auth_user"."username", "auth_user"."first_name", "auth_user"."last_name", "auth_user"."email", "auth_user"."is_staff", "auth_user"."is_active", "auth_user"."date_joined" FROM "auth_user" WHERE "auth_user"."id" = 1 LIMIT 21; args=(1,); alias=default
DEBUG 2025-06-12 23:33:23,200 utils (0.000) SELECT "transaction"."id", "transaction"."user_id", "transaction"."transaction_type", "transaction"."account_id", "transaction"."amount", "transaction"."description", "transaction"."date", "transaction"."category", "transaction"."receiptUrl", "transaction"."isRecurring", "transaction"."recurringInterval", "transaction"."nextRecurringDate", "transaction"."lastProcessedDate", "transaction"."createdAt" FROM "transaction" WHERE "transaction"."id" = 11 LIMIT 21; args=(11,); alias=default
DEBUG 2025-06-12 23:33:23,282 utils (0.001) SELECT "django_content_type"."id", "django_content_type"."app_label", "django_content_type"."model" FROM "django_content_type" WHERE ("django_content_type"."app_label" = 'fintrack_app' AND "django_content_type"."model" = 'transaction') LIMIT 21; args=('fintrack_app', 'transaction'); alias=default
DEBUG 2025-06-12 23:33:23,365 utils (0.000) SELECT "auth_user"."id", "auth_user"."password", "auth_user"."last_login", "auth_user"."is_superuser", "auth_user"."username", "auth_user"."first_name", "auth_user"."last_name", "auth_user"."email", "auth_user"."is_staff", "auth_user"."is_active", "auth_user"."date_joined" FROM "auth_user" ORDER BY "auth_user"."username" ASC; args=(); alias=default
DEBUG 2025-06-12 23:33:23,390 utils (0.000) SELECT "account"."account_type", "account"."isWallet", "account"."id", "account"."isDefault", "account"."user_id", "account"."name", "account"."account_number", "account"."wallet_number", "account"."balance", "account"."createdAt", "account"."updatedAt" FROM "account" ORDER BY "account"."createdAt" DESC; args=(); alias=default
DEBUG 2025-06-12 23:33:23,476 utils (0.002) SELECT "django_session"."session_key", "django_session"."session_data", "django_session"."expire_date" FROM "django_session" WHERE ("django_session"."expire_date" > '2025-06-12 17:48:23.471218' AND "django_session"."session_key" = 'bvol7mc9zzvaxcqmo5q5l9jucpbclmqi') LIMIT 21; args=('2025-06-12 17:48:23.471218', 'bvol7mc9zzvaxcqmo5q5l9jucpbclmqi'); alias=default
DEBUG 2025-06-12 23:33:23,486 utils (0.000) SELECT "auth_user"."id", "auth_user"."password", "auth_user"."last_login", "auth_user"."is_superuser", "auth_user"."username", "auth_user"."first_name", "auth_user"."last_name", "auth_user"."email", "auth_user"."is_staff", "auth_user"."is_active", "auth_user"."date_joined" FROM "auth_user" WHERE "auth_user"."id" = 1 LIMIT 21; args=(1,); alias=default
DEBUG 2025-06-12 23:36:55,789 utils (0.001) SELECT "django_session"."session_key", "django_session"."session_data", "django_session"."expire_date" FROM "django_session" WHERE ("django_session"."expire_date" > '2025-06-12 17:51:55.787501' AND "django_session"."session_key" = 'bvol7mc9zzvaxcqmo5q5l9jucpbclmqi') LIMIT 21; args=('2025-06-12 17:51:55.787501', 'bvol7mc9zzvaxcqmo5q5l9jucpbclmqi'); alias=default
DEBUG 2025-06-12 23:36:55,792 utils (0.000) SELECT "auth_user"."id", "auth_user"."password", "auth_user"."last_login", "auth_user"."is_superuser", "auth_user"."username", "auth_user"."first_name", "auth_user"."last_name", "auth_user"."email", "auth_user"."is_staff", "auth_user"."is_active", "auth_user"."date_joined" FROM "auth_user" WHERE "auth_user"."id" = 1 LIMIT 21; args=(1,); alias=default
DEBUG 2025-06-12 23:36:55,795 utils (0.000) SELECT "account"."account_type", "account"."isWallet", "account"."id", "account"."isDefault", "account"."user_id", "account"."name", "account"."account_number", "account"."wallet_number", "account"."balance", "account"."createdAt", "account"."updatedAt" FROM "account" ORDER BY "account"."createdAt" DESC; args=(); alias=default
DEBUG 2025-06-12 23:36:55,804 utils (0.000) SELECT "auth_user"."id", "auth_user"."password", "auth_user"."last_login", "auth_user"."is_superuser", "auth_user"."username", "auth_user"."first_name", "auth_user"."last_name", "auth_user"."email", "auth_user"."is_staff", "auth_user"."is_active", "auth_user"."date_joined" FROM "auth_user" LIMIT 1000; args=(); alias=default
DEBUG 2025-06-12 23:37:06,340 utils (0.002) SELECT "django_session"."session_key", "django_session"."session_data", "django_session"."expire_date" FROM "django_session" WHERE ("django_session"."expire_date" > '2025-06-12 17:52:06.335335' AND "django_session"."session_key" = 'bvol7mc9zzvaxcqmo5q5l9jucpbclmqi') LIMIT 21; args=('2025-06-12 17:52:06.335335', 'bvol7mc9zzvaxcqmo5q5l9jucpbclmqi'); alias=default
DEBUG 2025-06-12 23:37:06,352 utils (0.004) SELECT "auth_user"."id", "auth_user"."password", "auth_user"."last_login", "auth_user"."is_superuser", "auth_user"."username", "auth_user"."first_name", "auth_user"."last_name", "auth_user"."email", "auth_user"."is_staff", "auth_user"."is_active", "auth_user"."date_joined" FROM "auth_user" WHERE "auth_user"."id" = 1 LIMIT 21; args=(1,); alias=default
DEBUG 2025-06-12 23:37:06,369 utils (0.001) SELECT "django_session"."session_key", "django_session"."session_data", "django_session"."expire_date" FROM "django_session" WHERE "django_session"."session_key" = 'bvol7mc9zzvaxcqmo5q5l9jucpbclmqi' LIMIT 21; args=('bvol7mc9zzvaxcqmo5q5l9jucpbclmqi',); alias=default
DEBUG 2025-06-12 23:37:06,380 utils (0.007) DELETE FROM "django_session" WHERE "django_session"."session_key" IN ('bvol7mc9zzvaxcqmo5q5l9jucpbclmqi'); args=('bvol7mc9zzvaxcqmo5q5l9jucpbclmqi',); alias=default
DEBUG 2025-06-12 23:37:06,394 utils (0.002) SELECT "account"."account_type", "account"."isWallet", "account"."id", "account"."isDefault", "account"."user_id", "account"."name", "account"."account_number", "account"."wallet_number", "account"."balance", "account"."createdAt", "account"."updatedAt" FROM "account" ORDER BY "account"."createdAt" DESC; args=(); alias=default
DEBUG 2025-06-12 23:37:06,408 utils (0.000) SELECT "auth_user"."id", "auth_user"."password", "auth_user"."last_login", "auth_user"."is_superuser", "auth_user"."username", "auth_user"."first_name", "auth_user"."last_name", "auth_user"."email", "auth_user"."is_staff", "auth_user"."is_active", "auth_user"."date_joined" FROM "auth_user" LIMIT 1000; args=(); alias=default
DEBUG 2025-06-12 23:37:21,237 utils (0.002) SELECT "auth_user"."id", "auth_user"."password", "auth_user"."last_login", "auth_user"."is_superuser", "auth_user"."username", "auth_user"."first_name", "auth_user"."last_name", "auth_user"."email", "auth_user"."is_staff", "auth_user"."is_active", "auth_user"."date_joined" FROM "auth_user" WHERE "auth_user"."username" = 'ayush' LIMIT 21; args=('ayush',); alias=default
DEBUG 2025-06-12 23:37:22,289 utils (0.000) SELECT 1 AS "a" FROM "django_session" WHERE "django_session"."session_key" = '0s6oj3hlw92k2oz8wrd5t8asramp3k2n' LIMIT 1; args=(1, '0s6oj3hlw92k2oz8wrd5t8asramp3k2n'); alias=default
DEBUG 2025-06-12 23:37:22,291 utils (0.000) BEGIN; args=None; alias=default
DEBUG 2025-06-12 23:37:22,297 utils (0.005) INSERT INTO "django_session" ("session_key", "session_data", "expire_date") VALUES ('0s6oj3hlw92k2oz8wrd5t8asramp3k2n', 'e30:1uPm6A:H1kPCXncbLuBX3crXyOaIN8d_wpDuywVDr1CzgJTtDw', '2025-06-26 17:52:22.291114'); args=('0s6oj3hlw92k2oz8wrd5t8asramp3k2n', 'e30:1uPm6A:H1kPCXncbLuBX3crXyOaIN8d_wpDuywVDr1CzgJTtDw', '2025-06-26 17:52:22.291114'); alias=default
DEBUG 2025-06-12 23:37:22,308 utils (0.006) COMMIT; args=None; alias=default
DEBUG 2025-06-12 23:37:22,321 utils (0.008) UPDATE "auth_user" SET "last_login" = '2025-06-12 17:52:22.313678' WHERE "auth_user"."id" = 2; args=('2025-06-12 17:52:22.313678', 2); alias=default
DEBUG 2025-06-12 23:37:22,324 utils (0.000) BEGIN; args=None; alias=default
DEBUG 2025-06-12 23:37:22,327 utils (0.001) UPDATE "django_session" SET "session_data" = '.eJxVjEEOwiAQRe_C2hBooYBL956BzDCDVA0kpV0Z765NutDtf-_9l4iwrSVunZc4kziLQZx-N4T04LoDukO9NZlaXZcZ5a7Ig3Z5bcTPy-H-HRTo5VvzyNrkYJnH4ID8QAoTeztlDuiRnPEUjOesjMtBTSYoyInJa0Kn7SjeHwO2OIs:1uPm6A:N6g5dZ5KzScm6nfJpRWYNe2YOCN1O5K1ug2KvU8C7NM', "expire_date" = '2025-06-26 17:52:22.324580' WHERE "django_session"."session_key" = '0s6oj3hlw92k2oz8wrd5t8asramp3k2n'; args=('.eJxVjEEOwiAQRe_C2hBooYBL956BzDCDVA0kpV0Z765NutDtf-_9l4iwrSVunZc4kziLQZx-N4T04LoDukO9NZlaXZcZ5a7Ig3Z5bcTPy-H-HRTo5VvzyNrkYJnH4ID8QAoTeztlDuiRnPEUjOesjMtBTSYoyInJa0Kn7SjeHwO2OIs:1uPm6A:N6g5dZ5KzScm6nfJpRWYNe2YOCN1O5K1ug2KvU8C7NM', '2025-06-26 17:52:22.324580', '0s6oj3hlw92k2oz8wrd5t8asramp3k2n'); alias=default
DEBUG 2025-06-12 23:37:22,346 utils (0.010) COMMIT; args=None; alias=default
DEBUG 2025-06-12 23:37:22,356 utils (0.001) SELECT "django_session"."session_key", "django_session"."session_data", "django_session"."expire_date" FROM "django_session" WHERE ("django_session"."expire_date" > '2025-06-12 17:52:22.355230' AND "django_session"."session_key" = '0s6oj3hlw92k2oz8wrd5t8asramp3k2n') LIMIT 21; args=('2025-06-12 17:52:22.355230', '0s6oj3hlw92k2oz8wrd5t8asramp3k2n'); alias=default
DEBUG 2025-06-12 23:37:22,362 utils (0.000) SELECT "auth_user"."id", "auth_user"."password", "auth_user"."last_login", "auth_user"."is_superuser", "auth_user"."username", "auth_user"."first_name", "auth_user"."last_name", "auth_user"."email", "auth_user"."is_staff", "auth_user"."is_active", "auth_user"."date_joined" FROM "auth_user" WHERE "auth_user"."id" = 2 LIMIT 21; args=(2,); alias=default
DEBUG 2025-06-12 23:37:22,369 utils (0.000) SELECT "account"."account_type", "account"."isWallet", "account"."id", "account"."isDefault", "account"."user_id", "account"."name", "account"."account_number", "account"."wallet_number", "account"."balance", "account"."createdAt", "account"."updatedAt" FROM "account" ORDER BY "account"."createdAt" DESC; args=(); alias=default
DEBUG 2025-06-12 23:37:22,383 utils (0.000) SELECT "auth_user"."id", "auth_user"."password", "auth_user"."last_login", "auth_user"."is_superuser", "auth_user"."username", "auth_user"."first_name", "auth_user"."last_name", "auth_user"."email", "auth_user"."is_staff", "auth_user"."is_active", "auth_user"."date_joined" FROM "auth_user" LIMIT 1000; args=(); alias=default
INFO 2025-06-12 23:37:47,551 autoreload E:\ESEWA-FINTRACK-FULLSTACK\fintrack_app\views\account.py changed, reloading.
INFO 2025-06-12 23:37:49,168 autoreload Watching for file changes with StatReloader
DEBUG 2025-06-12 23:37:50,129 utils (0.001) 
            SELECT name, type FROM sqlite_master
            WHERE type in ('table', 'view') AND NOT name='sqlite_sequence'
            ORDER BY name; args=None; alias=default
DEBUG 2025-06-12 23:37:50,138 utils (0.001) SELECT "django_migrations"."id", "django_migrations"."app", "django_migrations"."name", "django_migrations"."applied" FROM "django_migrations"; args=(); alias=default
INFO 2025-06-12 23:37:52,065 autoreload E:\ESEWA-FINTRACK-FULLSTACK\fintrack_app\views\account.py changed, reloading.
INFO 2025-06-12 23:37:53,115 autoreload Watching for file changes with StatReloader
DEBUG 2025-06-12 23:37:54,087 utils (0.001) 
            SELECT name, type FROM sqlite_master
            WHERE type in ('table', 'view') AND NOT name='sqlite_sequence'
            ORDER BY name; args=None; alias=default
DEBUG 2025-06-12 23:37:54,103 utils (0.001) SELECT "django_migrations"."id", "django_migrations"."app", "django_migrations"."name", "django_migrations"."applied" FROM "django_migrations"; args=(); alias=default
INFO 2025-06-12 23:37:56,291 autoreload E:\ESEWA-FINTRACK-FULLSTACK\fintrack_app\views\account.py changed, reloading.
INFO 2025-06-12 23:37:57,294 autoreload Watching for file changes with StatReloader
DEBUG 2025-06-12 23:37:58,168 utils (0.001) 
            SELECT name, type FROM sqlite_master
            WHERE type in ('table', 'view') AND NOT name='sqlite_sequence'
            ORDER BY name; args=None; alias=default
DEBUG 2025-06-12 23:37:58,175 utils (0.000) SELECT "django_migrations"."id", "django_migrations"."app", "django_migrations"."name", "django_migrations"."applied" FROM "django_migrations"; args=(); alias=default
INFO 2025-06-12 23:38:02,670 autoreload E:\ESEWA-FINTRACK-FULLSTACK\fintrack_app\views\account.py changed, reloading.
INFO 2025-06-12 23:38:03,554 autoreload Watching for file changes with StatReloader
DEBUG 2025-06-12 23:38:04,567 utils (0.001) 
            SELECT name, type FROM sqlite_master
            WHERE type in ('table', 'view') AND NOT name='sqlite_sequence'
            ORDER BY name; args=None; alias=default
DEBUG 2025-06-12 23:38:04,574 utils (0.001) SELECT "django_migrations"."id", "django_migrations"."app", "django_migrations"."name", "django_migrations"."applied" FROM "django_migrations"; args=(); alias=default
INFO 2025-06-12 23:38:08,890 autoreload E:\ESEWA-FINTRACK-FULLSTACK\fintrack_app\views\account.py changed, reloading.
INFO 2025-06-12 23:38:09,687 autoreload Watching for file changes with StatReloader
INFO 2025-06-12 23:38:14,121 autoreload E:\ESEWA-FINTRACK-FULLSTACK\fintrack_app\views\account.py changed, reloading.
INFO 2025-06-12 23:38:15,170 autoreload Watching for file changes with StatReloader
INFO 2025-06-12 23:38:17,810 autoreload E:\ESEWA-FINTRACK-FULLSTACK\fintrack_app\views\account.py changed, reloading.
INFO 2025-06-12 23:38:19,096 autoreload Watching for file changes with StatReloader
DEBUG 2025-06-12 23:38:19,970 utils (0.001) 
            SELECT name, type FROM sqlite_master
            WHERE type in ('table', 'view') AND NOT name='sqlite_sequence'
            ORDER BY name; args=None; alias=default
DEBUG 2025-06-12 23:38:19,974 utils (0.000) SELECT "django_migrations"."id", "django_migrations"."app", "django_migrations"."name", "django_migrations"."applied" FROM "django_migrations"; args=(); alias=default
INFO 2025-06-12 23:38:22,984 autoreload E:\ESEWA-FINTRACK-FULLSTACK\fintrack_app\views\account.py changed, reloading.
INFO 2025-06-12 23:38:23,966 autoreload Watching for file changes with StatReloader
DEBUG 2025-06-12 23:38:25,109 utils (0.001) 
            SELECT name, type FROM sqlite_master
            WHERE type in ('table', 'view') AND NOT name='sqlite_sequence'
            ORDER BY name; args=None; alias=default
DEBUG 2025-06-12 23:38:25,115 utils (0.000) SELECT "django_migrations"."id", "django_migrations"."app", "django_migrations"."name", "django_migrations"."applied" FROM "django_migrations"; args=(); alias=default
INFO 2025-06-12 23:38:50,692 autoreload E:\ESEWA-FINTRACK-FULLSTACK\fintrack_app\views\account.py changed, reloading.
INFO 2025-06-12 23:38:51,831 autoreload Watching for file changes with StatReloader
DEBUG 2025-06-12 23:38:52,714 utils (0.001) 
            SELECT name, type FROM sqlite_master
            WHERE type in ('table', 'view') AND NOT name='sqlite_sequence'
            ORDER BY name; args=None; alias=default
DEBUG 2025-06-12 23:38:52,719 utils (0.000) SELECT "django_migrations"."id", "django_migrations"."app", "django_migrations"."name", "django_migrations"."applied" FROM "django_migrations"; args=(); alias=default
INFO 2025-06-12 23:40:00,627 autoreload E:\ESEWA-FINTRACK-FULLSTACK\fintrack_app\views\account.py changed, reloading.
INFO 2025-06-12 23:40:02,354 autoreload Watching for file changes with StatReloader
INFO 2025-06-12 23:40:04,839 autoreload E:\ESEWA-FINTRACK-FULLSTACK\fintrack_app\views\account.py changed, reloading.
INFO 2025-06-12 23:40:05,738 autoreload Watching for file changes with StatReloader
INFO 2025-06-12 23:40:09,109 autoreload E:\ESEWA-FINTRACK-FULLSTACK\fintrack_app\views\account.py changed, reloading.
INFO 2025-06-12 23:40:10,099 autoreload Watching for file changes with StatReloader
DEBUG 2025-06-12 23:40:10,955 utils (0.001) 
            SELECT name, type FROM sqlite_master
            WHERE type in ('table', 'view') AND NOT name='sqlite_sequence'
            ORDER BY name; args=None; alias=default
DEBUG 2025-06-12 23:40:10,970 utils (0.001) SELECT "django_migrations"."id", "django_migrations"."app", "django_migrations"."name", "django_migrations"."applied" FROM "django_migrations"; args=(); alias=default
INFO 2025-06-12 23:40:15,424 autoreload E:\ESEWA-FINTRACK-FULLSTACK\fintrack_app\views\account.py changed, reloading.
INFO 2025-06-12 23:40:16,346 autoreload Watching for file changes with StatReloader
DEBUG 2025-06-12 23:40:17,401 utils (0.001) 
            SELECT name, type FROM sqlite_master
            WHERE type in ('table', 'view') AND NOT name='sqlite_sequence'
            ORDER BY name; args=None; alias=default
DEBUG 2025-06-12 23:40:17,406 utils (0.000) SELECT "django_migrations"."id", "django_migrations"."app", "django_migrations"."name", "django_migrations"."applied" FROM "django_migrations"; args=(); alias=default
INFO 2025-06-12 23:40:42,299 autoreload E:\ESEWA-FINTRACK-FULLSTACK\fintrack_app\views\account.py changed, reloading.
INFO 2025-06-12 23:40:43,148 autoreload Watching for file changes with StatReloader
INFO 2025-06-12 23:40:50,385 autoreload E:\ESEWA-FINTRACK-FULLSTACK\fintrack_app\views\account.py changed, reloading.
INFO 2025-06-12 23:40:51,159 autoreload Watching for file changes with StatReloader
DEBUG 2025-06-12 23:40:51,972 utils (0.001) 
            SELECT name, type FROM sqlite_master
            WHERE type in ('table', 'view') AND NOT name='sqlite_sequence'
            ORDER BY name; args=None; alias=default
DEBUG 2025-06-12 23:40:51,976 utils (0.000) SELECT "django_migrations"."id", "django_migrations"."app", "django_migrations"."name", "django_migrations"."applied" FROM "django_migrations"; args=(); alias=default
INFO 2025-06-12 23:42:20,635 autoreload E:\ESEWA-FINTRACK-FULLSTACK\fintrack_app\views\account.py changed, reloading.
INFO 2025-06-12 23:42:21,696 autoreload Watching for file changes with StatReloader
DEBUG 2025-06-12 23:42:22,942 utils (0.002) 
            SELECT name, type FROM sqlite_master
            WHERE type in ('table', 'view') AND NOT name='sqlite_sequence'
            ORDER BY name; args=None; alias=default
DEBUG 2025-06-12 23:42:22,948 utils (0.000) SELECT "django_migrations"."id", "django_migrations"."app", "django_migrations"."name", "django_migrations"."applied" FROM "django_migrations"; args=(); alias=default
INFO 2025-06-12 23:42:24,942 autoreload E:\ESEWA-FINTRACK-FULLSTACK\fintrack_app\views\account.py changed, reloading.
INFO 2025-06-12 23:42:26,400 autoreload Watching for file changes with StatReloader
DEBUG 2025-06-12 23:42:27,583 utils (0.003) 
            SELECT name, type FROM sqlite_master
            WHERE type in ('table', 'view') AND NOT name='sqlite_sequence'
            ORDER BY name; args=None; alias=default
DEBUG 2025-06-12 23:42:27,602 utils (0.001) SELECT "django_migrations"."id", "django_migrations"."app", "django_migrations"."name", "django_migrations"."applied" FROM "django_migrations"; args=(); alias=default
INFO 2025-06-12 23:43:11,493 autoreload E:\ESEWA-FINTRACK-FULLSTACK\fintrack_app\views\budget.py changed, reloading.
INFO 2025-06-12 23:43:12,423 autoreload Watching for file changes with StatReloader
DEBUG 2025-06-12 23:43:13,292 utils (0.001) 
            SELECT name, type FROM sqlite_master
            WHERE type in ('table', 'view') AND NOT name='sqlite_sequence'
            ORDER BY name; args=None; alias=default
DEBUG 2025-06-12 23:43:13,297 utils (0.000) SELECT "django_migrations"."id", "django_migrations"."app", "django_migrations"."name", "django_migrations"."applied" FROM "django_migrations"; args=(); alias=default
INFO 2025-06-12 23:43:16,451 autoreload E:\ESEWA-FINTRACK-FULLSTACK\fintrack_app\views\budget.py changed, reloading.
INFO 2025-06-12 23:43:17,620 autoreload Watching for file changes with StatReloader
INFO 2025-06-12 23:43:20,226 autoreload E:\ESEWA-FINTRACK-FULLSTACK\fintrack_app\views\budget.py changed, reloading.
INFO 2025-06-12 23:43:21,369 autoreload Watching for file changes with StatReloader
DEBUG 2025-06-12 23:43:22,614 utils (0.001) 
            SELECT name, type FROM sqlite_master
            WHERE type in ('table', 'view') AND NOT name='sqlite_sequence'
            ORDER BY name; args=None; alias=default
DEBUG 2025-06-12 23:43:22,621 utils (0.000) SELECT "django_migrations"."id", "django_migrations"."app", "django_migrations"."name", "django_migrations"."applied" FROM "django_migrations"; args=(); alias=default
INFO 2025-06-12 23:43:24,558 autoreload E:\ESEWA-FINTRACK-FULLSTACK\fintrack_app\views\budget.py changed, reloading.
INFO 2025-06-12 23:43:26,332 autoreload Watching for file changes with StatReloader
INFO 2025-06-12 23:43:33,540 autoreload E:\ESEWA-FINTRACK-FULLSTACK\fintrack_app\views\budget.py changed, reloading.
INFO 2025-06-12 23:43:34,655 autoreload Watching for file changes with StatReloader
DEBUG 2025-06-12 23:43:35,858 utils (0.002) 
            SELECT name, type FROM sqlite_master
            WHERE type in ('table', 'view') AND NOT name='sqlite_sequence'
            ORDER BY name; args=None; alias=default
DEBUG 2025-06-12 23:43:35,869 utils (0.001) SELECT "django_migrations"."id", "django_migrations"."app", "django_migrations"."name", "django_migrations"."applied" FROM "django_migrations"; args=(); alias=default
INFO 2025-06-12 23:43:37,763 autoreload E:\ESEWA-FINTRACK-FULLSTACK\fintrack_app\views\budget.py changed, reloading.
INFO 2025-06-12 23:43:38,855 autoreload Watching for file changes with StatReloader
DEBUG 2025-06-12 23:43:39,770 utils (0.001) 
            SELECT name, type FROM sqlite_master
            WHERE type in ('table', 'view') AND NOT name='sqlite_sequence'
            ORDER BY name; args=None; alias=default
DEBUG 2025-06-12 23:43:39,775 utils (0.000) SELECT "django_migrations"."id", "django_migrations"."app", "django_migrations"."name", "django_migrations"."applied" FROM "django_migrations"; args=(); alias=default
INFO 2025-06-12 23:43:46,361 autoreload E:\ESEWA-FINTRACK-FULLSTACK\fintrack_app\views\budget.py changed, reloading.
INFO 2025-06-12 23:43:47,417 autoreload Watching for file changes with StatReloader
INFO 2025-06-12 23:43:51,008 autoreload E:\ESEWA-FINTRACK-FULLSTACK\fintrack_app\views\budget.py changed, reloading.
INFO 2025-06-12 23:43:52,115 autoreload Watching for file changes with StatReloader
DEBUG 2025-06-12 23:43:52,984 utils (0.001) 
            SELECT name, type FROM sqlite_master
            WHERE type in ('table', 'view') AND NOT name='sqlite_sequence'
            ORDER BY name; args=None; alias=default
DEBUG 2025-06-12 23:43:52,989 utils (0.000) SELECT "django_migrations"."id", "django_migrations"."app", "django_migrations"."name", "django_migrations"."applied" FROM "django_migrations"; args=(); alias=default
DEBUG 2025-06-12 23:45:19,554 utils (0.001) 
            SELECT name, type FROM sqlite_master
            WHERE type in ('table', 'view') AND NOT name='sqlite_sequence'
            ORDER BY name; args=None; alias=default
DEBUG 2025-06-12 23:45:19,560 utils (0.001) SELECT "django_migrations"."id", "django_migrations"."app", "django_migrations"."name", "django_migrations"."applied" FROM "django_migrations"; args=(); alias=default
DEBUG 2025-06-12 23:45:25,799 utils (0.000) BEGIN; args=None; alias=default
DEBUG 2025-06-12 23:45:25,807 utils (0.007) SELECT JSON('{"a": "b"}'); args=None; alias=default
DEBUG 2025-06-12 23:45:25,813 utils (0.000) COMMIT; args=None; alias=default
DEBUG 2025-06-12 23:45:25,950 utils (0.001) 
            SELECT name, type FROM sqlite_master
            WHERE type in ('table', 'view') AND NOT name='sqlite_sequence'
            ORDER BY name; args=None; alias=default
DEBUG 2025-06-12 23:45:25,956 utils (0.000) SELECT "django_migrations"."id", "django_migrations"."app", "django_migrations"."name", "django_migrations"."applied" FROM "django_migrations"; args=(); alias=default
DEBUG 2025-06-12 23:45:25,964 utils (0.000) 
            SELECT name, type FROM sqlite_master
            WHERE type in ('table', 'view') AND NOT name='sqlite_sequence'
            ORDER BY name; args=None; alias=default
DEBUG 2025-06-12 23:45:25,972 utils (0.000) SELECT "django_migrations"."id", "django_migrations"."app", "django_migrations"."name", "django_migrations"."applied" FROM "django_migrations"; args=(); alias=default
DEBUG 2025-06-12 23:45:26,026 utils (0.000) 
            SELECT name, type FROM sqlite_master
            WHERE type in ('table', 'view') AND NOT name='sqlite_sequence'
            ORDER BY name; args=None; alias=default
DEBUG 2025-06-12 23:45:26,031 utils (0.000) PRAGMA foreign_keys = OFF; args=None; alias=default
DEBUG 2025-06-12 23:45:26,033 utils (0.000) PRAGMA foreign_keys; args=None; alias=default
DEBUG 2025-06-12 23:45:26,036 utils (0.000) BEGIN; args=None; alias=default
DEBUG 2025-06-12 23:45:26,089 schema CREATE TABLE "new__account" ("account_type" varchar(50) NOT NULL, "isWallet" bool NOT NULL, "id" integer NOT NULL PRIMARY KEY AUTOINCREMENT, "isDefault" bool NOT NULL, "name" varchar(100) NOT NULL, "account_number" bigint NULL UNIQUE, "wallet_number" bigint NULL UNIQUE, "balance" decimal NOT NULL, "createdAt" datetime NOT NULL, "updatedAt" datetime NOT NULL, "user_id" integer NOT NULL REFERENCES "auth_user" ("id") DEFERRABLE INITIALLY DEFERRED); (params None)
DEBUG 2025-06-12 23:45:26,114 utils (0.020) CREATE TABLE "new__account" ("account_type" varchar(50) NOT NULL, "isWallet" bool NOT NULL, "id" integer NOT NULL PRIMARY KEY AUTOINCREMENT, "isDefault" bool NOT NULL, "name" varchar(100) NOT NULL, "account_number" bigint NULL UNIQUE, "wallet_number" bigint NULL UNIQUE, "balance" decimal NOT NULL, "createdAt" datetime NOT NULL, "updatedAt" datetime NOT NULL, "user_id" integer NOT NULL REFERENCES "auth_user" ("id") DEFERRABLE INITIALLY DEFERRED); args=None; alias=default
DEBUG 2025-06-12 23:45:26,200 schema INSERT INTO "new__account" ("account_type", "isWallet", "id", "isDefault", "name", "account_number", "wallet_number", "balance", "createdAt", "updatedAt", "user_id") SELECT "account_type", "isWallet", "id", "isDefault", "name", "account_number", "wallet_number", "balance", "createdAt", "updatedAt", "user_id" FROM "account"; (params ())
DEBUG 2025-06-12 23:45:26,334 utils (0.000) INSERT INTO "new__account" ("account_type", "isWallet", "id", "isDefault", "name", "account_number", "wallet_number", "balance", "createdAt", "updatedAt", "user_id") SELECT "account_type", "isWallet", "id", "isDefault", "name", "account_number", "wallet_number", "balance", "createdAt", "updatedAt", "user_id" FROM "account"; args=(); alias=default
DEBUG 2025-06-12 23:45:26,419 schema DROP TABLE "account"; (params ())
DEBUG 2025-06-12 23:45:26,457 utils (0.001) DROP TABLE "account"; args=(); alias=default
DEBUG 2025-06-12 23:45:26,464 schema ALTER TABLE "new__account" RENAME TO "account"; (params ())
DEBUG 2025-06-12 23:45:26,473 utils (0.008) ALTER TABLE "new__account" RENAME TO "account"; args=(); alias=default
DEBUG 2025-06-12 23:45:26,500 schema CREATE INDEX "account_user_id_2c86f506" ON "account" ("user_id"); (params ())
DEBUG 2025-06-12 23:45:26,503 utils (0.000) CREATE INDEX "account_user_id_2c86f506" ON "account" ("user_id"); args=(); alias=default
DEBUG 2025-06-12 23:45:26,551 schema CREATE TABLE "new__budget" ("id" integer NOT NULL PRIMARY KEY AUTOINCREMENT, "amount" decimal NOT NULL, "createdAt" datetime NOT NULL, "updatedAt" datetime NOT NULL, "transaction_id" integer NULL UNIQUE REFERENCES "transaction" ("id") DEFERRABLE INITIALLY DEFERRED, "user_id" integer NOT NULL REFERENCES "auth_user" ("id") DEFERRABLE INITIALLY DEFERRED); (params None)
DEBUG 2025-06-12 23:45:26,552 utils (0.000) CREATE TABLE "new__budget" ("id" integer NOT NULL PRIMARY KEY AUTOINCREMENT, "amount" decimal NOT NULL, "createdAt" datetime NOT NULL, "updatedAt" datetime NOT NULL, "transaction_id" integer NULL UNIQUE REFERENCES "transaction" ("id") DEFERRABLE INITIALLY DEFERRED, "user_id" integer NOT NULL REFERENCES "auth_user" ("id") DEFERRABLE INITIALLY DEFERRED); args=None; alias=default
DEBUG 2025-06-12 23:45:26,554 schema INSERT INTO "new__budget" ("id", "amount", "createdAt", "updatedAt", "transaction_id", "user_id") SELECT "id", "amount", "createdAt", "updatedAt", "transaction_id", "user_id" FROM "budget"; (params ())
DEBUG 2025-06-12 23:45:26,555 utils (0.000) INSERT INTO "new__budget" ("id", "amount", "createdAt", "updatedAt", "transaction_id", "user_id") SELECT "id", "amount", "createdAt", "updatedAt", "transaction_id", "user_id" FROM "budget"; args=(); alias=default
DEBUG 2025-06-12 23:45:26,557 schema DROP TABLE "budget"; (params ())
DEBUG 2025-06-12 23:45:26,565 utils (0.000) DROP TABLE "budget"; args=(); alias=default
DEBUG 2025-06-12 23:45:26,566 schema ALTER TABLE "new__budget" RENAME TO "budget"; (params ())
DEBUG 2025-06-12 23:45:26,573 utils (0.002) ALTER TABLE "new__budget" RENAME TO "budget"; args=(); alias=default
DEBUG 2025-06-12 23:45:26,579 schema CREATE INDEX "budget_user_id_5ffc89a5" ON "budget" ("user_id"); (params ())
DEBUG 2025-06-12 23:45:26,581 utils (0.000) CREATE INDEX "budget_user_id_5ffc89a5" ON "budget" ("user_id"); args=(); alias=default
DEBUG 2025-06-12 23:45:26,616 schema CREATE TABLE "new__transaction" ("id" integer NOT NULL PRIMARY KEY AUTOINCREMENT, "transaction_type" varchar NOT NULL, "amount" decimal NOT NULL, "description" varchar(255) NOT NULL, "date" datetime NOT NULL, "category" varchar(50) NOT NULL, "receiptUrl" varchar(200) NOT NULL, "isRecurring" bool NOT NULL, "recurringInterval" varchar(50) NOT NULL, "nextRecurringDate" datetime NULL, "lastProcessedDate" datetime NULL, "createdAt" datetime NOT NULL, "account_id" integer NOT NULL REFERENCES "account" ("id") DEFERRABLE INITIALLY DEFERRED, "user_id" integer NOT NULL REFERENCES "auth_user" ("id") DEFERRABLE INITIALLY DEFERRED); (params None)
DEBUG 2025-06-12 23:45:26,619 utils (0.000) CREATE TABLE "new__transaction" ("id" integer NOT NULL PRIMARY KEY AUTOINCREMENT, "transaction_type" varchar NOT NULL, "amount" decimal NOT NULL, "description" varchar(255) NOT NULL, "date" datetime NOT NULL, "category" varchar(50) NOT NULL, "receiptUrl" varchar(200) NOT NULL, "isRecurring" bool NOT NULL, "recurringInterval" varchar(50) NOT NULL, "nextRecurringDate" datetime NULL, "lastProcessedDate" datetime NULL, "createdAt" datetime NOT NULL, "account_id" integer NOT NULL REFERENCES "account" ("id") DEFERRABLE INITIALLY DEFERRED, "user_id" integer NOT NULL REFERENCES "auth_user" ("id") DEFERRABLE INITIALLY DEFERRED); args=None; alias=default
DEBUG 2025-06-12 23:45:26,621 schema INSERT INTO "new__transaction" ("id", "transaction_type", "amount", "description", "date", "category", "receiptUrl", "isRecurring", "recurringInterval", "nextRecurringDate", "lastProcessedDate", "createdAt", "account_id", "user_id") SELECT "id", "transaction_type", "amount", "description", "date", "category", "receiptUrl", "isRecurring", "recurringInterval", "nextRecurringDate", "lastProcessedDate", "createdAt", "account_id", "user_id" FROM "transaction"; (params ())
DEBUG 2025-06-12 23:45:26,632 utils (0.000) INSERT INTO "new__transaction" ("id", "transaction_type", "amount", "description", "date", "category", "receiptUrl", "isRecurring", "recurringInterval", "nextRecurringDate", "lastProcessedDate", "createdAt", "account_id", "user_id") SELECT "id", "transaction_type", "amount", "description", "date", "category", "receiptUrl", "isRecurring", "recurringInterval", "nextRecurringDate", "lastProcessedDate", "createdAt", "account_id", "user_id" FROM "transaction"; args=(); alias=default
DEBUG 2025-06-12 23:45:26,640 schema DROP TABLE "transaction"; (params ())
DEBUG 2025-06-12 23:45:26,648 utils (0.001) DROP TABLE "transaction"; args=(); alias=default
DEBUG 2025-06-12 23:45:26,650 schema ALTER TABLE "new__transaction" RENAME TO "transaction"; (params ())
DEBUG 2025-06-12 23:45:26,653 utils (0.003) ALTER TABLE "new__transaction" RENAME TO "transaction"; args=(); alias=default
DEBUG 2025-06-12 23:45:26,655 schema CREATE INDEX "transaction_account_id_8de569ae" ON "transaction" ("account_id"); (params ())
DEBUG 2025-06-12 23:45:26,656 utils (0.000) CREATE INDEX "transaction_account_id_8de569ae" ON "transaction" ("account_id"); args=(); alias=default
DEBUG 2025-06-12 23:45:26,659 schema CREATE INDEX "transaction_user_id_9325d454" ON "transaction" ("user_id"); (params ())
DEBUG 2025-06-12 23:45:26,666 utils (0.000) CREATE INDEX "transaction_user_id_9325d454" ON "transaction" ("user_id"); args=(); alias=default
DEBUG 2025-06-12 23:45:26,674 utils (0.006) INSERT INTO "django_migrations" ("app", "name", "applied") VALUES ('fintrack_app', '0014_alter_account_user_alter_budget_user_and_more', '2025-06-12 18:00:26.667333') RETURNING "django_migrations"."id"; args=('fintrack_app', '0014_alter_account_user_alter_budget_user_and_more', '2025-06-12 18:00:26.667333'); alias=default
DEBUG 2025-06-12 23:45:26,683 utils (0.000) PRAGMA foreign_key_check; args=None; alias=default
DEBUG 2025-06-12 23:45:26,700 utils (0.011) COMMIT; args=None; alias=default
DEBUG 2025-06-12 23:45:26,701 utils (0.000) PRAGMA foreign_keys = ON; args=None; alias=default
DEBUG 2025-06-12 23:45:26,702 utils (0.000) SELECT "django_migrations"."id", "django_migrations"."app", "django_migrations"."name", "django_migrations"."applied" FROM "django_migrations"; args=(); alias=default
DEBUG 2025-06-12 23:45:26,706 utils (0.000) SELECT "django_content_type"."id", "django_content_type"."app_label", "django_content_type"."model" FROM "django_content_type" WHERE "django_content_type"."app_label" = 'admin'; args=('admin',); alias=default
DEBUG 2025-06-12 23:45:26,710 utils (0.000) SELECT "django_content_type"."id", "django_content_type"."app_label", "django_content_type"."model" FROM "django_content_type" WHERE ("django_content_type"."app_label" = 'admin' AND "django_content_type"."model" IN ('logentry')); args=('admin', 'logentry'); alias=default
DEBUG 2025-06-12 23:45:26,720 utils (0.000) SELECT "auth_permission"."content_type_id" AS "content_type", "auth_permission"."codename" AS "codename" FROM "auth_permission" INNER JOIN "django_content_type" ON ("auth_permission"."content_type_id" = "django_content_type"."id") WHERE "auth_permission"."content_type_id" IN (1) ORDER BY "django_content_type"."app_label" ASC, "django_content_type"."model" ASC, 2 ASC; args=(1,); alias=default
DEBUG 2025-06-12 23:45:26,728 utils (0.000) SELECT "django_content_type"."id", "django_content_type"."app_label", "django_content_type"."model" FROM "django_content_type" WHERE "django_content_type"."app_label" = 'admin'; args=('admin',); alias=default
DEBUG 2025-06-12 23:45:26,733 utils (0.000) SELECT "django_content_type"."id", "django_content_type"."app_label", "django_content_type"."model" FROM "django_content_type" WHERE "django_content_type"."app_label" = 'auth'; args=('auth',); alias=default
DEBUG 2025-06-12 23:45:26,740 utils (0.000) SELECT "django_content_type"."id", "django_content_type"."app_label", "django_content_type"."model" FROM "django_content_type" WHERE ("django_content_type"."app_label" = 'auth' AND "django_content_type"."model" IN ('group', 'user', 'permission')); args=('auth', 'group', 'user', 'permission'); alias=default
DEBUG 2025-06-12 23:45:26,751 utils (0.000) SELECT "auth_permission"."content_type_id" AS "content_type", "auth_permission"."codename" AS "codename" FROM "auth_permission" INNER JOIN "django_content_type" ON ("auth_permission"."content_type_id" = "django_content_type"."id") WHERE "auth_permission"."content_type_id" IN (2, 3, 4) ORDER BY "django_content_type"."app_label" ASC, "django_content_type"."model" ASC, 2 ASC; args=(2, 3, 4); alias=default
DEBUG 2025-06-12 23:45:26,754 utils (0.000) SELECT "django_content_type"."id", "django_content_type"."app_label", "django_content_type"."model" FROM "django_content_type" WHERE "django_content_type"."app_label" = 'auth'; args=('auth',); alias=default
DEBUG 2025-06-12 23:45:26,756 utils (0.000) SELECT "django_content_type"."id", "django_content_type"."app_label", "django_content_type"."model" FROM "django_content_type" WHERE "django_content_type"."app_label" = 'contenttypes'; args=('contenttypes',); alias=default
DEBUG 2025-06-12 23:45:26,764 utils (0.001) SELECT "django_content_type"."id", "django_content_type"."app_label", "django_content_type"."model" FROM "django_content_type" WHERE ("django_content_type"."app_label" = 'contenttypes' AND "django_content_type"."model" IN ('contenttype')); args=('contenttypes', 'contenttype'); alias=default
DEBUG 2025-06-12 23:45:26,767 utils (0.000) SELECT "auth_permission"."content_type_id" AS "content_type", "auth_permission"."codename" AS "codename" FROM "auth_permission" INNER JOIN "django_content_type" ON ("auth_permission"."content_type_id" = "django_content_type"."id") WHERE "auth_permission"."content_type_id" IN (5) ORDER BY "django_content_type"."app_label" ASC, "django_content_type"."model" ASC, 2 ASC; args=(5,); alias=default
DEBUG 2025-06-12 23:45:26,770 utils (0.000) SELECT "django_content_type"."id", "django_content_type"."app_label", "django_content_type"."model" FROM "django_content_type" WHERE "django_content_type"."app_label" = 'contenttypes'; args=('contenttypes',); alias=default
DEBUG 2025-06-12 23:45:26,772 utils (0.000) SELECT "django_content_type"."id", "django_content_type"."app_label", "django_content_type"."model" FROM "django_content_type" WHERE "django_content_type"."app_label" = 'sessions'; args=('sessions',); alias=default
DEBUG 2025-06-12 23:45:26,777 utils (0.002) SELECT "django_content_type"."id", "django_content_type"."app_label", "django_content_type"."model" FROM "django_content_type" WHERE ("django_content_type"."app_label" = 'sessions' AND "django_content_type"."model" IN ('session')); args=('sessions', 'session'); alias=default
DEBUG 2025-06-12 23:45:26,784 utils (0.000) SELECT "auth_permission"."content_type_id" AS "content_type", "auth_permission"."codename" AS "codename" FROM "auth_permission" INNER JOIN "django_content_type" ON ("auth_permission"."content_type_id" = "django_content_type"."id") WHERE "auth_permission"."content_type_id" IN (6) ORDER BY "django_content_type"."app_label" ASC, "django_content_type"."model" ASC, 2 ASC; args=(6,); alias=default
DEBUG 2025-06-12 23:45:26,788 utils (0.000) SELECT "django_content_type"."id", "django_content_type"."app_label", "django_content_type"."model" FROM "django_content_type" WHERE "django_content_type"."app_label" = 'sessions'; args=('sessions',); alias=default
DEBUG 2025-06-12 23:45:26,790 utils (0.000) SELECT "django_content_type"."id", "django_content_type"."app_label", "django_content_type"."model" FROM "django_content_type" WHERE "django_content_type"."app_label" = 'fintrack_app'; args=('fintrack_app',); alias=default
DEBUG 2025-06-12 23:45:26,797 utils (0.000) SELECT "django_content_type"."id", "django_content_type"."app_label", "django_content_type"."model" FROM "django_content_type" WHERE ("django_content_type"."app_label" = 'fintrack_app' AND "django_content_type"."model" IN ('budget', 'transaction', 'categorytotal', 'account')); args=('fintrack_app', 'budget', 'transaction', 'categorytotal', 'account'); alias=default
DEBUG 2025-06-12 23:45:26,806 utils (0.000) SELECT "auth_permission"."content_type_id" AS "content_type", "auth_permission"."codename" AS "codename" FROM "auth_permission" INNER JOIN "django_content_type" ON ("auth_permission"."content_type_id" = "django_content_type"."id") WHERE "auth_permission"."content_type_id" IN (8, 9, 10, 7) ORDER BY "django_content_type"."app_label" ASC, "django_content_type"."model" ASC, 2 ASC; args=(8, 9, 10, 7); alias=default
DEBUG 2025-06-12 23:45:26,815 utils (0.000) SELECT "django_content_type"."id", "django_content_type"."app_label", "django_content_type"."model" FROM "django_content_type" WHERE "django_content_type"."app_label" = 'fintrack_app'; args=('fintrack_app',); alias=default
DEBUG 2025-06-12 23:45:26,821 utils (0.000) SELECT "django_content_type"."id", "django_content_type"."app_label", "django_content_type"."model" FROM "django_content_type" WHERE "django_content_type"."app_label" = 'authtoken'; args=('authtoken',); alias=default
DEBUG 2025-06-12 23:45:26,823 utils (0.000) SELECT "django_content_type"."id", "django_content_type"."app_label", "django_content_type"."model" FROM "django_content_type" WHERE ("django_content_type"."app_label" = 'authtoken' AND "django_content_type"."model" IN ('token', 'tokenproxy')); args=('authtoken', 'token', 'tokenproxy'); alias=default
DEBUG 2025-06-12 23:45:26,834 utils (0.000) SELECT "auth_permission"."content_type_id" AS "content_type", "auth_permission"."codename" AS "codename" FROM "auth_permission" INNER JOIN "django_content_type" ON ("auth_permission"."content_type_id" = "django_content_type"."id") WHERE "auth_permission"."content_type_id" IN (11, 12) ORDER BY "django_content_type"."app_label" ASC, "django_content_type"."model" ASC, 2 ASC; args=(11, 12); alias=default
DEBUG 2025-06-12 23:45:26,838 utils (0.000) SELECT "django_content_type"."id", "django_content_type"."app_label", "django_content_type"."model" FROM "django_content_type" WHERE "django_content_type"."app_label" = 'authtoken'; args=('authtoken',); alias=default
DEBUG 2025-06-12 23:45:26,840 utils (0.000) SELECT "django_content_type"."id", "django_content_type"."app_label", "django_content_type"."model" FROM "django_content_type" WHERE "django_content_type"."app_label" = 'dj_rest_auth'; args=('dj_rest_auth',); alias=default
DEBUG 2025-06-12 23:45:26,852 utils (0.000) SELECT "django_content_type"."id", "django_content_type"."app_label", "django_content_type"."model" FROM "django_content_type" WHERE "django_content_type"."app_label" = 'dj_rest_auth'; args=('dj_rest_auth',); alias=default
DEBUG 2025-06-12 23:45:26,855 utils (0.000) SELECT "django_content_type"."id", "django_content_type"."app_label", "django_content_type"."model" FROM "django_content_type" WHERE "django_content_type"."app_label" = 'sites'; args=('sites',); alias=default
DEBUG 2025-06-12 23:45:26,866 utils (0.000) SELECT "django_content_type"."id", "django_content_type"."app_label", "django_content_type"."model" FROM "django_content_type" WHERE ("django_content_type"."app_label" = 'sites' AND "django_content_type"."model" IN ('site')); args=('sites', 'site'); alias=default
DEBUG 2025-06-12 23:45:26,868 utils (0.000) SELECT "auth_permission"."content_type_id" AS "content_type", "auth_permission"."codename" AS "codename" FROM "auth_permission" INNER JOIN "django_content_type" ON ("auth_permission"."content_type_id" = "django_content_type"."id") WHERE "auth_permission"."content_type_id" IN (13) ORDER BY "django_content_type"."app_label" ASC, "django_content_type"."model" ASC, 2 ASC; args=(13,); alias=default
DEBUG 2025-06-12 23:45:26,871 utils (0.000) SELECT "django_content_type"."id", "django_content_type"."app_label", "django_content_type"."model" FROM "django_content_type" WHERE "django_content_type"."app_label" = 'sites'; args=('sites',); alias=default
DEBUG 2025-06-12 23:45:26,881 utils (0.008) SELECT 1 AS "a" FROM "django_site" LIMIT 1; args=(1,); alias=default
DEBUG 2025-06-12 23:45:26,882 utils (0.000) SELECT "django_content_type"."id", "django_content_type"."app_label", "django_content_type"."model" FROM "django_content_type" WHERE "django_content_type"."app_label" = 'allauth'; args=('allauth',); alias=default
DEBUG 2025-06-12 23:45:26,885 utils (0.000) SELECT "django_content_type"."id", "django_content_type"."app_label", "django_content_type"."model" FROM "django_content_type" WHERE "django_content_type"."app_label" = 'allauth'; args=('allauth',); alias=default
DEBUG 2025-06-12 23:45:26,887 utils (0.000) SELECT "django_content_type"."id", "django_content_type"."app_label", "django_content_type"."model" FROM "django_content_type" WHERE "django_content_type"."app_label" = 'account'; args=('account',); alias=default
DEBUG 2025-06-12 23:45:26,890 utils (0.000) SELECT "django_content_type"."id", "django_content_type"."app_label", "django_content_type"."model" FROM "django_content_type" WHERE ("django_content_type"."app_label" = 'account' AND "django_content_type"."model" IN ('emailconfirmation', 'emailaddress')); args=('account', 'emailconfirmation', 'emailaddress'); alias=default
DEBUG 2025-06-12 23:45:26,899 utils (0.000) SELECT "auth_permission"."content_type_id" AS "content_type", "auth_permission"."codename" AS "codename" FROM "auth_permission" INNER JOIN "django_content_type" ON ("auth_permission"."content_type_id" = "django_content_type"."id") WHERE "auth_permission"."content_type_id" IN (14, 15) ORDER BY "django_content_type"."app_label" ASC, "django_content_type"."model" ASC, 2 ASC; args=(14, 15); alias=default
DEBUG 2025-06-12 23:45:26,902 utils (0.000) SELECT "django_content_type"."id", "django_content_type"."app_label", "django_content_type"."model" FROM "django_content_type" WHERE "django_content_type"."app_label" = 'account'; args=('account',); alias=default
DEBUG 2025-06-12 23:45:26,904 utils (0.000) SELECT "django_content_type"."id", "django_content_type"."app_label", "django_content_type"."model" FROM "django_content_type" WHERE "django_content_type"."app_label" = 'socialaccount'; args=('socialaccount',); alias=default
DEBUG 2025-06-12 23:45:26,913 utils (0.000) SELECT "django_content_type"."id", "django_content_type"."app_label", "django_content_type"."model" FROM "django_content_type" WHERE ("django_content_type"."app_label" = 'socialaccount' AND "django_content_type"."model" IN ('socialaccount', 'socialtoken', 'socialapp')); args=('socialaccount', 'socialaccount', 'socialtoken', 'socialapp'); alias=default
DEBUG 2025-06-12 23:45:26,917 utils (0.000) SELECT "auth_permission"."content_type_id" AS "content_type", "auth_permission"."codename" AS "codename" FROM "auth_permission" INNER JOIN "django_content_type" ON ("auth_permission"."content_type_id" = "django_content_type"."id") WHERE "auth_permission"."content_type_id" IN (16, 17, 18) ORDER BY "django_content_type"."app_label" ASC, "django_content_type"."model" ASC, 2 ASC; args=(16, 17, 18); alias=default
DEBUG 2025-06-12 23:45:26,921 utils (0.000) SELECT "django_content_type"."id", "django_content_type"."app_label", "django_content_type"."model" FROM "django_content_type" WHERE "django_content_type"."app_label" = 'socialaccount'; args=('socialaccount',); alias=default
DEBUG 2025-06-12 23:47:31,890 utils (0.001) 
            SELECT name, type FROM sqlite_master
            WHERE type in ('table', 'view') AND NOT name='sqlite_sequence'
            ORDER BY name; args=None; alias=default
DEBUG 2025-06-12 23:47:31,894 utils (0.000) SELECT "django_migrations"."id", "django_migrations"."app", "django_migrations"."name", "django_migrations"."applied" FROM "django_migrations"; args=(); alias=default
DEBUG 2025-06-12 23:47:35,142 utils (0.000) BEGIN; args=None; alias=default
DEBUG 2025-06-12 23:47:35,142 utils (0.000) SELECT JSON('{"a": "b"}'); args=None; alias=default
DEBUG 2025-06-12 23:47:35,143 utils (0.000) COMMIT; args=None; alias=default
DEBUG 2025-06-12 23:47:35,205 utils (0.001) 
            SELECT name, type FROM sqlite_master
            WHERE type in ('table', 'view') AND NOT name='sqlite_sequence'
            ORDER BY name; args=None; alias=default
DEBUG 2025-06-12 23:47:35,209 utils (0.000) SELECT "django_migrations"."id", "django_migrations"."app", "django_migrations"."name", "django_migrations"."applied" FROM "django_migrations"; args=(); alias=default
DEBUG 2025-06-12 23:47:35,211 utils (0.000) 
            SELECT name, type FROM sqlite_master
            WHERE type in ('table', 'view') AND NOT name='sqlite_sequence'
            ORDER BY name; args=None; alias=default
DEBUG 2025-06-12 23:47:35,213 utils (0.000) SELECT "django_migrations"."id", "django_migrations"."app", "django_migrations"."name", "django_migrations"."applied" FROM "django_migrations"; args=(); alias=default
DEBUG 2025-06-12 23:47:35,247 utils (0.000) 
            SELECT name, type FROM sqlite_master
            WHERE type in ('table', 'view') AND NOT name='sqlite_sequence'
            ORDER BY name; args=None; alias=default
DEBUG 2025-06-12 23:47:35,251 utils (0.000) SELECT "django_migrations"."id", "django_migrations"."app", "django_migrations"."name", "django_migrations"."applied" FROM "django_migrations"; args=(); alias=default
DEBUG 2025-06-12 23:47:35,253 utils (0.000) SELECT "django_content_type"."id", "django_content_type"."app_label", "django_content_type"."model" FROM "django_content_type" WHERE "django_content_type"."app_label" = 'admin'; args=('admin',); alias=default
DEBUG 2025-06-12 23:47:35,255 utils (0.000) SELECT "django_content_type"."id", "django_content_type"."app_label", "django_content_type"."model" FROM "django_content_type" WHERE ("django_content_type"."app_label" = 'admin' AND "django_content_type"."model" IN ('logentry')); args=('admin', 'logentry'); alias=default
DEBUG 2025-06-12 23:47:35,259 utils (0.000) SELECT "auth_permission"."content_type_id" AS "content_type", "auth_permission"."codename" AS "codename" FROM "auth_permission" INNER JOIN "django_content_type" ON ("auth_permission"."content_type_id" = "django_content_type"."id") WHERE "auth_permission"."content_type_id" IN (1) ORDER BY "django_content_type"."app_label" ASC, "django_content_type"."model" ASC, 2 ASC; args=(1,); alias=default
DEBUG 2025-06-12 23:47:35,261 utils (0.000) SELECT "django_content_type"."id", "django_content_type"."app_label", "django_content_type"."model" FROM "django_content_type" WHERE "django_content_type"."app_label" = 'admin'; args=('admin',); alias=default
DEBUG 2025-06-12 23:47:35,263 utils (0.000) SELECT "django_content_type"."id", "django_content_type"."app_label", "django_content_type"."model" FROM "django_content_type" WHERE "django_content_type"."app_label" = 'auth'; args=('auth',); alias=default
DEBUG 2025-06-12 23:47:35,264 utils (0.000) SELECT "django_content_type"."id", "django_content_type"."app_label", "django_content_type"."model" FROM "django_content_type" WHERE ("django_content_type"."app_label" = 'auth' AND "django_content_type"."model" IN ('permission', 'group', 'user')); args=('auth', 'permission', 'group', 'user'); alias=default
DEBUG 2025-06-12 23:47:35,269 utils (0.000) SELECT "auth_permission"."content_type_id" AS "content_type", "auth_permission"."codename" AS "codename" FROM "auth_permission" INNER JOIN "django_content_type" ON ("auth_permission"."content_type_id" = "django_content_type"."id") WHERE "auth_permission"."content_type_id" IN (2, 3, 4) ORDER BY "django_content_type"."app_label" ASC, "django_content_type"."model" ASC, 2 ASC; args=(2, 3, 4); alias=default
DEBUG 2025-06-12 23:47:35,277 utils (0.000) SELECT "django_content_type"."id", "django_content_type"."app_label", "django_content_type"."model" FROM "django_content_type" WHERE "django_content_type"."app_label" = 'auth'; args=('auth',); alias=default
DEBUG 2025-06-12 23:47:35,280 utils (0.000) SELECT "django_content_type"."id", "django_content_type"."app_label", "django_content_type"."model" FROM "django_content_type" WHERE "django_content_type"."app_label" = 'contenttypes'; args=('contenttypes',); alias=default
DEBUG 2025-06-12 23:47:35,285 utils (0.001) SELECT "django_content_type"."id", "django_content_type"."app_label", "django_content_type"."model" FROM "django_content_type" WHERE ("django_content_type"."app_label" = 'contenttypes' AND "django_content_type"."model" IN ('contenttype')); args=('contenttypes', 'contenttype'); alias=default
DEBUG 2025-06-12 23:47:35,289 utils (0.000) SELECT "auth_permission"."content_type_id" AS "content_type", "auth_permission"."codename" AS "codename" FROM "auth_permission" INNER JOIN "django_content_type" ON ("auth_permission"."content_type_id" = "django_content_type"."id") WHERE "auth_permission"."content_type_id" IN (5) ORDER BY "django_content_type"."app_label" ASC, "django_content_type"."model" ASC, 2 ASC; args=(5,); alias=default
DEBUG 2025-06-12 23:47:35,291 utils (0.000) SELECT "django_content_type"."id", "django_content_type"."app_label", "django_content_type"."model" FROM "django_content_type" WHERE "django_content_type"."app_label" = 'contenttypes'; args=('contenttypes',); alias=default
DEBUG 2025-06-12 23:47:35,294 utils (0.000) SELECT "django_content_type"."id", "django_content_type"."app_label", "django_content_type"."model" FROM "django_content_type" WHERE "django_content_type"."app_label" = 'sessions'; args=('sessions',); alias=default
DEBUG 2025-06-12 23:47:35,296 utils (0.000) SELECT "django_content_type"."id", "django_content_type"."app_label", "django_content_type"."model" FROM "django_content_type" WHERE ("django_content_type"."app_label" = 'sessions' AND "django_content_type"."model" IN ('session')); args=('sessions', 'session'); alias=default
DEBUG 2025-06-12 23:47:35,300 utils (0.000) SELECT "auth_permission"."content_type_id" AS "content_type", "auth_permission"."codename" AS "codename" FROM "auth_permission" INNER JOIN "django_content_type" ON ("auth_permission"."content_type_id" = "django_content_type"."id") WHERE "auth_permission"."content_type_id" IN (6) ORDER BY "django_content_type"."app_label" ASC, "django_content_type"."model" ASC, 2 ASC; args=(6,); alias=default
DEBUG 2025-06-12 23:47:35,304 utils (0.000) SELECT "django_content_type"."id", "django_content_type"."app_label", "django_content_type"."model" FROM "django_content_type" WHERE "django_content_type"."app_label" = 'sessions'; args=('sessions',); alias=default
DEBUG 2025-06-12 23:47:35,306 utils (0.000) SELECT "django_content_type"."id", "django_content_type"."app_label", "django_content_type"."model" FROM "django_content_type" WHERE "django_content_type"."app_label" = 'fintrack_app'; args=('fintrack_app',); alias=default
DEBUG 2025-06-12 23:47:35,308 utils (0.000) SELECT "django_content_type"."id", "django_content_type"."app_label", "django_content_type"."model" FROM "django_content_type" WHERE ("django_content_type"."app_label" = 'fintrack_app' AND "django_content_type"."model" IN ('transaction', 'account', 'budget', 'categorytotal')); args=('fintrack_app', 'transaction', 'account', 'budget', 'categorytotal'); alias=default
DEBUG 2025-06-12 23:47:35,311 utils (0.000) SELECT "auth_permission"."content_type_id" AS "content_type", "auth_permission"."codename" AS "codename" FROM "auth_permission" INNER JOIN "django_content_type" ON ("auth_permission"."content_type_id" = "django_content_type"."id") WHERE "auth_permission"."content_type_id" IN (8, 9, 10, 7) ORDER BY "django_content_type"."app_label" ASC, "django_content_type"."model" ASC, 2 ASC; args=(8, 9, 10, 7); alias=default
DEBUG 2025-06-12 23:47:35,314 utils (0.000) SELECT "django_content_type"."id", "django_content_type"."app_label", "django_content_type"."model" FROM "django_content_type" WHERE "django_content_type"."app_label" = 'fintrack_app'; args=('fintrack_app',); alias=default
DEBUG 2025-06-12 23:47:35,319 utils (0.000) SELECT "django_content_type"."id", "django_content_type"."app_label", "django_content_type"."model" FROM "django_content_type" WHERE "django_content_type"."app_label" = 'authtoken'; args=('authtoken',); alias=default
DEBUG 2025-06-12 23:47:35,322 utils (0.000) SELECT "django_content_type"."id", "django_content_type"."app_label", "django_content_type"."model" FROM "django_content_type" WHERE ("django_content_type"."app_label" = 'authtoken' AND "django_content_type"."model" IN ('token', 'tokenproxy')); args=('authtoken', 'token', 'tokenproxy'); alias=default
DEBUG 2025-06-12 23:47:35,324 utils (0.000) SELECT "auth_permission"."content_type_id" AS "content_type", "auth_permission"."codename" AS "codename" FROM "auth_permission" INNER JOIN "django_content_type" ON ("auth_permission"."content_type_id" = "django_content_type"."id") WHERE "auth_permission"."content_type_id" IN (11, 12) ORDER BY "django_content_type"."app_label" ASC, "django_content_type"."model" ASC, 2 ASC; args=(11, 12); alias=default
DEBUG 2025-06-12 23:47:35,327 utils (0.000) SELECT "django_content_type"."id", "django_content_type"."app_label", "django_content_type"."model" FROM "django_content_type" WHERE "django_content_type"."app_label" = 'authtoken'; args=('authtoken',); alias=default
DEBUG 2025-06-12 23:47:35,329 utils (0.000) SELECT "django_content_type"."id", "django_content_type"."app_label", "django_content_type"."model" FROM "django_content_type" WHERE "django_content_type"."app_label" = 'dj_rest_auth'; args=('dj_rest_auth',); alias=default
DEBUG 2025-06-12 23:47:35,333 utils (0.000) SELECT "django_content_type"."id", "django_content_type"."app_label", "django_content_type"."model" FROM "django_content_type" WHERE "django_content_type"."app_label" = 'dj_rest_auth'; args=('dj_rest_auth',); alias=default
DEBUG 2025-06-12 23:47:35,337 utils (0.000) SELECT "django_content_type"."id", "django_content_type"."app_label", "django_content_type"."model" FROM "django_content_type" WHERE "django_content_type"."app_label" = 'sites'; args=('sites',); alias=default
DEBUG 2025-06-12 23:47:35,339 utils (0.000) SELECT "django_content_type"."id", "django_content_type"."app_label", "django_content_type"."model" FROM "django_content_type" WHERE ("django_content_type"."app_label" = 'sites' AND "django_content_type"."model" IN ('site')); args=('sites', 'site'); alias=default
DEBUG 2025-06-12 23:47:35,341 utils (0.000) SELECT "auth_permission"."content_type_id" AS "content_type", "auth_permission"."codename" AS "codename" FROM "auth_permission" INNER JOIN "django_content_type" ON ("auth_permission"."content_type_id" = "django_content_type"."id") WHERE "auth_permission"."content_type_id" IN (13) ORDER BY "django_content_type"."app_label" ASC, "django_content_type"."model" ASC, 2 ASC; args=(13,); alias=default
DEBUG 2025-06-12 23:47:35,343 utils (0.000) SELECT "django_content_type"."id", "django_content_type"."app_label", "django_content_type"."model" FROM "django_content_type" WHERE "django_content_type"."app_label" = 'sites'; args=('sites',); alias=default
DEBUG 2025-06-12 23:47:35,345 utils (0.000) SELECT 1 AS "a" FROM "django_site" LIMIT 1; args=(1,); alias=default
DEBUG 2025-06-12 23:47:35,346 utils (0.000) SELECT "django_content_type"."id", "django_content_type"."app_label", "django_content_type"."model" FROM "django_content_type" WHERE "django_content_type"."app_label" = 'allauth'; args=('allauth',); alias=default
DEBUG 2025-06-12 23:47:35,350 utils (0.001) SELECT "django_content_type"."id", "django_content_type"."app_label", "django_content_type"."model" FROM "django_content_type" WHERE "django_content_type"."app_label" = 'allauth'; args=('allauth',); alias=default
DEBUG 2025-06-12 23:47:35,354 utils (0.000) SELECT "django_content_type"."id", "django_content_type"."app_label", "django_content_type"."model" FROM "django_content_type" WHERE "django_content_type"."app_label" = 'account'; args=('account',); alias=default
DEBUG 2025-06-12 23:47:35,356 utils (0.000) SELECT "django_content_type"."id", "django_content_type"."app_label", "django_content_type"."model" FROM "django_content_type" WHERE ("django_content_type"."app_label" = 'account' AND "django_content_type"."model" IN ('emailconfirmation', 'emailaddress')); args=('account', 'emailconfirmation', 'emailaddress'); alias=default
DEBUG 2025-06-12 23:47:35,358 utils (0.000) SELECT "auth_permission"."content_type_id" AS "content_type", "auth_permission"."codename" AS "codename" FROM "auth_permission" INNER JOIN "django_content_type" ON ("auth_permission"."content_type_id" = "django_content_type"."id") WHERE "auth_permission"."content_type_id" IN (14, 15) ORDER BY "django_content_type"."app_label" ASC, "django_content_type"."model" ASC, 2 ASC; args=(14, 15); alias=default
DEBUG 2025-06-12 23:47:35,361 utils (0.000) SELECT "django_content_type"."id", "django_content_type"."app_label", "django_content_type"."model" FROM "django_content_type" WHERE "django_content_type"."app_label" = 'account'; args=('account',); alias=default
DEBUG 2025-06-12 23:47:35,362 utils (0.000) SELECT "django_content_type"."id", "django_content_type"."app_label", "django_content_type"."model" FROM "django_content_type" WHERE "django_content_type"."app_label" = 'socialaccount'; args=('socialaccount',); alias=default
DEBUG 2025-06-12 23:47:35,364 utils (0.000) SELECT "django_content_type"."id", "django_content_type"."app_label", "django_content_type"."model" FROM "django_content_type" WHERE ("django_content_type"."app_label" = 'socialaccount' AND "django_content_type"."model" IN ('socialtoken', 'socialapp', 'socialaccount')); args=('socialaccount', 'socialtoken', 'socialapp', 'socialaccount'); alias=default
DEBUG 2025-06-12 23:47:35,369 utils (0.000) SELECT "auth_permission"."content_type_id" AS "content_type", "auth_permission"."codename" AS "codename" FROM "auth_permission" INNER JOIN "django_content_type" ON ("auth_permission"."content_type_id" = "django_content_type"."id") WHERE "auth_permission"."content_type_id" IN (16, 17, 18) ORDER BY "django_content_type"."app_label" ASC, "django_content_type"."model" ASC, 2 ASC; args=(16, 17, 18); alias=default
DEBUG 2025-06-12 23:47:35,375 utils (0.000) SELECT "django_content_type"."id", "django_content_type"."app_label", "django_content_type"."model" FROM "django_content_type" WHERE "django_content_type"."app_label" = 'socialaccount'; args=('socialaccount',); alias=default
INFO 2025-06-12 23:47:57,693 autoreload Watching for file changes with StatReloader
DEBUG 2025-06-12 23:47:58,489 utils (0.001) 
            SELECT name, type FROM sqlite_master
            WHERE type in ('table', 'view') AND NOT name='sqlite_sequence'
            ORDER BY name; args=None; alias=default
DEBUG 2025-06-12 23:47:58,494 utils (0.000) SELECT "django_migrations"."id", "django_migrations"."app", "django_migrations"."name", "django_migrations"."applied" FROM "django_migrations"; args=(); alias=default
DEBUG 2025-06-12 23:48:03,765 utils (0.003) SELECT "django_session"."session_key", "django_session"."session_data", "django_session"."expire_date" FROM "django_session" WHERE ("django_session"."expire_date" > '2025-06-12 18:03:03.760553' AND "django_session"."session_key" = '0s6oj3hlw92k2oz8wrd5t8asramp3k2n') LIMIT 21; args=('2025-06-12 18:03:03.760553', '0s6oj3hlw92k2oz8wrd5t8asramp3k2n'); alias=default
DEBUG 2025-06-12 23:48:03,772 utils (0.000) SELECT "auth_user"."id", "auth_user"."password", "auth_user"."last_login", "auth_user"."is_superuser", "auth_user"."username", "auth_user"."first_name", "auth_user"."last_name", "auth_user"."email", "auth_user"."is_staff", "auth_user"."is_active", "auth_user"."date_joined" FROM "auth_user" WHERE "auth_user"."id" = 2 LIMIT 21; args=(2,); alias=default
DEBUG 2025-06-12 23:48:03,779 utils (0.001) SELECT "account"."account_type", "account"."isWallet", "account"."id", "account"."isDefault", "account"."user_id", "account"."name", "account"."account_number", "account"."wallet_number", "account"."balance", "account"."createdAt", "account"."updatedAt" FROM "account" WHERE "account"."user_id" = 2 ORDER BY "account"."createdAt" DESC; args=(2,); alias=default
DEBUG 2025-06-12 23:48:03,816 utils (0.000) SELECT "auth_user"."id", "auth_user"."password", "auth_user"."last_login", "auth_user"."is_superuser", "auth_user"."username", "auth_user"."first_name", "auth_user"."last_name", "auth_user"."email", "auth_user"."is_staff", "auth_user"."is_active", "auth_user"."date_joined" FROM "auth_user" LIMIT 1000; args=(); alias=default
DEBUG 2025-06-12 23:48:12,181 utils (0.001) SELECT "django_session"."session_key", "django_session"."session_data", "django_session"."expire_date" FROM "django_session" WHERE ("django_session"."expire_date" > '2025-06-12 18:03:12.179942' AND "django_session"."session_key" = '0s6oj3hlw92k2oz8wrd5t8asramp3k2n') LIMIT 21; args=('2025-06-12 18:03:12.179942', '0s6oj3hlw92k2oz8wrd5t8asramp3k2n'); alias=default
DEBUG 2025-06-12 23:48:12,184 utils (0.000) SELECT "auth_user"."id", "auth_user"."password", "auth_user"."last_login", "auth_user"."is_superuser", "auth_user"."username", "auth_user"."first_name", "auth_user"."last_name", "auth_user"."email", "auth_user"."is_staff", "auth_user"."is_active", "auth_user"."date_joined" FROM "auth_user" WHERE "auth_user"."id" = 2 LIMIT 21; args=(2,); alias=default
DEBUG 2025-06-12 23:48:12,187 utils (0.000) SELECT "transaction"."id", "transaction"."user_id", "transaction"."transaction_type", "transaction"."account_id", "transaction"."amount", "transaction"."description", "transaction"."date", "transaction"."category", "transaction"."receiptUrl", "transaction"."isRecurring", "transaction"."recurringInterval", "transaction"."nextRecurringDate", "transaction"."lastProcessedDate", "transaction"."createdAt" FROM "transaction" ORDER BY "transaction"."date" DESC; args=(); alias=default
DEBUG 2025-06-12 23:48:12,211 utils (0.000) SELECT "auth_user"."id", "auth_user"."password", "auth_user"."last_login", "auth_user"."is_superuser", "auth_user"."username", "auth_user"."first_name", "auth_user"."last_name", "auth_user"."email", "auth_user"."is_staff", "auth_user"."is_active", "auth_user"."date_joined" FROM "auth_user" LIMIT 1000; args=(); alias=default
DEBUG 2025-06-12 23:48:12,220 utils (0.000) SELECT "account"."account_type", "account"."isWallet", "account"."id", "account"."isDefault", "account"."user_id", "account"."name", "account"."account_number", "account"."wallet_number", "account"."balance", "account"."createdAt", "account"."updatedAt" FROM "account" ORDER BY "account"."createdAt" DESC LIMIT 1000; args=(); alias=default
DEBUG 2025-06-12 23:48:20,238 utils (0.002) SELECT "django_session"."session_key", "django_session"."session_data", "django_session"."expire_date" FROM "django_session" WHERE ("django_session"."expire_date" > '2025-06-12 18:03:20.234194' AND "django_session"."session_key" = '0s6oj3hlw92k2oz8wrd5t8asramp3k2n') LIMIT 21; args=('2025-06-12 18:03:20.234194', '0s6oj3hlw92k2oz8wrd5t8asramp3k2n'); alias=default
DEBUG 2025-06-12 23:48:20,245 utils (0.000) SELECT "auth_user"."id", "auth_user"."password", "auth_user"."last_login", "auth_user"."is_superuser", "auth_user"."username", "auth_user"."first_name", "auth_user"."last_name", "auth_user"."email", "auth_user"."is_staff", "auth_user"."is_active", "auth_user"."date_joined" FROM "auth_user" WHERE "auth_user"."id" = 2 LIMIT 21; args=(2,); alias=default
DEBUG 2025-06-12 23:48:20,275 utils (0.000) SELECT "transaction"."id", "transaction"."user_id", "transaction"."transaction_type", "transaction"."account_id", "transaction"."amount", "transaction"."description", "transaction"."date", "transaction"."category", "transaction"."receiptUrl", "transaction"."isRecurring", "transaction"."recurringInterval", "transaction"."nextRecurringDate", "transaction"."lastProcessedDate", "transaction"."createdAt" FROM "transaction" ORDER BY "transaction"."date" DESC; args=(); alias=default
DEBUG 2025-06-12 23:48:20,293 utils (0.000) SELECT "auth_user"."id", "auth_user"."password", "auth_user"."last_login", "auth_user"."is_superuser", "auth_user"."username", "auth_user"."first_name", "auth_user"."last_name", "auth_user"."email", "auth_user"."is_staff", "auth_user"."is_active", "auth_user"."date_joined" FROM "auth_user" LIMIT 1000; args=(); alias=default
DEBUG 2025-06-12 23:48:20,302 utils (0.000) SELECT "account"."account_type", "account"."isWallet", "account"."id", "account"."isDefault", "account"."user_id", "account"."name", "account"."account_number", "account"."wallet_number", "account"."balance", "account"."createdAt", "account"."updatedAt" FROM "account" ORDER BY "account"."createdAt" DESC LIMIT 1000; args=(); alias=default
INFO 2025-06-12 23:48:51,012 autoreload E:\ESEWA-FINTRACK-FULLSTACK\fintrack_app\views\transaction.py changed, reloading.
INFO 2025-06-12 23:48:52,838 autoreload Watching for file changes with StatReloader
INFO 2025-06-12 23:49:00,514 autoreload E:\ESEWA-FINTRACK-FULLSTACK\fintrack_app\views\transaction.py changed, reloading.
INFO 2025-06-12 23:49:01,315 autoreload Watching for file changes with StatReloader
DEBUG 2025-06-12 23:49:02,200 utils (0.001) 
            SELECT name, type FROM sqlite_master
            WHERE type in ('table', 'view') AND NOT name='sqlite_sequence'
            ORDER BY name; args=None; alias=default
DEBUG 2025-06-12 23:49:02,205 utils (0.000) SELECT "django_migrations"."id", "django_migrations"."app", "django_migrations"."name", "django_migrations"."applied" FROM "django_migrations"; args=(); alias=default
INFO 2025-06-12 23:49:15,108 autoreload E:\ESEWA-FINTRACK-FULLSTACK\fintrack_app\views\transaction.py changed, reloading.
INFO 2025-06-12 23:49:16,413 autoreload Watching for file changes with StatReloader
DEBUG 2025-06-12 23:49:17,340 utils (0.001) 
            SELECT name, type FROM sqlite_master
            WHERE type in ('table', 'view') AND NOT name='sqlite_sequence'
            ORDER BY name; args=None; alias=default
DEBUG 2025-06-12 23:49:17,346 utils (0.000) SELECT "django_migrations"."id", "django_migrations"."app", "django_migrations"."name", "django_migrations"."applied" FROM "django_migrations"; args=(); alias=default
INFO 2025-06-12 23:49:19,177 autoreload E:\ESEWA-FINTRACK-FULLSTACK\fintrack_app\views\transaction.py changed, reloading.
INFO 2025-06-12 23:49:20,002 autoreload Watching for file changes with StatReloader
INFO 2025-06-12 23:49:26,015 autoreload E:\ESEWA-FINTRACK-FULLSTACK\fintrack_app\views\transaction.py changed, reloading.
INFO 2025-06-12 23:49:27,190 autoreload Watching for file changes with StatReloader
DEBUG 2025-06-12 23:49:28,560 utils (0.002) 
            SELECT name, type FROM sqlite_master
            WHERE type in ('table', 'view') AND NOT name='sqlite_sequence'
            ORDER BY name; args=None; alias=default
DEBUG 2025-06-12 23:49:28,566 utils (0.000) SELECT "django_migrations"."id", "django_migrations"."app", "django_migrations"."name", "django_migrations"."applied" FROM "django_migrations"; args=(); alias=default
INFO 2025-06-12 23:49:30,520 autoreload E:\ESEWA-FINTRACK-FULLSTACK\fintrack_app\views\transaction.py changed, reloading.
INFO 2025-06-12 23:49:31,544 autoreload Watching for file changes with StatReloader
DEBUG 2025-06-12 23:49:32,684 utils (0.001) 
            SELECT name, type FROM sqlite_master
            WHERE type in ('table', 'view') AND NOT name='sqlite_sequence'
            ORDER BY name; args=None; alias=default
DEBUG 2025-06-12 23:49:32,691 utils (0.000) SELECT "django_migrations"."id", "django_migrations"."app", "django_migrations"."name", "django_migrations"."applied" FROM "django_migrations"; args=(); alias=default
INFO 2025-06-12 23:49:36,095 autoreload E:\ESEWA-FINTRACK-FULLSTACK\fintrack_app\views\transaction.py changed, reloading.
INFO 2025-06-12 23:49:37,429 autoreload Watching for file changes with StatReloader
DEBUG 2025-06-12 23:49:38,275 utils (0.002) 
            SELECT name, type FROM sqlite_master
            WHERE type in ('table', 'view') AND NOT name='sqlite_sequence'
            ORDER BY name; args=None; alias=default
DEBUG 2025-06-12 23:49:38,281 utils (0.000) SELECT "django_migrations"."id", "django_migrations"."app", "django_migrations"."name", "django_migrations"."applied" FROM "django_migrations"; args=(); alias=default
INFO 2025-06-12 23:49:48,025 autoreload E:\ESEWA-FINTRACK-FULLSTACK\fintrack_app\views\transaction.py changed, reloading.
INFO 2025-06-12 23:49:48,945 autoreload Watching for file changes with StatReloader
INFO 2025-06-12 23:49:51,267 autoreload E:\ESEWA-FINTRACK-FULLSTACK\fintrack_app\views\transaction.py changed, reloading.
INFO 2025-06-12 23:49:52,177 autoreload Watching for file changes with StatReloader
DEBUG 2025-06-12 23:49:53,014 utils (0.001) 
            SELECT name, type FROM sqlite_master
            WHERE type in ('table', 'view') AND NOT name='sqlite_sequence'
            ORDER BY name; args=None; alias=default
DEBUG 2025-06-12 23:49:53,174 utils (0.000) SELECT "django_migrations"."id", "django_migrations"."app", "django_migrations"."name", "django_migrations"."applied" FROM "django_migrations"; args=(); alias=default
DEBUG 2025-06-12 23:49:56,983 utils (0.001) SELECT "django_session"."session_key", "django_session"."session_data", "django_session"."expire_date" FROM "django_session" WHERE ("django_session"."expire_date" > '2025-06-12 18:04:56.981178' AND "django_session"."session_key" = '0s6oj3hlw92k2oz8wrd5t8asramp3k2n') LIMIT 21; args=('2025-06-12 18:04:56.981178', '0s6oj3hlw92k2oz8wrd5t8asramp3k2n'); alias=default
DEBUG 2025-06-12 23:49:56,986 utils (0.000) SELECT "auth_user"."id", "auth_user"."password", "auth_user"."last_login", "auth_user"."is_superuser", "auth_user"."username", "auth_user"."first_name", "auth_user"."last_name", "auth_user"."email", "auth_user"."is_staff", "auth_user"."is_active", "auth_user"."date_joined" FROM "auth_user" WHERE "auth_user"."id" = 2 LIMIT 21; args=(2,); alias=default
DEBUG 2025-06-12 23:49:56,995 utils (0.000) SELECT "transaction"."id", "transaction"."user_id", "transaction"."transaction_type", "transaction"."account_id", "transaction"."amount", "transaction"."description", "transaction"."date", "transaction"."category", "transaction"."receiptUrl", "transaction"."isRecurring", "transaction"."recurringInterval", "transaction"."nextRecurringDate", "transaction"."lastProcessedDate", "transaction"."createdAt" FROM "transaction" WHERE "transaction"."user_id" = 2 ORDER BY "transaction"."date" DESC; args=(2,); alias=default
DEBUG 2025-06-12 23:49:57,009 utils (0.000) SELECT "auth_user"."id", "auth_user"."password", "auth_user"."last_login", "auth_user"."is_superuser", "auth_user"."username", "auth_user"."first_name", "auth_user"."last_name", "auth_user"."email", "auth_user"."is_staff", "auth_user"."is_active", "auth_user"."date_joined" FROM "auth_user" LIMIT 1000; args=(); alias=default
DEBUG 2025-06-12 23:49:57,018 utils (0.000) SELECT "account"."account_type", "account"."isWallet", "account"."id", "account"."isDefault", "account"."user_id", "account"."name", "account"."account_number", "account"."wallet_number", "account"."balance", "account"."createdAt", "account"."updatedAt" FROM "account" ORDER BY "account"."createdAt" DESC LIMIT 1000; args=(); alias=default
DEBUG 2025-06-12 23:50:04,528 utils (0.002) SELECT "django_session"."session_key", "django_session"."session_data", "django_session"."expire_date" FROM "django_session" WHERE ("django_session"."expire_date" > '2025-06-12 18:05:04.525136' AND "django_session"."session_key" = '0s6oj3hlw92k2oz8wrd5t8asramp3k2n') LIMIT 21; args=('2025-06-12 18:05:04.525136', '0s6oj3hlw92k2oz8wrd5t8asramp3k2n'); alias=default
DEBUG 2025-06-12 23:50:04,534 utils (0.000) SELECT "auth_user"."id", "auth_user"."password", "auth_user"."last_login", "auth_user"."is_superuser", "auth_user"."username", "auth_user"."first_name", "auth_user"."last_name", "auth_user"."email", "auth_user"."is_staff", "auth_user"."is_active", "auth_user"."date_joined" FROM "auth_user" WHERE "auth_user"."id" = 2 LIMIT 21; args=(2,); alias=default
DEBUG 2025-06-12 23:50:04,584 utils (0.001) SELECT "django_session"."session_key", "django_session"."session_data", "django_session"."expire_date" FROM "django_session" WHERE ("django_session"."expire_date" > '2025-06-12 18:05:04.582519' AND "django_session"."session_key" = '0s6oj3hlw92k2oz8wrd5t8asramp3k2n') LIMIT 21; args=('2025-06-12 18:05:04.582519', '0s6oj3hlw92k2oz8wrd5t8asramp3k2n'); alias=default
DEBUG 2025-06-12 23:50:04,587 utils (0.000) SELECT "auth_user"."id", "auth_user"."password", "auth_user"."last_login", "auth_user"."is_superuser", "auth_user"."username", "auth_user"."first_name", "auth_user"."last_name", "auth_user"."email", "auth_user"."is_staff", "auth_user"."is_active", "auth_user"."date_joined" FROM "auth_user" WHERE "auth_user"."id" = 2 LIMIT 21; args=(2,); alias=default
DEBUG 2025-06-12 23:50:04,599 utils (0.000) SELECT "django_content_type"."app_label" AS "content_type__app_label", "auth_permission"."codename" AS "codename" FROM "auth_permission" INNER JOIN "auth_user_user_permissions" ON ("auth_permission"."id" = "auth_user_user_permissions"."permission_id") INNER JOIN "django_content_type" ON ("auth_permission"."content_type_id" = "django_content_type"."id") WHERE "auth_user_user_permissions"."user_id" = 2; args=(2,); alias=default
DEBUG 2025-06-12 23:50:04,608 utils (0.004) SELECT "django_content_type"."app_label" AS "content_type__app_label", "auth_permission"."codename" AS "codename" FROM "auth_permission" INNER JOIN "auth_group_permissions" ON ("auth_permission"."id" = "auth_group_permissions"."permission_id") INNER JOIN "django_content_type" ON ("auth_permission"."content_type_id" = "django_content_type"."id") WHERE "auth_group_permissions"."group_id" IN (SELECT U0."id" FROM "auth_group" U0 INNER JOIN "auth_user_groups" U1 ON (U0."id" = U1."group_id") WHERE U1."user_id" = 2); args=(2,); alias=default
DEBUG 2025-06-12 23:50:04,614 utils (0.000) SELECT "django_site"."id", "django_site"."domain", "django_site"."name" FROM "django_site" WHERE "django_site"."id" = 1 LIMIT 21; args=(1,); alias=default
DEBUG 2025-06-12 23:50:08,594 utils (0.001) SELECT "django_session"."session_key", "django_session"."session_data", "django_session"."expire_date" FROM "django_session" WHERE ("django_session"."expire_date" > '2025-06-12 18:05:08.591898' AND "django_session"."session_key" = '0s6oj3hlw92k2oz8wrd5t8asramp3k2n') LIMIT 21; args=('2025-06-12 18:05:08.591898', '0s6oj3hlw92k2oz8wrd5t8asramp3k2n'); alias=default
DEBUG 2025-06-12 23:50:08,598 utils (0.000) SELECT "auth_user"."id", "auth_user"."password", "auth_user"."last_login", "auth_user"."is_superuser", "auth_user"."username", "auth_user"."first_name", "auth_user"."last_name", "auth_user"."email", "auth_user"."is_staff", "auth_user"."is_active", "auth_user"."date_joined" FROM "auth_user" WHERE "auth_user"."id" = 2 LIMIT 21; args=(2,); alias=default
DEBUG 2025-06-12 23:50:08,604 utils (0.000) SELECT "django_content_type"."app_label" AS "content_type__app_label", "auth_permission"."codename" AS "codename" FROM "auth_permission" INNER JOIN "auth_user_user_permissions" ON ("auth_permission"."id" = "auth_user_user_permissions"."permission_id") INNER JOIN "django_content_type" ON ("auth_permission"."content_type_id" = "django_content_type"."id") WHERE "auth_user_user_permissions"."user_id" = 2; args=(2,); alias=default
DEBUG 2025-06-12 23:50:08,613 utils (0.000) SELECT "django_content_type"."app_label" AS "content_type__app_label", "auth_permission"."codename" AS "codename" FROM "auth_permission" INNER JOIN "auth_group_permissions" ON ("auth_permission"."id" = "auth_group_permissions"."permission_id") INNER JOIN "django_content_type" ON ("auth_permission"."content_type_id" = "django_content_type"."id") WHERE "auth_group_permissions"."group_id" IN (SELECT U0."id" FROM "auth_group" U0 INNER JOIN "auth_user_groups" U1 ON (U0."id" = U1."group_id") WHERE U1."user_id" = 2); args=(2,); alias=default
DEBUG 2025-06-12 23:50:08,615 utils (0.000) SELECT "auth_user"."id", "auth_user"."password", "auth_user"."last_login", "auth_user"."is_superuser", "auth_user"."username", "auth_user"."first_name", "auth_user"."last_name", "auth_user"."email", "auth_user"."is_staff", "auth_user"."is_active", "auth_user"."date_joined" FROM "auth_user" WHERE "auth_user"."username" = 'admin' LIMIT 21; args=('admin',); alias=default
DEBUG 2025-06-12 23:50:09,681 utils (0.000) SELECT "django_session"."session_key", "django_session"."session_data", "django_session"."expire_date" FROM "django_session" WHERE "django_session"."session_key" = '0s6oj3hlw92k2oz8wrd5t8asramp3k2n' LIMIT 21; args=('0s6oj3hlw92k2oz8wrd5t8asramp3k2n',); alias=default
DEBUG 2025-06-12 23:50:09,695 utils (0.013) DELETE FROM "django_session" WHERE "django_session"."session_key" IN ('0s6oj3hlw92k2oz8wrd5t8asramp3k2n'); args=('0s6oj3hlw92k2oz8wrd5t8asramp3k2n',); alias=default
DEBUG 2025-06-12 23:50:09,705 utils (0.007) UPDATE "auth_user" SET "last_login" = '2025-06-12 18:05:09.697426' WHERE "auth_user"."id" = 1; args=('2025-06-12 18:05:09.697426', 1); alias=default
DEBUG 2025-06-12 23:50:09,710 utils (0.001) SELECT 1 AS "a" FROM "django_session" WHERE "django_session"."session_key" = '0fae8qkg4s0b9q17zigosz3eclb0hswy' LIMIT 1; args=(1, '0fae8qkg4s0b9q17zigosz3eclb0hswy'); alias=default
DEBUG 2025-06-12 23:50:09,714 utils (0.000) BEGIN; args=None; alias=default
DEBUG 2025-06-12 23:50:09,716 utils (0.001) INSERT INTO "django_session" ("session_key", "session_data", "expire_date") VALUES ('0fae8qkg4s0b9q17zigosz3eclb0hswy', '.eJxVjEEOwiAQRe_C2hAYBlpcuvcMBJipVA0kpV0Z765NutDtf-_9lwhxW0vYOi9hJnEWWpx-txTzg-sO6B7rrcnc6rrMSe6KPGiX10b8vBzu30GJvXxrUCM5zDgoZDs5Pym27CyNPqPK5FmDs5wiDRB1tkiAxoBjYDA2JRTvD9dmN54:1uPmIX:m3uKBn8yEP62h-jWsXW3mEf4yb8mqjogDfAyxzbyg_U', '2025-06-26 18:05:09.714225'); args=('0fae8qkg4s0b9q17zigosz3eclb0hswy', '.eJxVjEEOwiAQRe_C2hAYBlpcuvcMBJipVA0kpV0Z765NutDtf-_9lwhxW0vYOi9hJnEWWpx-txTzg-sO6B7rrcnc6rrMSe6KPGiX10b8vBzu30GJvXxrUCM5zDgoZDs5Pym27CyNPqPK5FmDs5wiDRB1tkiAxoBjYDA2JRTvD9dmN54:1uPmIX:m3uKBn8yEP62h-jWsXW3mEf4yb8mqjogDfAyxzbyg_U', '2025-06-26 18:05:09.714225'); alias=default
DEBUG 2025-06-12 23:50:09,724 utils (0.005) COMMIT; args=None; alias=default
DEBUG 2025-06-12 23:50:09,733 utils (0.001) SELECT "django_session"."session_key", "django_session"."session_data", "django_session"."expire_date" FROM "django_session" WHERE ("django_session"."expire_date" > '2025-06-12 18:05:09.732349' AND "django_session"."session_key" = '0fae8qkg4s0b9q17zigosz3eclb0hswy') LIMIT 21; args=('2025-06-12 18:05:09.732349', '0fae8qkg4s0b9q17zigosz3eclb0hswy'); alias=default
DEBUG 2025-06-12 23:50:09,736 utils (0.000) SELECT "auth_user"."id", "auth_user"."password", "auth_user"."last_login", "auth_user"."is_superuser", "auth_user"."username", "auth_user"."first_name", "auth_user"."last_name", "auth_user"."email", "auth_user"."is_staff", "auth_user"."is_active", "auth_user"."date_joined" FROM "auth_user" WHERE "auth_user"."id" = 1 LIMIT 21; args=(1,); alias=default
DEBUG 2025-06-12 23:50:09,740 utils (0.001) SELECT COUNT(*) AS "__count" FROM "transaction"; args=(); alias=default
DEBUG 2025-06-12 23:50:09,742 utils (0.000) SELECT COUNT(*) AS "__count" FROM "transaction"; args=(); alias=default
DEBUG 2025-06-12 23:50:09,748 utils (0.000) SELECT "transaction"."id", "transaction"."user_id", "transaction"."transaction_type", "transaction"."account_id", "transaction"."amount", "transaction"."description", "transaction"."date", "transaction"."category", "transaction"."receiptUrl", "transaction"."isRecurring", "transaction"."recurringInterval", "transaction"."nextRecurringDate", "transaction"."lastProcessedDate", "transaction"."createdAt", "auth_user"."id", "auth_user"."password", "auth_user"."last_login", "auth_user"."is_superuser", "auth_user"."username", "auth_user"."first_name", "auth_user"."last_name", "auth_user"."email", "auth_user"."is_staff", "auth_user"."is_active", "auth_user"."date_joined", "account"."account_type", "account"."isWallet", "account"."id", "account"."isDefault", "account"."user_id", "account"."name", "account"."account_number", "account"."wallet_number", "account"."balance", "account"."createdAt", "account"."updatedAt", T4."id", T4."password", T4."last_login", T4."is_superuser", T4."username", T4."first_name", T4."last_name", T4."email", T4."is_staff", T4."is_active", T4."date_joined" FROM "transaction" INNER JOIN "auth_user" ON ("transaction"."user_id" = "auth_user"."id") INNER JOIN "account" ON ("transaction"."account_id" = "account"."id") INNER JOIN "auth_user" T4 ON ("account"."user_id" = T4."id") ORDER BY "transaction"."date" DESC, "transaction"."id" DESC; args=(); alias=default
DEBUG 2025-06-12 23:50:09,877 utils (0.001) SELECT "django_session"."session_key", "django_session"."session_data", "django_session"."expire_date" FROM "django_session" WHERE ("django_session"."expire_date" > '2025-06-12 18:05:09.875283' AND "django_session"."session_key" = '0fae8qkg4s0b9q17zigosz3eclb0hswy') LIMIT 21; args=('2025-06-12 18:05:09.875283', '0fae8qkg4s0b9q17zigosz3eclb0hswy'); alias=default
DEBUG 2025-06-12 23:50:09,882 utils (0.000) SELECT "auth_user"."id", "auth_user"."password", "auth_user"."last_login", "auth_user"."is_superuser", "auth_user"."username", "auth_user"."first_name", "auth_user"."last_name", "auth_user"."email", "auth_user"."is_staff", "auth_user"."is_active", "auth_user"."date_joined" FROM "auth_user" WHERE "auth_user"."id" = 1 LIMIT 21; args=(1,); alias=default
DEBUG 2025-06-12 23:50:13,692 utils (0.001) SELECT "django_session"."session_key", "django_session"."session_data", "django_session"."expire_date" FROM "django_session" WHERE ("django_session"."expire_date" > '2025-06-12 18:05:13.691146' AND "django_session"."session_key" = '0fae8qkg4s0b9q17zigosz3eclb0hswy') LIMIT 21; args=('2025-06-12 18:05:13.691146', '0fae8qkg4s0b9q17zigosz3eclb0hswy'); alias=default
DEBUG 2025-06-12 23:50:13,697 utils (0.000) SELECT "auth_user"."id", "auth_user"."password", "auth_user"."last_login", "auth_user"."is_superuser", "auth_user"."username", "auth_user"."first_name", "auth_user"."last_name", "auth_user"."email", "auth_user"."is_staff", "auth_user"."is_active", "auth_user"."date_joined" FROM "auth_user" WHERE "auth_user"."id" = 1 LIMIT 21; args=(1,); alias=default
DEBUG 2025-06-12 23:50:13,706 utils (0.000) SELECT "transaction"."id", "transaction"."user_id", "transaction"."transaction_type", "transaction"."account_id", "transaction"."amount", "transaction"."description", "transaction"."date", "transaction"."category", "transaction"."receiptUrl", "transaction"."isRecurring", "transaction"."recurringInterval", "transaction"."nextRecurringDate", "transaction"."lastProcessedDate", "transaction"."createdAt" FROM "transaction" WHERE "transaction"."id" = 11 LIMIT 21; args=(11,); alias=default
DEBUG 2025-06-12 23:50:13,731 utils (0.000) SELECT "django_content_type"."id", "django_content_type"."app_label", "django_content_type"."model" FROM "django_content_type" WHERE ("django_content_type"."app_label" = 'fintrack_app' AND "django_content_type"."model" = 'transaction') LIMIT 21; args=('fintrack_app', 'transaction'); alias=default
DEBUG 2025-06-12 23:50:13,751 utils (0.000) SELECT "auth_user"."id", "auth_user"."password", "auth_user"."last_login", "auth_user"."is_superuser", "auth_user"."username", "auth_user"."first_name", "auth_user"."last_name", "auth_user"."email", "auth_user"."is_staff", "auth_user"."is_active", "auth_user"."date_joined" FROM "auth_user" ORDER BY "auth_user"."username" ASC; args=(); alias=default
DEBUG 2025-06-12 23:50:13,761 utils (0.000) SELECT "account"."account_type", "account"."isWallet", "account"."id", "account"."isDefault", "account"."user_id", "account"."name", "account"."account_number", "account"."wallet_number", "account"."balance", "account"."createdAt", "account"."updatedAt" FROM "account" ORDER BY "account"."createdAt" DESC; args=(); alias=default
DEBUG 2025-06-12 23:50:13,837 utils (0.001) SELECT "django_session"."session_key", "django_session"."session_data", "django_session"."expire_date" FROM "django_session" WHERE ("django_session"."expire_date" > '2025-06-12 18:05:13.835298' AND "django_session"."session_key" = '0fae8qkg4s0b9q17zigosz3eclb0hswy') LIMIT 21; args=('2025-06-12 18:05:13.835298', '0fae8qkg4s0b9q17zigosz3eclb0hswy'); alias=default
DEBUG 2025-06-12 23:50:13,848 utils (0.000) SELECT "auth_user"."id", "auth_user"."password", "auth_user"."last_login", "auth_user"."is_superuser", "auth_user"."username", "auth_user"."first_name", "auth_user"."last_name", "auth_user"."email", "auth_user"."is_staff", "auth_user"."is_active", "auth_user"."date_joined" FROM "auth_user" WHERE "auth_user"."id" = 1 LIMIT 21; args=(1,); alias=default
DEBUG 2025-06-12 23:50:18,873 utils (0.001) SELECT "django_session"."session_key", "django_session"."session_data", "django_session"."expire_date" FROM "django_session" WHERE ("django_session"."expire_date" > '2025-06-12 18:05:18.869729' AND "django_session"."session_key" = '0fae8qkg4s0b9q17zigosz3eclb0hswy') LIMIT 21; args=('2025-06-12 18:05:18.869729', '0fae8qkg4s0b9q17zigosz3eclb0hswy'); alias=default
DEBUG 2025-06-12 23:50:18,878 utils (0.000) SELECT "auth_user"."id", "auth_user"."password", "auth_user"."last_login", "auth_user"."is_superuser", "auth_user"."username", "auth_user"."first_name", "auth_user"."last_name", "auth_user"."email", "auth_user"."is_staff", "auth_user"."is_active", "auth_user"."date_joined" FROM "auth_user" WHERE "auth_user"."id" = 1 LIMIT 21; args=(1,); alias=default
DEBUG 2025-06-12 23:50:18,883 utils (0.000) BEGIN; args=None; alias=default
DEBUG 2025-06-12 23:50:18,885 utils (0.000) SELECT "transaction"."id", "transaction"."user_id", "transaction"."transaction_type", "transaction"."account_id", "transaction"."amount", "transaction"."description", "transaction"."date", "transaction"."category", "transaction"."receiptUrl", "transaction"."isRecurring", "transaction"."recurringInterval", "transaction"."nextRecurringDate", "transaction"."lastProcessedDate", "transaction"."createdAt" FROM "transaction" WHERE "transaction"."id" = 11 LIMIT 21; args=(11,); alias=default
DEBUG 2025-06-12 23:50:18,897 utils (0.000) SELECT "auth_user"."id", "auth_user"."password", "auth_user"."last_login", "auth_user"."is_superuser", "auth_user"."username", "auth_user"."first_name", "auth_user"."last_name", "auth_user"."email", "auth_user"."is_staff", "auth_user"."is_active", "auth_user"."date_joined" FROM "auth_user" WHERE "auth_user"."id" = 2 LIMIT 21; args=(2,); alias=default
DEBUG 2025-06-12 23:50:18,900 utils (0.000) SELECT "account"."account_type", "account"."isWallet", "account"."id", "account"."isDefault", "account"."user_id", "account"."name", "account"."account_number", "account"."wallet_number", "account"."balance", "account"."createdAt", "account"."updatedAt" FROM "account" WHERE "account"."id" = 4 LIMIT 21; args=(4,); alias=default
DEBUG 2025-06-12 23:50:18,910 utils (0.000) SELECT 1 AS "a" FROM "auth_user" WHERE "auth_user"."id" = 2 LIMIT 1; args=(1, 2); alias=default
DEBUG 2025-06-12 23:50:18,912 utils (0.000) SELECT 1 AS "a" FROM "account" WHERE "account"."id" = 4 LIMIT 1; args=(1, 4); alias=default
DEBUG 2025-06-12 23:50:18,914 utils (0.000) SELECT COUNT(*) AS "__count" FROM "account" WHERE ("account"."user_id" = 2 AND "account"."id" = 4); args=(2, 4); alias=default
DEBUG 2025-06-12 23:50:18,919 utils (0.000) COMMIT; args=None; alias=default
DEBUG 2025-06-12 23:50:18,932 utils (0.000) SELECT "auth_user"."id", "auth_user"."password", "auth_user"."last_login", "auth_user"."is_superuser", "auth_user"."username", "auth_user"."first_name", "auth_user"."last_name", "auth_user"."email", "auth_user"."is_staff", "auth_user"."is_active", "auth_user"."date_joined" FROM "auth_user" ORDER BY "auth_user"."username" ASC; args=(); alias=default
DEBUG 2025-06-12 23:50:18,945 utils (0.000) SELECT "account"."account_type", "account"."isWallet", "account"."id", "account"."isDefault", "account"."user_id", "account"."name", "account"."account_number", "account"."wallet_number", "account"."balance", "account"."createdAt", "account"."updatedAt" FROM "account" ORDER BY "account"."createdAt" DESC; args=(); alias=default
DEBUG 2025-06-12 23:50:19,026 utils (0.001) SELECT "django_session"."session_key", "django_session"."session_data", "django_session"."expire_date" FROM "django_session" WHERE ("django_session"."expire_date" > '2025-06-12 18:05:19.024083' AND "django_session"."session_key" = '0fae8qkg4s0b9q17zigosz3eclb0hswy') LIMIT 21; args=('2025-06-12 18:05:19.024083', '0fae8qkg4s0b9q17zigosz3eclb0hswy'); alias=default
DEBUG 2025-06-12 23:50:19,031 utils (0.000) SELECT "auth_user"."id", "auth_user"."password", "auth_user"."last_login", "auth_user"."is_superuser", "auth_user"."username", "auth_user"."first_name", "auth_user"."last_name", "auth_user"."email", "auth_user"."is_staff", "auth_user"."is_active", "auth_user"."date_joined" FROM "auth_user" WHERE "auth_user"."id" = 1 LIMIT 21; args=(1,); alias=default
DEBUG 2025-06-12 23:50:25,111 utils (0.001) SELECT "django_session"."session_key", "django_session"."session_data", "django_session"."expire_date" FROM "django_session" WHERE ("django_session"."expire_date" > '2025-06-12 18:05:25.108307' AND "django_session"."session_key" = '0fae8qkg4s0b9q17zigosz3eclb0hswy') LIMIT 21; args=('2025-06-12 18:05:25.108307', '0fae8qkg4s0b9q17zigosz3eclb0hswy'); alias=default
DEBUG 2025-06-12 23:50:25,116 utils (0.000) SELECT "auth_user"."id", "auth_user"."password", "auth_user"."last_login", "auth_user"."is_superuser", "auth_user"."username", "auth_user"."first_name", "auth_user"."last_name", "auth_user"."email", "auth_user"."is_staff", "auth_user"."is_active", "auth_user"."date_joined" FROM "auth_user" WHERE "auth_user"."id" = 1 LIMIT 21; args=(1,); alias=default
DEBUG 2025-06-12 23:50:25,136 utils (0.001) SELECT COUNT(*) AS "__count" FROM "account"; args=(); alias=default
DEBUG 2025-06-12 23:50:25,147 utils (0.000) SELECT COUNT(*) AS "__count" FROM "account"; args=(); alias=default
DEBUG 2025-06-12 23:50:25,156 utils (0.001) SELECT "account"."account_type", "account"."isWallet", "account"."id", "account"."isDefault", "account"."user_id", "account"."name", "account"."account_number", "account"."wallet_number", "account"."balance", "account"."createdAt", "account"."updatedAt" FROM "account" ORDER BY "account"."createdAt" DESC, "account"."id" DESC; args=(); alias=default
DEBUG 2025-06-12 23:50:25,233 utils (0.001) SELECT "django_session"."session_key", "django_session"."session_data", "django_session"."expire_date" FROM "django_session" WHERE ("django_session"."expire_date" > '2025-06-12 18:05:25.231043' AND "django_session"."session_key" = '0fae8qkg4s0b9q17zigosz3eclb0hswy') LIMIT 21; args=('2025-06-12 18:05:25.231043', '0fae8qkg4s0b9q17zigosz3eclb0hswy'); alias=default
DEBUG 2025-06-12 23:50:25,245 utils (0.000) SELECT "auth_user"."id", "auth_user"."password", "auth_user"."last_login", "auth_user"."is_superuser", "auth_user"."username", "auth_user"."first_name", "auth_user"."last_name", "auth_user"."email", "auth_user"."is_staff", "auth_user"."is_active", "auth_user"."date_joined" FROM "auth_user" WHERE "auth_user"."id" = 1 LIMIT 21; args=(1,); alias=default
DEBUG 2025-06-12 23:50:31,073 utils (0.002) SELECT "django_session"."session_key", "django_session"."session_data", "django_session"."expire_date" FROM "django_session" WHERE ("django_session"."expire_date" > '2025-06-12 18:05:31.068731' AND "django_session"."session_key" = '0fae8qkg4s0b9q17zigosz3eclb0hswy') LIMIT 21; args=('2025-06-12 18:05:31.068731', '0fae8qkg4s0b9q17zigosz3eclb0hswy'); alias=default
DEBUG 2025-06-12 23:50:31,081 utils (0.001) SELECT "auth_user"."id", "auth_user"."password", "auth_user"."last_login", "auth_user"."is_superuser", "auth_user"."username", "auth_user"."first_name", "auth_user"."last_name", "auth_user"."email", "auth_user"."is_staff", "auth_user"."is_active", "auth_user"."date_joined" FROM "auth_user" WHERE "auth_user"."id" = 1 LIMIT 21; args=(1,); alias=default
DEBUG 2025-06-12 23:50:31,099 utils (0.000) SELECT "account"."account_type", "account"."isWallet", "account"."id", "account"."isDefault", "account"."user_id", "account"."name", "account"."account_number", "account"."wallet_number", "account"."balance", "account"."createdAt", "account"."updatedAt" FROM "account" WHERE "account"."id" = 4 LIMIT 21; args=(4,); alias=default
DEBUG 2025-06-12 23:50:31,116 utils (0.000) SELECT "django_content_type"."id", "django_content_type"."app_label", "django_content_type"."model" FROM "django_content_type" WHERE ("django_content_type"."app_label" = 'fintrack_app' AND "django_content_type"."model" = 'account') LIMIT 21; args=('fintrack_app', 'account'); alias=default
DEBUG 2025-06-12 23:50:31,144 utils (0.000) SELECT "auth_user"."id", "auth_user"."password", "auth_user"."last_login", "auth_user"."is_superuser", "auth_user"."username", "auth_user"."first_name", "auth_user"."last_name", "auth_user"."email", "auth_user"."is_staff", "auth_user"."is_active", "auth_user"."date_joined" FROM "auth_user" ORDER BY "auth_user"."username" ASC; args=(); alias=default
DEBUG 2025-06-12 23:50:31,203 utils (0.002) SELECT "django_session"."session_key", "django_session"."session_data", "django_session"."expire_date" FROM "django_session" WHERE ("django_session"."expire_date" > '2025-06-12 18:05:31.198896' AND "django_session"."session_key" = '0fae8qkg4s0b9q17zigosz3eclb0hswy') LIMIT 21; args=('2025-06-12 18:05:31.198896', '0fae8qkg4s0b9q17zigosz3eclb0hswy'); alias=default
DEBUG 2025-06-12 23:50:31,209 utils (0.000) SELECT "auth_user"."id", "auth_user"."password", "auth_user"."last_login", "auth_user"."is_superuser", "auth_user"."username", "auth_user"."first_name", "auth_user"."last_name", "auth_user"."email", "auth_user"."is_staff", "auth_user"."is_active", "auth_user"."date_joined" FROM "auth_user" WHERE "auth_user"."id" = 1 LIMIT 21; args=(1,); alias=default
DEBUG 2025-06-12 23:50:36,637 utils (0.003) SELECT "django_session"."session_key", "django_session"."session_data", "django_session"."expire_date" FROM "django_session" WHERE ("django_session"."expire_date" > '2025-06-12 18:05:36.632705' AND "django_session"."session_key" = '0fae8qkg4s0b9q17zigosz3eclb0hswy') LIMIT 21; args=('2025-06-12 18:05:36.632705', '0fae8qkg4s0b9q17zigosz3eclb0hswy'); alias=default
DEBUG 2025-06-12 23:50:36,642 utils (0.000) SELECT "auth_user"."id", "auth_user"."password", "auth_user"."last_login", "auth_user"."is_superuser", "auth_user"."username", "auth_user"."first_name", "auth_user"."last_name", "auth_user"."email", "auth_user"."is_staff", "auth_user"."is_active", "auth_user"."date_joined" FROM "auth_user" WHERE "auth_user"."id" = 1 LIMIT 21; args=(1,); alias=default
DEBUG 2025-06-12 23:50:36,649 utils (0.000) BEGIN; args=None; alias=default
DEBUG 2025-06-12 23:50:36,658 utils (0.000) SELECT "account"."account_type", "account"."isWallet", "account"."id", "account"."isDefault", "account"."user_id", "account"."name", "account"."account_number", "account"."wallet_number", "account"."balance", "account"."createdAt", "account"."updatedAt" FROM "account" WHERE "account"."id" = 4 LIMIT 21; args=(4,); alias=default
DEBUG 2025-06-12 23:50:36,664 utils (0.000) SELECT "auth_user"."id", "auth_user"."password", "auth_user"."last_login", "auth_user"."is_superuser", "auth_user"."username", "auth_user"."first_name", "auth_user"."last_name", "auth_user"."email", "auth_user"."is_staff", "auth_user"."is_active", "auth_user"."date_joined" FROM "auth_user" WHERE "auth_user"."id" = 2 LIMIT 21; args=(2,); alias=default
DEBUG 2025-06-12 23:50:36,668 utils (0.000) SELECT 1 AS "a" FROM "auth_user" WHERE "auth_user"."id" = 2 LIMIT 1; args=(1, 2); alias=default
DEBUG 2025-06-12 23:50:36,672 utils (0.000) SELECT 1 AS "a" FROM "account" WHERE ("account"."account_number" = 21212 AND NOT ("account"."id" = 4)) LIMIT 1; args=(1, 21212, 4); alias=default
DEBUG 2025-06-12 23:50:36,674 utils (0.000) SELECT 1 AS "a" FROM "auth_user" WHERE "auth_user"."id" = 2 LIMIT 1; args=(1, 2); alias=default
DEBUG 2025-06-12 23:50:36,675 utils (0.000) SELECT 1 AS "a" FROM "account" WHERE ("account"."account_number" = 21212 AND NOT ("account"."id" = 4)) LIMIT 1; args=(1, 21212, 4); alias=default
DEBUG 2025-06-12 23:50:36,678 utils (0.001) UPDATE "account" SET "account_type" = 'saving', "isWallet" = 0, "isDefault" = 0, "user_id" = 2, "name" = 'ayush_Laxmi', "account_number" = 21212, "wallet_number" = NULL, "balance" = '1212.00', "createdAt" = '2025-06-12 18:05:36.677352', "updatedAt" = '2025-06-12 05:58:10.945028' WHERE "account"."id" = 4; args=('saving', False, False, 2, 'ayush_Laxmi', 21212, Decimal('1212.00'), '2025-06-12 18:05:36.677352', '2025-06-12 05:58:10.945028', 4); alias=default
DEBUG 2025-06-12 23:50:36,682 utils (0.000) INSERT INTO "django_admin_log" ("action_time", "user_id", "content_type_id", "object_id", "object_repr", "action_flag", "change_message") VALUES ('2025-06-12 18:05:36.681806', 1, 7, '4', 'ayush_Laxmi', 2, '[{"changed": {"fields": ["User"]}}]') RETURNING "django_admin_log"."id"; args=('2025-06-12 18:05:36.681806', 1, 7, '4', 'ayush_Laxmi', 2, '[{"changed": {"fields": ["User"]}}]'); alias=default
DEBUG 2025-06-12 23:50:36,701 utils (0.008) COMMIT; args=None; alias=default
DEBUG 2025-06-12 23:50:36,714 utils (0.001) SELECT "django_session"."session_key", "django_session"."session_data", "django_session"."expire_date" FROM "django_session" WHERE ("django_session"."expire_date" > '2025-06-12 18:05:36.713140' AND "django_session"."session_key" = '0fae8qkg4s0b9q17zigosz3eclb0hswy') LIMIT 21; args=('2025-06-12 18:05:36.713140', '0fae8qkg4s0b9q17zigosz3eclb0hswy'); alias=default
DEBUG 2025-06-12 23:50:36,717 utils (0.000) SELECT "auth_user"."id", "auth_user"."password", "auth_user"."last_login", "auth_user"."is_superuser", "auth_user"."username", "auth_user"."first_name", "auth_user"."last_name", "auth_user"."email", "auth_user"."is_staff", "auth_user"."is_active", "auth_user"."date_joined" FROM "auth_user" WHERE "auth_user"."id" = 1 LIMIT 21; args=(1,); alias=default
DEBUG 2025-06-12 23:50:36,727 utils (0.000) SELECT COUNT(*) AS "__count" FROM "account"; args=(); alias=default
DEBUG 2025-06-12 23:50:36,729 utils (0.000) SELECT COUNT(*) AS "__count" FROM "account"; args=(); alias=default
DEBUG 2025-06-12 23:50:36,733 utils (0.000) SELECT "account"."account_type", "account"."isWallet", "account"."id", "account"."isDefault", "account"."user_id", "account"."name", "account"."account_number", "account"."wallet_number", "account"."balance", "account"."createdAt", "account"."updatedAt" FROM "account" ORDER BY "account"."createdAt" DESC, "account"."id" DESC; args=(); alias=default
DEBUG 2025-06-12 23:50:36,807 utils (0.001) SELECT "django_session"."session_key", "django_session"."session_data", "django_session"."expire_date" FROM "django_session" WHERE ("django_session"."expire_date" > '2025-06-12 18:05:36.804920' AND "django_session"."session_key" = '0fae8qkg4s0b9q17zigosz3eclb0hswy') LIMIT 21; args=('2025-06-12 18:05:36.804920', '0fae8qkg4s0b9q17zigosz3eclb0hswy'); alias=default
DEBUG 2025-06-12 23:50:36,815 utils (0.000) SELECT "auth_user"."id", "auth_user"."password", "auth_user"."last_login", "auth_user"."is_superuser", "auth_user"."username", "auth_user"."first_name", "auth_user"."last_name", "auth_user"."email", "auth_user"."is_staff", "auth_user"."is_active", "auth_user"."date_joined" FROM "auth_user" WHERE "auth_user"."id" = 1 LIMIT 21; args=(1,); alias=default
DEBUG 2025-06-12 23:50:48,255 utils (0.001) SELECT "django_session"."session_key", "django_session"."session_data", "django_session"."expire_date" FROM "django_session" WHERE ("django_session"."expire_date" > '2025-06-12 18:05:48.252848' AND "django_session"."session_key" = '0fae8qkg4s0b9q17zigosz3eclb0hswy') LIMIT 21; args=('2025-06-12 18:05:48.252848', '0fae8qkg4s0b9q17zigosz3eclb0hswy'); alias=default
DEBUG 2025-06-12 23:50:48,257 utils (0.000) SELECT "auth_user"."id", "auth_user"."password", "auth_user"."last_login", "auth_user"."is_superuser", "auth_user"."username", "auth_user"."first_name", "auth_user"."last_name", "auth_user"."email", "auth_user"."is_staff", "auth_user"."is_active", "auth_user"."date_joined" FROM "auth_user" WHERE "auth_user"."id" = 1 LIMIT 21; args=(1,); alias=default
DEBUG 2025-06-12 23:50:48,260 utils (0.000) SELECT "account"."account_type", "account"."isWallet", "account"."id", "account"."isDefault", "account"."user_id", "account"."name", "account"."account_number", "account"."wallet_number", "account"."balance", "account"."createdAt", "account"."updatedAt" FROM "account" WHERE "account"."id" = 4 LIMIT 21; args=(4,); alias=default
DEBUG 2025-06-12 23:50:48,298 utils (0.000) SELECT "auth_user"."id", "auth_user"."password", "auth_user"."last_login", "auth_user"."is_superuser", "auth_user"."username", "auth_user"."first_name", "auth_user"."last_name", "auth_user"."email", "auth_user"."is_staff", "auth_user"."is_active", "auth_user"."date_joined" FROM "auth_user" ORDER BY "auth_user"."username" ASC; args=(); alias=default
DEBUG 2025-06-12 23:50:48,360 utils (0.002) SELECT "django_session"."session_key", "django_session"."session_data", "django_session"."expire_date" FROM "django_session" WHERE ("django_session"."expire_date" > '2025-06-12 18:05:48.356829' AND "django_session"."session_key" = '0fae8qkg4s0b9q17zigosz3eclb0hswy') LIMIT 21; args=('2025-06-12 18:05:48.356829', '0fae8qkg4s0b9q17zigosz3eclb0hswy'); alias=default
DEBUG 2025-06-12 23:50:48,366 utils (0.000) SELECT "auth_user"."id", "auth_user"."password", "auth_user"."last_login", "auth_user"."is_superuser", "auth_user"."username", "auth_user"."first_name", "auth_user"."last_name", "auth_user"."email", "auth_user"."is_staff", "auth_user"."is_active", "auth_user"."date_joined" FROM "auth_user" WHERE "auth_user"."id" = 1 LIMIT 21; args=(1,); alias=default
DEBUG 2025-06-12 23:50:51,216 utils (0.002) SELECT "django_session"."session_key", "django_session"."session_data", "django_session"."expire_date" FROM "django_session" WHERE ("django_session"."expire_date" > '2025-06-12 18:05:51.212695' AND "django_session"."session_key" = '0fae8qkg4s0b9q17zigosz3eclb0hswy') LIMIT 21; args=('2025-06-12 18:05:51.212695', '0fae8qkg4s0b9q17zigosz3eclb0hswy'); alias=default
DEBUG 2025-06-12 23:50:51,222 utils (0.000) SELECT "auth_user"."id", "auth_user"."password", "auth_user"."last_login", "auth_user"."is_superuser", "auth_user"."username", "auth_user"."first_name", "auth_user"."last_name", "auth_user"."email", "auth_user"."is_staff", "auth_user"."is_active", "auth_user"."date_joined" FROM "auth_user" WHERE "auth_user"."id" = 1 LIMIT 21; args=(1,); alias=default
DEBUG 2025-06-12 23:50:51,229 utils (0.000) BEGIN; args=None; alias=default
DEBUG 2025-06-12 23:50:51,236 utils (0.001) SELECT "account"."account_type", "account"."isWallet", "account"."id", "account"."isDefault", "account"."user_id", "account"."name", "account"."account_number", "account"."wallet_number", "account"."balance", "account"."createdAt", "account"."updatedAt" FROM "account" WHERE "account"."id" = 4 LIMIT 21; args=(4,); alias=default
DEBUG 2025-06-12 23:50:51,245 utils (0.000) SELECT "auth_user"."id", "auth_user"."password", "auth_user"."last_login", "auth_user"."is_superuser", "auth_user"."username", "auth_user"."first_name", "auth_user"."last_name", "auth_user"."email", "auth_user"."is_staff", "auth_user"."is_active", "auth_user"."date_joined" FROM "auth_user" WHERE "auth_user"."id" = 2 LIMIT 21; args=(2,); alias=default
DEBUG 2025-06-12 23:50:51,247 utils (0.000) SELECT 1 AS "a" FROM "auth_user" WHERE "auth_user"."id" = 2 LIMIT 1; args=(1, 2); alias=default
DEBUG 2025-06-12 23:50:51,249 utils (0.000) SELECT 1 AS "a" FROM "account" WHERE ("account"."account_number" = 21212 AND NOT ("account"."id" = 4)) LIMIT 1; args=(1, 21212, 4); alias=default
DEBUG 2025-06-12 23:50:51,252 utils (0.000) SELECT 1 AS "a" FROM "auth_user" WHERE "auth_user"."id" = 2 LIMIT 1; args=(1, 2); alias=default
DEBUG 2025-06-12 23:50:51,255 utils (0.000) SELECT 1 AS "a" FROM "account" WHERE ("account"."account_number" = 21212 AND NOT ("account"."id" = 4)) LIMIT 1; args=(1, 21212, 4); alias=default
DEBUG 2025-06-12 23:50:51,263 utils (0.007) UPDATE "account" SET "account_type" = 'saving', "isWallet" = 0, "isDefault" = 0, "user_id" = 2, "name" = 'ayush_Laxmi', "account_number" = 21212, "wallet_number" = NULL, "balance" = '1212.00', "createdAt" = '2025-06-12 18:05:51.256702', "updatedAt" = '2025-06-12 05:58:10.945028' WHERE "account"."id" = 4; args=('saving', False, False, 2, 'ayush_Laxmi', 21212, Decimal('1212.00'), '2025-06-12 18:05:51.256702', '2025-06-12 05:58:10.945028', 4); alias=default
DEBUG 2025-06-12 23:50:51,266 utils (0.000) INSERT INTO "django_admin_log" ("action_time", "user_id", "content_type_id", "object_id", "object_repr", "action_flag", "change_message") VALUES ('2025-06-12 18:05:51.266032', 1, 7, '4', 'ayush_Laxmi', 2, '[]') RETURNING "django_admin_log"."id"; args=('2025-06-12 18:05:51.266032', 1, 7, '4', 'ayush_Laxmi', 2, '[]'); alias=default
DEBUG 2025-06-12 23:50:51,280 utils (0.010) COMMIT; args=None; alias=default
DEBUG 2025-06-12 23:50:51,293 utils (0.002) SELECT "django_session"."session_key", "django_session"."session_data", "django_session"."expire_date" FROM "django_session" WHERE ("django_session"."expire_date" > '2025-06-12 18:05:51.290685' AND "django_session"."session_key" = '0fae8qkg4s0b9q17zigosz3eclb0hswy') LIMIT 21; args=('2025-06-12 18:05:51.290685', '0fae8qkg4s0b9q17zigosz3eclb0hswy'); alias=default
DEBUG 2025-06-12 23:50:51,296 utils (0.000) SELECT "auth_user"."id", "auth_user"."password", "auth_user"."last_login", "auth_user"."is_superuser", "auth_user"."username", "auth_user"."first_name", "auth_user"."last_name", "auth_user"."email", "auth_user"."is_staff", "auth_user"."is_active", "auth_user"."date_joined" FROM "auth_user" WHERE "auth_user"."id" = 1 LIMIT 21; args=(1,); alias=default
DEBUG 2025-06-12 23:50:51,298 utils (0.000) SELECT COUNT(*) AS "__count" FROM "account"; args=(); alias=default
DEBUG 2025-06-12 23:50:51,300 utils (0.000) SELECT COUNT(*) AS "__count" FROM "account"; args=(); alias=default
DEBUG 2025-06-12 23:50:51,308 utils (0.000) SELECT "account"."account_type", "account"."isWallet", "account"."id", "account"."isDefault", "account"."user_id", "account"."name", "account"."account_number", "account"."wallet_number", "account"."balance", "account"."createdAt", "account"."updatedAt" FROM "account" ORDER BY "account"."createdAt" DESC, "account"."id" DESC; args=(); alias=default
DEBUG 2025-06-12 23:50:51,377 utils (0.002) SELECT "django_session"."session_key", "django_session"."session_data", "django_session"."expire_date" FROM "django_session" WHERE ("django_session"."expire_date" > '2025-06-12 18:05:51.373879' AND "django_session"."session_key" = '0fae8qkg4s0b9q17zigosz3eclb0hswy') LIMIT 21; args=('2025-06-12 18:05:51.373879', '0fae8qkg4s0b9q17zigosz3eclb0hswy'); alias=default
DEBUG 2025-06-12 23:50:51,382 utils (0.000) SELECT "auth_user"."id", "auth_user"."password", "auth_user"."last_login", "auth_user"."is_superuser", "auth_user"."username", "auth_user"."first_name", "auth_user"."last_name", "auth_user"."email", "auth_user"."is_staff", "auth_user"."is_active", "auth_user"."date_joined" FROM "auth_user" WHERE "auth_user"."id" = 1 LIMIT 21; args=(1,); alias=default
DEBUG 2025-06-12 23:50:54,771 utils (0.001) SELECT "django_session"."session_key", "django_session"."session_data", "django_session"."expire_date" FROM "django_session" WHERE ("django_session"."expire_date" > '2025-06-12 18:05:54.768481' AND "django_session"."session_key" = '0fae8qkg4s0b9q17zigosz3eclb0hswy') LIMIT 21; args=('2025-06-12 18:05:54.768481', '0fae8qkg4s0b9q17zigosz3eclb0hswy'); alias=default
DEBUG 2025-06-12 23:50:54,773 utils (0.000) SELECT "auth_user"."id", "auth_user"."password", "auth_user"."last_login", "auth_user"."is_superuser", "auth_user"."username", "auth_user"."first_name", "auth_user"."last_name", "auth_user"."email", "auth_user"."is_staff", "auth_user"."is_active", "auth_user"."date_joined" FROM "auth_user" WHERE "auth_user"."id" = 1 LIMIT 21; args=(1,); alias=default
DEBUG 2025-06-12 23:50:54,776 utils (0.000) SELECT "account"."account_type", "account"."isWallet", "account"."id", "account"."isDefault", "account"."user_id", "account"."name", "account"."account_number", "account"."wallet_number", "account"."balance", "account"."createdAt", "account"."updatedAt" FROM "account" WHERE "account"."id" = 3 LIMIT 21; args=(3,); alias=default
DEBUG 2025-06-12 23:50:54,810 utils (0.000) SELECT "auth_user"."id", "auth_user"."password", "auth_user"."last_login", "auth_user"."is_superuser", "auth_user"."username", "auth_user"."first_name", "auth_user"."last_name", "auth_user"."email", "auth_user"."is_staff", "auth_user"."is_active", "auth_user"."date_joined" FROM "auth_user" ORDER BY "auth_user"."username" ASC; args=(); alias=default
DEBUG 2025-06-12 23:50:54,864 utils (0.001) SELECT "django_session"."session_key", "django_session"."session_data", "django_session"."expire_date" FROM "django_session" WHERE ("django_session"."expire_date" > '2025-06-12 18:05:54.862035' AND "django_session"."session_key" = '0fae8qkg4s0b9q17zigosz3eclb0hswy') LIMIT 21; args=('2025-06-12 18:05:54.862035', '0fae8qkg4s0b9q17zigosz3eclb0hswy'); alias=default
DEBUG 2025-06-12 23:50:54,871 utils (0.000) SELECT "auth_user"."id", "auth_user"."password", "auth_user"."last_login", "auth_user"."is_superuser", "auth_user"."username", "auth_user"."first_name", "auth_user"."last_name", "auth_user"."email", "auth_user"."is_staff", "auth_user"."is_active", "auth_user"."date_joined" FROM "auth_user" WHERE "auth_user"."id" = 1 LIMIT 21; args=(1,); alias=default
DEBUG 2025-06-12 23:50:58,212 utils (0.001) SELECT "django_session"."session_key", "django_session"."session_data", "django_session"."expire_date" FROM "django_session" WHERE ("django_session"."expire_date" > '2025-06-12 18:05:58.209369' AND "django_session"."session_key" = '0fae8qkg4s0b9q17zigosz3eclb0hswy') LIMIT 21; args=('2025-06-12 18:05:58.209369', '0fae8qkg4s0b9q17zigosz3eclb0hswy'); alias=default
DEBUG 2025-06-12 23:50:58,215 utils (0.000) SELECT "auth_user"."id", "auth_user"."password", "auth_user"."last_login", "auth_user"."is_superuser", "auth_user"."username", "auth_user"."first_name", "auth_user"."last_name", "auth_user"."email", "auth_user"."is_staff", "auth_user"."is_active", "auth_user"."date_joined" FROM "auth_user" WHERE "auth_user"."id" = 1 LIMIT 21; args=(1,); alias=default
DEBUG 2025-06-12 23:50:58,222 utils (0.000) BEGIN; args=None; alias=default
DEBUG 2025-06-12 23:50:58,225 utils (0.000) SELECT "account"."account_type", "account"."isWallet", "account"."id", "account"."isDefault", "account"."user_id", "account"."name", "account"."account_number", "account"."wallet_number", "account"."balance", "account"."createdAt", "account"."updatedAt" FROM "account" WHERE "account"."id" = 3 LIMIT 21; args=(3,); alias=default
DEBUG 2025-06-12 23:50:58,232 utils (0.000) SELECT "auth_user"."id", "auth_user"."password", "auth_user"."last_login", "auth_user"."is_superuser", "auth_user"."username", "auth_user"."first_name", "auth_user"."last_name", "auth_user"."email", "auth_user"."is_staff", "auth_user"."is_active", "auth_user"."date_joined" FROM "auth_user" WHERE "auth_user"."id" = 2 LIMIT 21; args=(2,); alias=default
DEBUG 2025-06-12 23:50:58,235 utils (0.000) SELECT 1 AS "a" FROM "auth_user" WHERE "auth_user"."id" = 2 LIMIT 1; args=(1, 2); alias=default
DEBUG 2025-06-12 23:50:58,239 utils (0.000) SELECT 1 AS "a" FROM "account" WHERE ("account"."wallet_number" = 21212 AND NOT ("account"."id" = 3)) LIMIT 1; args=(1, 21212, 3); alias=default
DEBUG 2025-06-12 23:50:58,243 utils (0.000) SELECT 1 AS "a" FROM "auth_user" WHERE "auth_user"."id" = 2 LIMIT 1; args=(1, 2); alias=default
DEBUG 2025-06-12 23:50:58,245 utils (0.000) SELECT 1 AS "a" FROM "account" WHERE ("account"."wallet_number" = 21212 AND NOT ("account"."id" = 3)) LIMIT 1; args=(1, 21212, 3); alias=default
DEBUG 2025-06-12 23:50:58,248 utils (0.001) UPDATE "account" SET "account_type" = 'esewa', "isWallet" = 1, "isDefault" = 0, "user_id" = 2, "name" = 'ayush_esewa', "account_number" = NULL, "wallet_number" = 21212, "balance" = '10000.00', "createdAt" = '2025-06-12 18:05:58.247219', "updatedAt" = '2025-06-12 05:56:48.156396' WHERE "account"."id" = 3; args=('esewa', True, False, 2, 'ayush_esewa', 21212, Decimal('10000.00'), '2025-06-12 18:05:58.247219', '2025-06-12 05:56:48.156396', 3); alias=default
DEBUG 2025-06-12 23:50:58,254 utils (0.000) INSERT INTO "django_admin_log" ("action_time", "user_id", "content_type_id", "object_id", "object_repr", "action_flag", "change_message") VALUES ('2025-06-12 18:05:58.253233', 1, 7, '3', 'ayush_esewa', 2, '[]') RETURNING "django_admin_log"."id"; args=('2025-06-12 18:05:58.253233', 1, 7, '3', 'ayush_esewa', 2, '[]'); alias=default
DEBUG 2025-06-12 23:50:58,266 utils (0.007) COMMIT; args=None; alias=default
DEBUG 2025-06-12 23:50:58,279 utils (0.001) SELECT "django_session"."session_key", "django_session"."session_data", "django_session"."expire_date" FROM "django_session" WHERE ("django_session"."expire_date" > '2025-06-12 18:05:58.278171' AND "django_session"."session_key" = '0fae8qkg4s0b9q17zigosz3eclb0hswy') LIMIT 21; args=('2025-06-12 18:05:58.278171', '0fae8qkg4s0b9q17zigosz3eclb0hswy'); alias=default
DEBUG 2025-06-12 23:50:58,282 utils (0.000) SELECT "auth_user"."id", "auth_user"."password", "auth_user"."last_login", "auth_user"."is_superuser", "auth_user"."username", "auth_user"."first_name", "auth_user"."last_name", "auth_user"."email", "auth_user"."is_staff", "auth_user"."is_active", "auth_user"."date_joined" FROM "auth_user" WHERE "auth_user"."id" = 1 LIMIT 21; args=(1,); alias=default
DEBUG 2025-06-12 23:50:58,286 utils (0.000) SELECT COUNT(*) AS "__count" FROM "account"; args=(); alias=default
DEBUG 2025-06-12 23:50:58,289 utils (0.000) SELECT COUNT(*) AS "__count" FROM "account"; args=(); alias=default
DEBUG 2025-06-12 23:50:58,292 utils (0.000) SELECT "account"."account_type", "account"."isWallet", "account"."id", "account"."isDefault", "account"."user_id", "account"."name", "account"."account_number", "account"."wallet_number", "account"."balance", "account"."createdAt", "account"."updatedAt" FROM "account" ORDER BY "account"."createdAt" DESC, "account"."id" DESC; args=(); alias=default
DEBUG 2025-06-12 23:50:58,361 utils (0.002) SELECT "django_session"."session_key", "django_session"."session_data", "django_session"."expire_date" FROM "django_session" WHERE ("django_session"."expire_date" > '2025-06-12 18:05:58.357524' AND "django_session"."session_key" = '0fae8qkg4s0b9q17zigosz3eclb0hswy') LIMIT 21; args=('2025-06-12 18:05:58.357524', '0fae8qkg4s0b9q17zigosz3eclb0hswy'); alias=default
DEBUG 2025-06-12 23:50:58,364 utils (0.000) SELECT "auth_user"."id", "auth_user"."password", "auth_user"."last_login", "auth_user"."is_superuser", "auth_user"."username", "auth_user"."first_name", "auth_user"."last_name", "auth_user"."email", "auth_user"."is_staff", "auth_user"."is_active", "auth_user"."date_joined" FROM "auth_user" WHERE "auth_user"."id" = 1 LIMIT 21; args=(1,); alias=default
DEBUG 2025-06-12 23:51:01,443 utils (0.001) SELECT "django_session"."session_key", "django_session"."session_data", "django_session"."expire_date" FROM "django_session" WHERE ("django_session"."expire_date" > '2025-06-12 18:06:01.441520' AND "django_session"."session_key" = '0fae8qkg4s0b9q17zigosz3eclb0hswy') LIMIT 21; args=('2025-06-12 18:06:01.441520', '0fae8qkg4s0b9q17zigosz3eclb0hswy'); alias=default
DEBUG 2025-06-12 23:51:01,446 utils (0.000) SELECT "auth_user"."id", "auth_user"."password", "auth_user"."last_login", "auth_user"."is_superuser", "auth_user"."username", "auth_user"."first_name", "auth_user"."last_name", "auth_user"."email", "auth_user"."is_staff", "auth_user"."is_active", "auth_user"."date_joined" FROM "auth_user" WHERE "auth_user"."id" = 1 LIMIT 21; args=(1,); alias=default
DEBUG 2025-06-12 23:51:01,456 utils (0.000) SELECT "account"."account_type", "account"."isWallet", "account"."id", "account"."isDefault", "account"."user_id", "account"."name", "account"."account_number", "account"."wallet_number", "account"."balance", "account"."createdAt", "account"."updatedAt" FROM "account" WHERE "account"."id" = 6 LIMIT 21; args=(6,); alias=default
DEBUG 2025-06-12 23:51:01,488 utils (0.000) SELECT "auth_user"."id", "auth_user"."password", "auth_user"."last_login", "auth_user"."is_superuser", "auth_user"."username", "auth_user"."first_name", "auth_user"."last_name", "auth_user"."email", "auth_user"."is_staff", "auth_user"."is_active", "auth_user"."date_joined" FROM "auth_user" ORDER BY "auth_user"."username" ASC; args=(); alias=default
DEBUG 2025-06-12 23:51:01,546 utils (0.001) SELECT "django_session"."session_key", "django_session"."session_data", "django_session"."expire_date" FROM "django_session" WHERE ("django_session"."expire_date" > '2025-06-12 18:06:01.542260' AND "django_session"."session_key" = '0fae8qkg4s0b9q17zigosz3eclb0hswy') LIMIT 21; args=('2025-06-12 18:06:01.542260', '0fae8qkg4s0b9q17zigosz3eclb0hswy'); alias=default
DEBUG 2025-06-12 23:51:01,550 utils (0.001) SELECT "auth_user"."id", "auth_user"."password", "auth_user"."last_login", "auth_user"."is_superuser", "auth_user"."username", "auth_user"."first_name", "auth_user"."last_name", "auth_user"."email", "auth_user"."is_staff", "auth_user"."is_active", "auth_user"."date_joined" FROM "auth_user" WHERE "auth_user"."id" = 1 LIMIT 21; args=(1,); alias=default
DEBUG 2025-06-12 23:51:04,529 utils (0.002) SELECT "django_session"."session_key", "django_session"."session_data", "django_session"."expire_date" FROM "django_session" WHERE ("django_session"."expire_date" > '2025-06-12 18:06:04.525993' AND "django_session"."session_key" = '0fae8qkg4s0b9q17zigosz3eclb0hswy') LIMIT 21; args=('2025-06-12 18:06:04.525993', '0fae8qkg4s0b9q17zigosz3eclb0hswy'); alias=default
DEBUG 2025-06-12 23:51:04,532 utils (0.000) SELECT "auth_user"."id", "auth_user"."password", "auth_user"."last_login", "auth_user"."is_superuser", "auth_user"."username", "auth_user"."first_name", "auth_user"."last_name", "auth_user"."email", "auth_user"."is_staff", "auth_user"."is_active", "auth_user"."date_joined" FROM "auth_user" WHERE "auth_user"."id" = 1 LIMIT 21; args=(1,); alias=default
DEBUG 2025-06-12 23:51:04,539 utils (0.000) BEGIN; args=None; alias=default
DEBUG 2025-06-12 23:51:04,542 utils (0.000) SELECT "account"."account_type", "account"."isWallet", "account"."id", "account"."isDefault", "account"."user_id", "account"."name", "account"."account_number", "account"."wallet_number", "account"."balance", "account"."createdAt", "account"."updatedAt" FROM "account" WHERE "account"."id" = 6 LIMIT 21; args=(6,); alias=default
DEBUG 2025-06-12 23:51:04,548 utils (0.000) SELECT "auth_user"."id", "auth_user"."password", "auth_user"."last_login", "auth_user"."is_superuser", "auth_user"."username", "auth_user"."first_name", "auth_user"."last_name", "auth_user"."email", "auth_user"."is_staff", "auth_user"."is_active", "auth_user"."date_joined" FROM "auth_user" WHERE "auth_user"."id" = 3 LIMIT 21; args=(3,); alias=default
DEBUG 2025-06-12 23:51:04,556 utils (0.000) SELECT 1 AS "a" FROM "auth_user" WHERE "auth_user"."id" = 3 LIMIT 1; args=(1, 3); alias=default
DEBUG 2025-06-12 23:51:04,558 utils (0.000) SELECT 1 AS "a" FROM "account" WHERE ("account"."wallet_number" = 23232 AND NOT ("account"."id" = 6)) LIMIT 1; args=(1, 23232, 6); alias=default
DEBUG 2025-06-12 23:51:04,560 utils (0.000) SELECT 1 AS "a" FROM "auth_user" WHERE "auth_user"."id" = 3 LIMIT 1; args=(1, 3); alias=default
DEBUG 2025-06-12 23:51:04,561 utils (0.000) SELECT 1 AS "a" FROM "account" WHERE ("account"."wallet_number" = 23232 AND NOT ("account"."id" = 6)) LIMIT 1; args=(1, 23232, 6); alias=default
DEBUG 2025-06-12 23:51:04,564 utils (0.001) UPDATE "account" SET "account_type" = 'esewa', "isWallet" = 1, "isDefault" = 0, "user_id" = 3, "name" = 'arun_esewa', "account_number" = NULL, "wallet_number" = 23232, "balance" = '2323.00', "createdAt" = '2025-06-12 18:06:04.562937', "updatedAt" = '2025-06-12 05:59:01.539512' WHERE "account"."id" = 6; args=('esewa', True, False, 3, 'arun_esewa', 23232, Decimal('2323.00'), '2025-06-12 18:06:04.562937', '2025-06-12 05:59:01.539512', 6); alias=default
DEBUG 2025-06-12 23:51:04,572 utils (0.000) INSERT INTO "django_admin_log" ("action_time", "user_id", "content_type_id", "object_id", "object_repr", "action_flag", "change_message") VALUES ('2025-06-12 18:06:04.571625', 1, 7, '6', 'arun_esewa', 2, '[{"changed": {"fields": ["User"]}}]') RETURNING "django_admin_log"."id"; args=('2025-06-12 18:06:04.571625', 1, 7, '6', 'arun_esewa', 2, '[{"changed": {"fields": ["User"]}}]'); alias=default
DEBUG 2025-06-12 23:51:04,582 utils (0.007) COMMIT; args=None; alias=default
DEBUG 2025-06-12 23:51:04,595 utils (0.001) SELECT "django_session"."session_key", "django_session"."session_data", "django_session"."expire_date" FROM "django_session" WHERE ("django_session"."expire_date" > '2025-06-12 18:06:04.594386' AND "django_session"."session_key" = '0fae8qkg4s0b9q17zigosz3eclb0hswy') LIMIT 21; args=('2025-06-12 18:06:04.594386', '0fae8qkg4s0b9q17zigosz3eclb0hswy'); alias=default
DEBUG 2025-06-12 23:51:04,598 utils (0.000) SELECT "auth_user"."id", "auth_user"."password", "auth_user"."last_login", "auth_user"."is_superuser", "auth_user"."username", "auth_user"."first_name", "auth_user"."last_name", "auth_user"."email", "auth_user"."is_staff", "auth_user"."is_active", "auth_user"."date_joined" FROM "auth_user" WHERE "auth_user"."id" = 1 LIMIT 21; args=(1,); alias=default
DEBUG 2025-06-12 23:51:04,601 utils (0.000) SELECT COUNT(*) AS "__count" FROM "account"; args=(); alias=default
DEBUG 2025-06-12 23:51:04,607 utils (0.000) SELECT COUNT(*) AS "__count" FROM "account"; args=(); alias=default
DEBUG 2025-06-12 23:51:04,610 utils (0.000) SELECT "account"."account_type", "account"."isWallet", "account"."id", "account"."isDefault", "account"."user_id", "account"."name", "account"."account_number", "account"."wallet_number", "account"."balance", "account"."createdAt", "account"."updatedAt" FROM "account" ORDER BY "account"."createdAt" DESC, "account"."id" DESC; args=(); alias=default
DEBUG 2025-06-12 23:51:04,675 utils (0.001) SELECT "django_session"."session_key", "django_session"."session_data", "django_session"."expire_date" FROM "django_session" WHERE ("django_session"."expire_date" > '2025-06-12 18:06:04.672473' AND "django_session"."session_key" = '0fae8qkg4s0b9q17zigosz3eclb0hswy') LIMIT 21; args=('2025-06-12 18:06:04.672473', '0fae8qkg4s0b9q17zigosz3eclb0hswy'); alias=default
DEBUG 2025-06-12 23:51:04,680 utils (0.000) SELECT "auth_user"."id", "auth_user"."password", "auth_user"."last_login", "auth_user"."is_superuser", "auth_user"."username", "auth_user"."first_name", "auth_user"."last_name", "auth_user"."email", "auth_user"."is_staff", "auth_user"."is_active", "auth_user"."date_joined" FROM "auth_user" WHERE "auth_user"."id" = 1 LIMIT 21; args=(1,); alias=default
DEBUG 2025-06-12 23:51:07,651 utils (0.002) SELECT "django_session"."session_key", "django_session"."session_data", "django_session"."expire_date" FROM "django_session" WHERE ("django_session"."expire_date" > '2025-06-12 18:06:07.647837' AND "django_session"."session_key" = '0fae8qkg4s0b9q17zigosz3eclb0hswy') LIMIT 21; args=('2025-06-12 18:06:07.647837', '0fae8qkg4s0b9q17zigosz3eclb0hswy'); alias=default
DEBUG 2025-06-12 23:51:07,655 utils (0.000) SELECT "auth_user"."id", "auth_user"."password", "auth_user"."last_login", "auth_user"."is_superuser", "auth_user"."username", "auth_user"."first_name", "auth_user"."last_name", "auth_user"."email", "auth_user"."is_staff", "auth_user"."is_active", "auth_user"."date_joined" FROM "auth_user" WHERE "auth_user"."id" = 1 LIMIT 21; args=(1,); alias=default
DEBUG 2025-06-12 23:51:07,659 utils (0.000) SELECT "account"."account_type", "account"."isWallet", "account"."id", "account"."isDefault", "account"."user_id", "account"."name", "account"."account_number", "account"."wallet_number", "account"."balance", "account"."createdAt", "account"."updatedAt" FROM "account" WHERE "account"."id" = 5 LIMIT 21; args=(5,); alias=default
DEBUG 2025-06-12 23:51:07,680 utils (0.000) SELECT "auth_user"."id", "auth_user"."password", "auth_user"."last_login", "auth_user"."is_superuser", "auth_user"."username", "auth_user"."first_name", "auth_user"."last_name", "auth_user"."email", "auth_user"."is_staff", "auth_user"."is_active", "auth_user"."date_joined" FROM "auth_user" ORDER BY "auth_user"."username" ASC; args=(); alias=default
DEBUG 2025-06-12 23:51:07,741 utils (0.001) SELECT "django_session"."session_key", "django_session"."session_data", "django_session"."expire_date" FROM "django_session" WHERE ("django_session"."expire_date" > '2025-06-12 18:06:07.738603' AND "django_session"."session_key" = '0fae8qkg4s0b9q17zigosz3eclb0hswy') LIMIT 21; args=('2025-06-12 18:06:07.738603', '0fae8qkg4s0b9q17zigosz3eclb0hswy'); alias=default
DEBUG 2025-06-12 23:51:07,745 utils (0.000) SELECT "auth_user"."id", "auth_user"."password", "auth_user"."last_login", "auth_user"."is_superuser", "auth_user"."username", "auth_user"."first_name", "auth_user"."last_name", "auth_user"."email", "auth_user"."is_staff", "auth_user"."is_active", "auth_user"."date_joined" FROM "auth_user" WHERE "auth_user"."id" = 1 LIMIT 21; args=(1,); alias=default
DEBUG 2025-06-12 23:51:10,015 utils (0.002) SELECT "django_session"."session_key", "django_session"."session_data", "django_session"."expire_date" FROM "django_session" WHERE ("django_session"."expire_date" > '2025-06-12 18:06:10.011869' AND "django_session"."session_key" = '0fae8qkg4s0b9q17zigosz3eclb0hswy') LIMIT 21; args=('2025-06-12 18:06:10.011869', '0fae8qkg4s0b9q17zigosz3eclb0hswy'); alias=default
DEBUG 2025-06-12 23:51:10,021 utils (0.000) SELECT "auth_user"."id", "auth_user"."password", "auth_user"."last_login", "auth_user"."is_superuser", "auth_user"."username", "auth_user"."first_name", "auth_user"."last_name", "auth_user"."email", "auth_user"."is_staff", "auth_user"."is_active", "auth_user"."date_joined" FROM "auth_user" WHERE "auth_user"."id" = 1 LIMIT 21; args=(1,); alias=default
DEBUG 2025-06-12 23:51:10,031 utils (0.000) BEGIN; args=None; alias=default
DEBUG 2025-06-12 23:51:10,039 utils (0.000) SELECT "account"."account_type", "account"."isWallet", "account"."id", "account"."isDefault", "account"."user_id", "account"."name", "account"."account_number", "account"."wallet_number", "account"."balance", "account"."createdAt", "account"."updatedAt" FROM "account" WHERE "account"."id" = 5 LIMIT 21; args=(5,); alias=default
DEBUG 2025-06-12 23:51:10,043 utils (0.000) SELECT "auth_user"."id", "auth_user"."password", "auth_user"."last_login", "auth_user"."is_superuser", "auth_user"."username", "auth_user"."first_name", "auth_user"."last_name", "auth_user"."email", "auth_user"."is_staff", "auth_user"."is_active", "auth_user"."date_joined" FROM "auth_user" WHERE "auth_user"."id" = 3 LIMIT 21; args=(3,); alias=default
DEBUG 2025-06-12 23:51:10,046 utils (0.000) SELECT 1 AS "a" FROM "auth_user" WHERE "auth_user"."id" = 3 LIMIT 1; args=(1, 3); alias=default
DEBUG 2025-06-12 23:51:10,047 utils (0.000) SELECT 1 AS "a" FROM "account" WHERE ("account"."account_number" = 12121 AND NOT ("account"."id" = 5)) LIMIT 1; args=(1, 12121, 5); alias=default
DEBUG 2025-06-12 23:51:10,049 utils (0.000) SELECT 1 AS "a" FROM "auth_user" WHERE "auth_user"."id" = 3 LIMIT 1; args=(1, 3); alias=default
DEBUG 2025-06-12 23:51:10,052 utils (0.000) SELECT 1 AS "a" FROM "account" WHERE ("account"."account_number" = 12121 AND NOT ("account"."id" = 5)) LIMIT 1; args=(1, 12121, 5); alias=default
DEBUG 2025-06-12 23:51:10,061 utils (0.007) UPDATE "account" SET "account_type" = 'saving', "isWallet" = 0, "isDefault" = 0, "user_id" = 3, "name" = 'arun_Laxmi', "account_number" = 12121, "wallet_number" = NULL, "balance" = '2323.00', "createdAt" = '2025-06-12 18:06:10.053957', "updatedAt" = '2025-06-12 05:58:40.674638' WHERE "account"."id" = 5; args=('saving', False, False, 3, 'arun_Laxmi', 12121, Decimal('2323.00'), '2025-06-12 18:06:10.053957', '2025-06-12 05:58:40.674638', 5); alias=default
DEBUG 2025-06-12 23:51:10,065 utils (0.000) INSERT INTO "django_admin_log" ("action_time", "user_id", "content_type_id", "object_id", "object_repr", "action_flag", "change_message") VALUES ('2025-06-12 18:06:10.064383', 1, 7, '5', 'arun_Laxmi', 2, '[]') RETURNING "django_admin_log"."id"; args=('2025-06-12 18:06:10.064383', 1, 7, '5', 'arun_Laxmi', 2, '[]'); alias=default
DEBUG 2025-06-12 23:51:10,074 utils (0.007) COMMIT; args=None; alias=default
DEBUG 2025-06-12 23:51:10,084 utils (0.002) SELECT "django_session"."session_key", "django_session"."session_data", "django_session"."expire_date" FROM "django_session" WHERE ("django_session"."expire_date" > '2025-06-12 18:06:10.081883' AND "django_session"."session_key" = '0fae8qkg4s0b9q17zigosz3eclb0hswy') LIMIT 21; args=('2025-06-12 18:06:10.081883', '0fae8qkg4s0b9q17zigosz3eclb0hswy'); alias=default
DEBUG 2025-06-12 23:51:10,088 utils (0.000) SELECT "auth_user"."id", "auth_user"."password", "auth_user"."last_login", "auth_user"."is_superuser", "auth_user"."username", "auth_user"."first_name", "auth_user"."last_name", "auth_user"."email", "auth_user"."is_staff", "auth_user"."is_active", "auth_user"."date_joined" FROM "auth_user" WHERE "auth_user"."id" = 1 LIMIT 21; args=(1,); alias=default
DEBUG 2025-06-12 23:51:10,093 utils (0.000) SELECT COUNT(*) AS "__count" FROM "account"; args=(); alias=default
DEBUG 2025-06-12 23:51:10,095 utils (0.000) SELECT COUNT(*) AS "__count" FROM "account"; args=(); alias=default
DEBUG 2025-06-12 23:51:10,098 utils (0.000) SELECT "account"."account_type", "account"."isWallet", "account"."id", "account"."isDefault", "account"."user_id", "account"."name", "account"."account_number", "account"."wallet_number", "account"."balance", "account"."createdAt", "account"."updatedAt" FROM "account" ORDER BY "account"."createdAt" DESC, "account"."id" DESC; args=(); alias=default
DEBUG 2025-06-12 23:51:10,175 utils (0.001) SELECT "django_session"."session_key", "django_session"."session_data", "django_session"."expire_date" FROM "django_session" WHERE ("django_session"."expire_date" > '2025-06-12 18:06:10.171828' AND "django_session"."session_key" = '0fae8qkg4s0b9q17zigosz3eclb0hswy') LIMIT 21; args=('2025-06-12 18:06:10.171828', '0fae8qkg4s0b9q17zigosz3eclb0hswy'); alias=default
DEBUG 2025-06-12 23:51:10,179 utils (0.000) SELECT "auth_user"."id", "auth_user"."password", "auth_user"."last_login", "auth_user"."is_superuser", "auth_user"."username", "auth_user"."first_name", "auth_user"."last_name", "auth_user"."email", "auth_user"."is_staff", "auth_user"."is_active", "auth_user"."date_joined" FROM "auth_user" WHERE "auth_user"."id" = 1 LIMIT 21; args=(1,); alias=default
DEBUG 2025-06-12 23:51:14,234 utils (0.001) SELECT "django_session"."session_key", "django_session"."session_data", "django_session"."expire_date" FROM "django_session" WHERE ("django_session"."expire_date" > '2025-06-12 18:06:14.231445' AND "django_session"."session_key" = '0fae8qkg4s0b9q17zigosz3eclb0hswy') LIMIT 21; args=('2025-06-12 18:06:14.231445', '0fae8qkg4s0b9q17zigosz3eclb0hswy'); alias=default
DEBUG 2025-06-12 23:51:14,237 utils (0.000) SELECT "auth_user"."id", "auth_user"."password", "auth_user"."last_login", "auth_user"."is_superuser", "auth_user"."username", "auth_user"."first_name", "auth_user"."last_name", "auth_user"."email", "auth_user"."is_staff", "auth_user"."is_active", "auth_user"."date_joined" FROM "auth_user" WHERE "auth_user"."id" = 1 LIMIT 21; args=(1,); alias=default
DEBUG 2025-06-12 23:51:14,240 utils (0.000) SELECT "account"."account_type", "account"."isWallet", "account"."id", "account"."isDefault", "account"."user_id", "account"."name", "account"."account_number", "account"."wallet_number", "account"."balance", "account"."createdAt", "account"."updatedAt" FROM "account" WHERE "account"."id" = 2 LIMIT 21; args=(2,); alias=default
DEBUG 2025-06-12 23:51:14,270 utils (0.000) SELECT "auth_user"."id", "auth_user"."password", "auth_user"."last_login", "auth_user"."is_superuser", "auth_user"."username", "auth_user"."first_name", "auth_user"."last_name", "auth_user"."email", "auth_user"."is_staff", "auth_user"."is_active", "auth_user"."date_joined" FROM "auth_user" ORDER BY "auth_user"."username" ASC; args=(); alias=default
DEBUG 2025-06-12 23:51:14,337 utils (0.001) SELECT "django_session"."session_key", "django_session"."session_data", "django_session"."expire_date" FROM "django_session" WHERE ("django_session"."expire_date" > '2025-06-12 18:06:14.335660' AND "django_session"."session_key" = '0fae8qkg4s0b9q17zigosz3eclb0hswy') LIMIT 21; args=('2025-06-12 18:06:14.335660', '0fae8qkg4s0b9q17zigosz3eclb0hswy'); alias=default
DEBUG 2025-06-12 23:51:14,342 utils (0.000) SELECT "auth_user"."id", "auth_user"."password", "auth_user"."last_login", "auth_user"."is_superuser", "auth_user"."username", "auth_user"."first_name", "auth_user"."last_name", "auth_user"."email", "auth_user"."is_staff", "auth_user"."is_active", "auth_user"."date_joined" FROM "auth_user" WHERE "auth_user"."id" = 1 LIMIT 21; args=(1,); alias=default
DEBUG 2025-06-12 23:51:16,306 utils (0.001) SELECT "django_session"."session_key", "django_session"."session_data", "django_session"."expire_date" FROM "django_session" WHERE ("django_session"."expire_date" > '2025-06-12 18:06:16.303491' AND "django_session"."session_key" = '0fae8qkg4s0b9q17zigosz3eclb0hswy') LIMIT 21; args=('2025-06-12 18:06:16.303491', '0fae8qkg4s0b9q17zigosz3eclb0hswy'); alias=default
DEBUG 2025-06-12 23:51:16,309 utils (0.000) SELECT "auth_user"."id", "auth_user"."password", "auth_user"."last_login", "auth_user"."is_superuser", "auth_user"."username", "auth_user"."first_name", "auth_user"."last_name", "auth_user"."email", "auth_user"."is_staff", "auth_user"."is_active", "auth_user"."date_joined" FROM "auth_user" WHERE "auth_user"."id" = 1 LIMIT 21; args=(1,); alias=default
DEBUG 2025-06-12 23:51:16,312 utils (0.000) BEGIN; args=None; alias=default
DEBUG 2025-06-12 23:51:16,314 utils (0.000) SELECT "account"."account_type", "account"."isWallet", "account"."id", "account"."isDefault", "account"."user_id", "account"."name", "account"."account_number", "account"."wallet_number", "account"."balance", "account"."createdAt", "account"."updatedAt" FROM "account" WHERE "account"."id" = 2 LIMIT 21; args=(2,); alias=default
DEBUG 2025-06-12 23:51:16,322 utils (0.000) SELECT "auth_user"."id", "auth_user"."password", "auth_user"."last_login", "auth_user"."is_superuser", "auth_user"."username", "auth_user"."first_name", "auth_user"."last_name", "auth_user"."email", "auth_user"."is_staff", "auth_user"."is_active", "auth_user"."date_joined" FROM "auth_user" WHERE "auth_user"."id" = 1 LIMIT 21; args=(1,); alias=default
DEBUG 2025-06-12 23:51:16,325 utils (0.000) SELECT 1 AS "a" FROM "auth_user" WHERE "auth_user"."id" = 1 LIMIT 1; args=(1, 1); alias=default
DEBUG 2025-06-12 23:51:16,327 utils (0.000) SELECT 1 AS "a" FROM "account" WHERE ("account"."wallet_number" = 32323 AND NOT ("account"."id" = 2)) LIMIT 1; args=(1, 32323, 2); alias=default
DEBUG 2025-06-12 23:51:16,328 utils (0.000) SELECT 1 AS "a" FROM "auth_user" WHERE "auth_user"."id" = 1 LIMIT 1; args=(1, 1); alias=default
DEBUG 2025-06-12 23:51:16,330 utils (0.000) SELECT 1 AS "a" FROM "account" WHERE ("account"."wallet_number" = 32323 AND NOT ("account"."id" = 2)) LIMIT 1; args=(1, 32323, 2); alias=default
DEBUG 2025-06-12 23:51:16,332 utils (0.001) UPDATE "account" SET "account_type" = 'esewa', "isWallet" = 1, "isDefault" = 0, "user_id" = 1, "name" = 'admin_esewa', "account_number" = NULL, "wallet_number" = 32323, "balance" = '2000.00', "createdAt" = '2025-06-12 18:06:16.331158', "updatedAt" = '2025-06-12 05:38:21.242985' WHERE "account"."id" = 2; args=('esewa', True, False, 1, 'admin_esewa', 32323, Decimal('2000.00'), '2025-06-12 18:06:16.331158', '2025-06-12 05:38:21.242985', 2); alias=default
DEBUG 2025-06-12 23:51:16,339 utils (0.001) INSERT INTO "django_admin_log" ("action_time", "user_id", "content_type_id", "object_id", "object_repr", "action_flag", "change_message") VALUES ('2025-06-12 18:06:16.338602', 1, 7, '2', 'admin_esewa', 2, '[]') RETURNING "django_admin_log"."id"; args=('2025-06-12 18:06:16.338602', 1, 7, '2', 'admin_esewa', 2, '[]'); alias=default
DEBUG 2025-06-12 23:51:16,348 utils (0.007) COMMIT; args=None; alias=default
DEBUG 2025-06-12 23:51:16,362 utils (0.001) SELECT "django_session"."session_key", "django_session"."session_data", "django_session"."expire_date" FROM "django_session" WHERE ("django_session"."expire_date" > '2025-06-12 18:06:16.360933' AND "django_session"."session_key" = '0fae8qkg4s0b9q17zigosz3eclb0hswy') LIMIT 21; args=('2025-06-12 18:06:16.360933', '0fae8qkg4s0b9q17zigosz3eclb0hswy'); alias=default
DEBUG 2025-06-12 23:51:16,365 utils (0.000) SELECT "auth_user"."id", "auth_user"."password", "auth_user"."last_login", "auth_user"."is_superuser", "auth_user"."username", "auth_user"."first_name", "auth_user"."last_name", "auth_user"."email", "auth_user"."is_staff", "auth_user"."is_active", "auth_user"."date_joined" FROM "auth_user" WHERE "auth_user"."id" = 1 LIMIT 21; args=(1,); alias=default
DEBUG 2025-06-12 23:51:16,371 utils (0.000) SELECT COUNT(*) AS "__count" FROM "account"; args=(); alias=default
DEBUG 2025-06-12 23:51:16,374 utils (0.000) SELECT COUNT(*) AS "__count" FROM "account"; args=(); alias=default
DEBUG 2025-06-12 23:51:16,378 utils (0.000) SELECT "account"."account_type", "account"."isWallet", "account"."id", "account"."isDefault", "account"."user_id", "account"."name", "account"."account_number", "account"."wallet_number", "account"."balance", "account"."createdAt", "account"."updatedAt" FROM "account" ORDER BY "account"."createdAt" DESC, "account"."id" DESC; args=(); alias=default
DEBUG 2025-06-12 23:51:16,448 utils (0.001) SELECT "django_session"."session_key", "django_session"."session_data", "django_session"."expire_date" FROM "django_session" WHERE ("django_session"."expire_date" > '2025-06-12 18:06:16.445646' AND "django_session"."session_key" = '0fae8qkg4s0b9q17zigosz3eclb0hswy') LIMIT 21; args=('2025-06-12 18:06:16.445646', '0fae8qkg4s0b9q17zigosz3eclb0hswy'); alias=default
DEBUG 2025-06-12 23:51:16,456 utils (0.000) SELECT "auth_user"."id", "auth_user"."password", "auth_user"."last_login", "auth_user"."is_superuser", "auth_user"."username", "auth_user"."first_name", "auth_user"."last_name", "auth_user"."email", "auth_user"."is_staff", "auth_user"."is_active", "auth_user"."date_joined" FROM "auth_user" WHERE "auth_user"."id" = 1 LIMIT 21; args=(1,); alias=default
DEBUG 2025-06-12 23:51:17,536 utils (0.001) SELECT "django_session"."session_key", "django_session"."session_data", "django_session"."expire_date" FROM "django_session" WHERE ("django_session"."expire_date" > '2025-06-12 18:06:17.533890' AND "django_session"."session_key" = '0fae8qkg4s0b9q17zigosz3eclb0hswy') LIMIT 21; args=('2025-06-12 18:06:17.533890', '0fae8qkg4s0b9q17zigosz3eclb0hswy'); alias=default
DEBUG 2025-06-12 23:51:17,539 utils (0.000) SELECT "auth_user"."id", "auth_user"."password", "auth_user"."last_login", "auth_user"."is_superuser", "auth_user"."username", "auth_user"."first_name", "auth_user"."last_name", "auth_user"."email", "auth_user"."is_staff", "auth_user"."is_active", "auth_user"."date_joined" FROM "auth_user" WHERE "auth_user"."id" = 1 LIMIT 21; args=(1,); alias=default
DEBUG 2025-06-12 23:51:17,542 utils (0.000) SELECT "account"."account_type", "account"."isWallet", "account"."id", "account"."isDefault", "account"."user_id", "account"."name", "account"."account_number", "account"."wallet_number", "account"."balance", "account"."createdAt", "account"."updatedAt" FROM "account" WHERE "account"."id" = 1 LIMIT 21; args=(1,); alias=default
DEBUG 2025-06-12 23:51:17,561 utils (0.000) SELECT "auth_user"."id", "auth_user"."password", "auth_user"."last_login", "auth_user"."is_superuser", "auth_user"."username", "auth_user"."first_name", "auth_user"."last_name", "auth_user"."email", "auth_user"."is_staff", "auth_user"."is_active", "auth_user"."date_joined" FROM "auth_user" ORDER BY "auth_user"."username" ASC; args=(); alias=default
DEBUG 2025-06-12 23:51:17,621 utils (0.001) SELECT "django_session"."session_key", "django_session"."session_data", "django_session"."expire_date" FROM "django_session" WHERE ("django_session"."expire_date" > '2025-06-12 18:06:17.617530' AND "django_session"."session_key" = '0fae8qkg4s0b9q17zigosz3eclb0hswy') LIMIT 21; args=('2025-06-12 18:06:17.617530', '0fae8qkg4s0b9q17zigosz3eclb0hswy'); alias=default
DEBUG 2025-06-12 23:51:17,625 utils (0.000) SELECT "auth_user"."id", "auth_user"."password", "auth_user"."last_login", "auth_user"."is_superuser", "auth_user"."username", "auth_user"."first_name", "auth_user"."last_name", "auth_user"."email", "auth_user"."is_staff", "auth_user"."is_active", "auth_user"."date_joined" FROM "auth_user" WHERE "auth_user"."id" = 1 LIMIT 21; args=(1,); alias=default
DEBUG 2025-06-12 23:51:20,648 utils (0.002) SELECT "django_session"."session_key", "django_session"."session_data", "django_session"."expire_date" FROM "django_session" WHERE ("django_session"."expire_date" > '2025-06-12 18:06:20.643977' AND "django_session"."session_key" = '0fae8qkg4s0b9q17zigosz3eclb0hswy') LIMIT 21; args=('2025-06-12 18:06:20.643977', '0fae8qkg4s0b9q17zigosz3eclb0hswy'); alias=default
DEBUG 2025-06-12 23:51:20,654 utils (0.000) SELECT "auth_user"."id", "auth_user"."password", "auth_user"."last_login", "auth_user"."is_superuser", "auth_user"."username", "auth_user"."first_name", "auth_user"."last_name", "auth_user"."email", "auth_user"."is_staff", "auth_user"."is_active", "auth_user"."date_joined" FROM "auth_user" WHERE "auth_user"."id" = 1 LIMIT 21; args=(1,); alias=default
DEBUG 2025-06-12 23:51:20,662 utils (0.000) BEGIN; args=None; alias=default
DEBUG 2025-06-12 23:51:20,669 utils (0.001) SELECT "account"."account_type", "account"."isWallet", "account"."id", "account"."isDefault", "account"."user_id", "account"."name", "account"."account_number", "account"."wallet_number", "account"."balance", "account"."createdAt", "account"."updatedAt" FROM "account" WHERE "account"."id" = 1 LIMIT 21; args=(1,); alias=default
DEBUG 2025-06-12 23:51:20,680 utils (0.000) SELECT "auth_user"."id", "auth_user"."password", "auth_user"."last_login", "auth_user"."is_superuser", "auth_user"."username", "auth_user"."first_name", "auth_user"."last_name", "auth_user"."email", "auth_user"."is_staff", "auth_user"."is_active", "auth_user"."date_joined" FROM "auth_user" WHERE "auth_user"."id" = 1 LIMIT 21; args=(1,); alias=default
DEBUG 2025-06-12 23:51:20,690 utils (0.000) SELECT 1 AS "a" FROM "auth_user" WHERE "auth_user"."id" = 1 LIMIT 1; args=(1, 1); alias=default
DEBUG 2025-06-12 23:51:20,692 utils (0.000) SELECT 1 AS "a" FROM "account" WHERE ("account"."account_number" = 23232 AND NOT ("account"."id" = 1)) LIMIT 1; args=(1, 23232, 1); alias=default
DEBUG 2025-06-12 23:51:20,694 utils (0.000) SELECT 1 AS "a" FROM "auth_user" WHERE "auth_user"."id" = 1 LIMIT 1; args=(1, 1); alias=default
DEBUG 2025-06-12 23:51:20,697 utils (0.000) SELECT 1 AS "a" FROM "account" WHERE ("account"."account_number" = 23232 AND NOT ("account"."id" = 1)) LIMIT 1; args=(1, 23232, 1); alias=default
DEBUG 2025-06-12 23:51:20,705 utils (0.007) UPDATE "account" SET "account_type" = 'saving', "isWallet" = 0, "isDefault" = 0, "user_id" = 1, "name" = 'admin_Laxmi', "account_number" = 23232, "wallet_number" = NULL, "balance" = '1000.00', "createdAt" = '2025-06-12 18:06:20.698050', "updatedAt" = '2025-06-12 05:37:53.302939' WHERE "account"."id" = 1; args=('saving', False, False, 1, 'admin_Laxmi', 23232, Decimal('1000.00'), '2025-06-12 18:06:20.698050', '2025-06-12 05:37:53.302939', 1); alias=default
DEBUG 2025-06-12 23:51:20,708 utils (0.000) INSERT INTO "django_admin_log" ("action_time", "user_id", "content_type_id", "object_id", "object_repr", "action_flag", "change_message") VALUES ('2025-06-12 18:06:20.707577', 1, 7, '1', 'admin_Laxmi', 2, '[]') RETURNING "django_admin_log"."id"; args=('2025-06-12 18:06:20.707577', 1, 7, '1', 'admin_Laxmi', 2, '[]'); alias=default
DEBUG 2025-06-12 23:51:20,718 utils (0.009) COMMIT; args=None; alias=default
DEBUG 2025-06-12 23:51:20,728 utils (0.001) SELECT "django_session"."session_key", "django_session"."session_data", "django_session"."expire_date" FROM "django_session" WHERE ("django_session"."expire_date" > '2025-06-12 18:06:20.727197' AND "django_session"."session_key" = '0fae8qkg4s0b9q17zigosz3eclb0hswy') LIMIT 21; args=('2025-06-12 18:06:20.727197', '0fae8qkg4s0b9q17zigosz3eclb0hswy'); alias=default
DEBUG 2025-06-12 23:51:20,731 utils (0.000) SELECT "auth_user"."id", "auth_user"."password", "auth_user"."last_login", "auth_user"."is_superuser", "auth_user"."username", "auth_user"."first_name", "auth_user"."last_name", "auth_user"."email", "auth_user"."is_staff", "auth_user"."is_active", "auth_user"."date_joined" FROM "auth_user" WHERE "auth_user"."id" = 1 LIMIT 21; args=(1,); alias=default
DEBUG 2025-06-12 23:51:20,738 utils (0.000) SELECT COUNT(*) AS "__count" FROM "account"; args=(); alias=default
DEBUG 2025-06-12 23:51:20,741 utils (0.000) SELECT COUNT(*) AS "__count" FROM "account"; args=(); alias=default
DEBUG 2025-06-12 23:51:20,744 utils (0.000) SELECT "account"."account_type", "account"."isWallet", "account"."id", "account"."isDefault", "account"."user_id", "account"."name", "account"."account_number", "account"."wallet_number", "account"."balance", "account"."createdAt", "account"."updatedAt" FROM "account" ORDER BY "account"."createdAt" DESC, "account"."id" DESC; args=(); alias=default
DEBUG 2025-06-12 23:51:20,814 utils (0.001) SELECT "django_session"."session_key", "django_session"."session_data", "django_session"."expire_date" FROM "django_session" WHERE ("django_session"."expire_date" > '2025-06-12 18:06:20.811425' AND "django_session"."session_key" = '0fae8qkg4s0b9q17zigosz3eclb0hswy') LIMIT 21; args=('2025-06-12 18:06:20.811425', '0fae8qkg4s0b9q17zigosz3eclb0hswy'); alias=default
DEBUG 2025-06-12 23:51:20,821 utils (0.000) SELECT "auth_user"."id", "auth_user"."password", "auth_user"."last_login", "auth_user"."is_superuser", "auth_user"."username", "auth_user"."first_name", "auth_user"."last_name", "auth_user"."email", "auth_user"."is_staff", "auth_user"."is_active", "auth_user"."date_joined" FROM "auth_user" WHERE "auth_user"."id" = 1 LIMIT 21; args=(1,); alias=default
DEBUG 2025-06-12 23:51:27,100 utils (0.001) SELECT "django_session"."session_key", "django_session"."session_data", "django_session"."expire_date" FROM "django_session" WHERE ("django_session"."expire_date" > '2025-06-12 18:06:27.097362' AND "django_session"."session_key" = '0fae8qkg4s0b9q17zigosz3eclb0hswy') LIMIT 21; args=('2025-06-12 18:06:27.097362', '0fae8qkg4s0b9q17zigosz3eclb0hswy'); alias=default
DEBUG 2025-06-12 23:51:27,102 utils (0.000) SELECT "auth_user"."id", "auth_user"."password", "auth_user"."last_login", "auth_user"."is_superuser", "auth_user"."username", "auth_user"."first_name", "auth_user"."last_name", "auth_user"."email", "auth_user"."is_staff", "auth_user"."is_active", "auth_user"."date_joined" FROM "auth_user" WHERE "auth_user"."id" = 1 LIMIT 21; args=(1,); alias=default
DEBUG 2025-06-12 23:51:27,105 utils (0.000) SELECT "transaction"."id", "transaction"."user_id", "transaction"."transaction_type", "transaction"."account_id", "transaction"."amount", "transaction"."description", "transaction"."date", "transaction"."category", "transaction"."receiptUrl", "transaction"."isRecurring", "transaction"."recurringInterval", "transaction"."nextRecurringDate", "transaction"."lastProcessedDate", "transaction"."createdAt" FROM "transaction" WHERE "transaction"."user_id" = 1 ORDER BY "transaction"."date" DESC; args=(1,); alias=default
DEBUG 2025-06-12 23:51:27,123 utils (0.000) SELECT "auth_user"."id", "auth_user"."password", "auth_user"."last_login", "auth_user"."is_superuser", "auth_user"."username", "auth_user"."first_name", "auth_user"."last_name", "auth_user"."email", "auth_user"."is_staff", "auth_user"."is_active", "auth_user"."date_joined" FROM "auth_user" LIMIT 1000; args=(); alias=default
DEBUG 2025-06-12 23:51:27,126 utils (0.000) SELECT "account"."account_type", "account"."isWallet", "account"."id", "account"."isDefault", "account"."user_id", "account"."name", "account"."account_number", "account"."wallet_number", "account"."balance", "account"."createdAt", "account"."updatedAt" FROM "account" ORDER BY "account"."createdAt" DESC LIMIT 1000; args=(); alias=default
DEBUG 2025-06-12 23:51:35,377 utils (0.002) SELECT "django_session"."session_key", "django_session"."session_data", "django_session"."expire_date" FROM "django_session" WHERE ("django_session"."expire_date" > '2025-06-12 18:06:35.373830' AND "django_session"."session_key" = '0fae8qkg4s0b9q17zigosz3eclb0hswy') LIMIT 21; args=('2025-06-12 18:06:35.373830', '0fae8qkg4s0b9q17zigosz3eclb0hswy'); alias=default
DEBUG 2025-06-12 23:51:35,388 utils (0.002) SELECT "auth_user"."id", "auth_user"."password", "auth_user"."last_login", "auth_user"."is_superuser", "auth_user"."username", "auth_user"."first_name", "auth_user"."last_name", "auth_user"."email", "auth_user"."is_staff", "auth_user"."is_active", "auth_user"."date_joined" FROM "auth_user" WHERE "auth_user"."id" = 1 LIMIT 21; args=(1,); alias=default
DEBUG 2025-06-12 23:51:35,395 utils (0.001) SELECT "django_session"."session_key", "django_session"."session_data", "django_session"."expire_date" FROM "django_session" WHERE "django_session"."session_key" = '0fae8qkg4s0b9q17zigosz3eclb0hswy' LIMIT 21; args=('0fae8qkg4s0b9q17zigosz3eclb0hswy',); alias=default
DEBUG 2025-06-12 23:51:35,413 utils (0.010) DELETE FROM "django_session" WHERE "django_session"."session_key" IN ('0fae8qkg4s0b9q17zigosz3eclb0hswy'); args=('0fae8qkg4s0b9q17zigosz3eclb0hswy',); alias=default
DEBUG 2025-06-12 23:51:35,512 utils (0.001) SELECT "transaction"."id", "transaction"."user_id", "transaction"."transaction_type", "transaction"."account_id", "transaction"."amount", "transaction"."description", "transaction"."date", "transaction"."category", "transaction"."receiptUrl", "transaction"."isRecurring", "transaction"."recurringInterval", "transaction"."nextRecurringDate", "transaction"."lastProcessedDate", "transaction"."createdAt" FROM "transaction" ORDER BY "transaction"."date" DESC LIMIT 21; args=(); alias=default
DEBUG 2025-06-12 23:51:35,515 utils (0.000) SELECT "transaction"."id", "transaction"."user_id", "transaction"."transaction_type", "transaction"."account_id", "transaction"."amount", "transaction"."description", "transaction"."date", "transaction"."category", "transaction"."receiptUrl", "transaction"."isRecurring", "transaction"."recurringInterval", "transaction"."nextRecurringDate", "transaction"."lastProcessedDate", "transaction"."createdAt" FROM "transaction" ORDER BY "transaction"."date" DESC LIMIT 21; args=(); alias=default
DEBUG 2025-06-12 23:51:35,521 utils (0.000) SELECT "transaction"."id", "transaction"."user_id", "transaction"."transaction_type", "transaction"."account_id", "transaction"."amount", "transaction"."description", "transaction"."date", "transaction"."category", "transaction"."receiptUrl", "transaction"."isRecurring", "transaction"."recurringInterval", "transaction"."nextRecurringDate", "transaction"."lastProcessedDate", "transaction"."createdAt" FROM "transaction" ORDER BY "transaction"."date" DESC LIMIT 21; args=(); alias=default
DEBUG 2025-06-12 23:51:35,526 utils (0.000) SELECT "transaction"."id", "transaction"."user_id", "transaction"."transaction_type", "transaction"."account_id", "transaction"."amount", "transaction"."description", "transaction"."date", "transaction"."category", "transaction"."receiptUrl", "transaction"."isRecurring", "transaction"."recurringInterval", "transaction"."nextRecurringDate", "transaction"."lastProcessedDate", "transaction"."createdAt" FROM "transaction" ORDER BY "transaction"."date" DESC LIMIT 21; args=(); alias=default
ERROR 2025-06-12 23:51:35,562 log Internal Server Error: /api/transactions/
Traceback (most recent call last):
  File "E:\ESEWA-FINTRACK-FULLSTACK\myenv\Lib\site-packages\django\db\models\fields\__init__.py", line 2128, in get_prep_value
    return int(value)
  File "E:\ESEWA-FINTRACK-FULLSTACK\myenv\Lib\site-packages\django\contrib\auth\models.py", line 549, in __int__
    raise TypeError(
    ...<2 lines>...
    )
TypeError: Cannot cast AnonymousUser to int. Are you trying to use it in place of User?

The above exception was the direct cause of the following exception:

Traceback (most recent call last):
  File "E:\ESEWA-FINTRACK-FULLSTACK\myenv\Lib\site-packages\django\core\handlers\exception.py", line 55, in inner
    response = get_response(request)
  File "E:\ESEWA-FINTRACK-FULLSTACK\myenv\Lib\site-packages\django\core\handlers\base.py", line 197, in _get_response
    response = wrapped_callback(request, *callback_args, **callback_kwargs)
  File "E:\ESEWA-FINTRACK-FULLSTACK\myenv\Lib\site-packages\django\views\decorators\csrf.py", line 65, in _view_wrapper
    return view_func(request, *args, **kwargs)
  File "E:\ESEWA-FINTRACK-FULLSTACK\myenv\Lib\site-packages\django\views\generic\base.py", line 104, in view
    return self.dispatch(request, *args, **kwargs)
           ~~~~~~~~~~~~~^^^^^^^^^^^^^^^^^^^^^^^^^^
  File "E:\ESEWA-FINTRACK-FULLSTACK\myenv\Lib\site-packages\rest_framework\views.py", line 515, in dispatch
    response = self.handle_exception(exc)
  File "E:\ESEWA-FINTRACK-FULLSTACK\myenv\Lib\site-packages\rest_framework\views.py", line 475, in handle_exception
    self.raise_uncaught_exception(exc)
    ~~~~~~~~~~~~~~~~~~~~~~~~~~~~~^^^^^
  File "E:\ESEWA-FINTRACK-FULLSTACK\myenv\Lib\site-packages\rest_framework\views.py", line 486, in raise_uncaught_exception
    raise exc
  File "E:\ESEWA-FINTRACK-FULLSTACK\myenv\Lib\site-packages\rest_framework\views.py", line 512, in dispatch
    response = handler(request, *args, **kwargs)
  File "E:\ESEWA-FINTRACK-FULLSTACK\myenv\Lib\site-packages\rest_framework\generics.py", line 243, in get
    return self.list(request, *args, **kwargs)
           ~~~~~~~~~^^^^^^^^^^^^^^^^^^^^^^^^^^
  File "E:\ESEWA-FINTRACK-FULLSTACK\myenv\Lib\site-packages\rest_framework\mixins.py", line 38, in list
    queryset = self.filter_queryset(self.get_queryset())
                                    ~~~~~~~~~~~~~~~~~^^
  File "E:\ESEWA-FINTRACK-FULLSTACK\fintrack_app\views\transaction.py", line 12, in get_queryset
    queryset=Transaction.objects.filter(user=user)
  File "E:\ESEWA-FINTRACK-FULLSTACK\myenv\Lib\site-packages\django\db\models\manager.py", line 87, in manager_method
    return getattr(self.get_queryset(), name)(*args, **kwargs)
           ~~~~~~~~~~~~~~~~~~~~~~~~~~~~~~~~~~^^^^^^^^^^^^^^^^^
  File "E:\ESEWA-FINTRACK-FULLSTACK\myenv\Lib\site-packages\django\db\models\query.py", line 1491, in filter
    return self._filter_or_exclude(False, args, kwargs)
           ~~~~~~~~~~~~~~~~~~~~~~~^^^^^^^^^^^^^^^^^^^^^
  File "E:\ESEWA-FINTRACK-FULLSTACK\myenv\Lib\site-packages\django\db\models\query.py", line 1509, in _filter_or_exclude
    clone._filter_or_exclude_inplace(negate, args, kwargs)
    ~~~~~~~~~~~~~~~~~~~~~~~~~~~~~~~~^^^^^^^^^^^^^^^^^^^^^^
  File "E:\ESEWA-FINTRACK-FULLSTACK\myenv\Lib\site-packages\django\db\models\query.py", line 1516, in _filter_or_exclude_inplace
    self._query.add_q(Q(*args, **kwargs))
    ~~~~~~~~~~~~~~~~~^^^^^^^^^^^^^^^^^^^^
  File "E:\ESEWA-FINTRACK-FULLSTACK\myenv\Lib\site-packages\django\db\models\sql\query.py", line 1643, in add_q
    clause, _ = self._add_q(q_object, can_reuse)
                ~~~~~~~~~~~^^^^^^^^^^^^^^^^^^^^^
  File "E:\ESEWA-FINTRACK-FULLSTACK\myenv\Lib\site-packages\django\db\models\sql\query.py", line 1675, in _add_q
    child_clause, needed_inner = self.build_filter(
                                 ~~~~~~~~~~~~~~~~~^
        child,
        ^^^^^^
    ...<7 lines>...
        update_join_types=update_join_types,
        ^^^^^^^^^^^^^^^^^^^^^^^^^^^^^^^^^^^^
    )
    ^
  File "E:\ESEWA-FINTRACK-FULLSTACK\myenv\Lib\site-packages\django\db\models\sql\query.py", line 1585, in build_filter
    condition = self.build_lookup(lookups, col, value)
  File "E:\ESEWA-FINTRACK-FULLSTACK\myenv\Lib\site-packages\django\db\models\sql\query.py", line 1412, in build_lookup
    lookup = lookup_class(lhs, rhs)
  File "E:\ESEWA-FINTRACK-FULLSTACK\myenv\Lib\site-packages\django\db\models\lookups.py", line 38, in __init__
    self.rhs = self.get_prep_lookup()
               ~~~~~~~~~~~~~~~~~~~~^^
  File "E:\ESEWA-FINTRACK-FULLSTACK\myenv\Lib\site-packages\django\db\models\fields\related_lookups.py", line 112, in get_prep_lookup
    self.rhs = target_field.get_prep_value(self.rhs)
               ~~~~~~~~~~~~~~~~~~~~~~~~~~~^^^^^^^^^^
  File "E:\ESEWA-FINTRACK-FULLSTACK\myenv\Lib\site-packages\django\db\models\fields\__init__.py", line 2130, in get_prep_value
    raise e.__class__(
        "Field '%s' expected a number but got %r." % (self.name, value),
    ) from e
TypeError: Field 'id' expected a number but got <django.contrib.auth.models.AnonymousUser object at 0x000001A0C70E8550>.
WARNING 2025-06-12 23:54:15,468 log Forbidden (CSRF token from POST incorrect.): /api-auth/logout/
INFO 2025-06-13 00:02:03,758 autoreload E:\ESEWA-FINTRACK-FULLSTACK\fintrack_app\serializers\transaction.py changed, reloading.
INFO 2025-06-13 00:02:05,041 autoreload Watching for file changes with StatReloader
DEBUG 2025-06-13 00:02:06,325 utils (0.001) 
            SELECT name, type FROM sqlite_master
            WHERE type in ('table', 'view') AND NOT name='sqlite_sequence'
            ORDER BY name; args=None; alias=default
DEBUG 2025-06-13 00:02:06,330 utils (0.001) SELECT "django_migrations"."id", "django_migrations"."app", "django_migrations"."name", "django_migrations"."applied" FROM "django_migrations"; args=(); alias=default
INFO 2025-06-13 00:03:18,698 autoreload E:\ESEWA-FINTRACK-FULLSTACK\fintrack_app\serializers\transaction.py changed, reloading.
INFO 2025-06-13 00:03:19,646 autoreload Watching for file changes with StatReloader
DEBUG 2025-06-13 00:03:20,693 utils (0.001) 
            SELECT name, type FROM sqlite_master
            WHERE type in ('table', 'view') AND NOT name='sqlite_sequence'
            ORDER BY name; args=None; alias=default
DEBUG 2025-06-13 00:03:20,700 utils (0.000) SELECT "django_migrations"."id", "django_migrations"."app", "django_migrations"."name", "django_migrations"."applied" FROM "django_migrations"; args=(); alias=default
DEBUG 2025-06-13 00:03:38,177 utils (0.001) SELECT "transaction"."id", "transaction"."user_id", "transaction"."transaction_type", "transaction"."account_id", "transaction"."amount", "transaction"."description", "transaction"."date", "transaction"."category", "transaction"."receiptUrl", "transaction"."isRecurring", "transaction"."recurringInterval", "transaction"."nextRecurringDate", "transaction"."lastProcessedDate", "transaction"."createdAt" FROM "transaction" ORDER BY "transaction"."date" DESC LIMIT 21; args=(); alias=default
DEBUG 2025-06-13 00:03:38,179 utils (0.000) SELECT "transaction"."id", "transaction"."user_id", "transaction"."transaction_type", "transaction"."account_id", "transaction"."amount", "transaction"."description", "transaction"."date", "transaction"."category", "transaction"."receiptUrl", "transaction"."isRecurring", "transaction"."recurringInterval", "transaction"."nextRecurringDate", "transaction"."lastProcessedDate", "transaction"."createdAt" FROM "transaction" ORDER BY "transaction"."date" DESC LIMIT 21; args=(); alias=default
DEBUG 2025-06-13 00:03:38,182 utils (0.000) SELECT "transaction"."id", "transaction"."user_id", "transaction"."transaction_type", "transaction"."account_id", "transaction"."amount", "transaction"."description", "transaction"."date", "transaction"."category", "transaction"."receiptUrl", "transaction"."isRecurring", "transaction"."recurringInterval", "transaction"."nextRecurringDate", "transaction"."lastProcessedDate", "transaction"."createdAt" FROM "transaction" ORDER BY "transaction"."date" DESC LIMIT 21; args=(); alias=default
DEBUG 2025-06-13 00:03:38,185 utils (0.000) SELECT "transaction"."id", "transaction"."user_id", "transaction"."transaction_type", "transaction"."account_id", "transaction"."amount", "transaction"."description", "transaction"."date", "transaction"."category", "transaction"."receiptUrl", "transaction"."isRecurring", "transaction"."recurringInterval", "transaction"."nextRecurringDate", "transaction"."lastProcessedDate", "transaction"."createdAt" FROM "transaction" ORDER BY "transaction"."date" DESC LIMIT 21; args=(); alias=default
ERROR 2025-06-13 00:03:38,229 log Internal Server Error: /api/transactions/
Traceback (most recent call last):
  File "E:\ESEWA-FINTRACK-FULLSTACK\myenv\Lib\site-packages\django\db\models\fields\__init__.py", line 2128, in get_prep_value
    return int(value)
  File "E:\ESEWA-FINTRACK-FULLSTACK\myenv\Lib\site-packages\django\contrib\auth\models.py", line 549, in __int__
    raise TypeError(
    ...<2 lines>...
    )
TypeError: Cannot cast AnonymousUser to int. Are you trying to use it in place of User?

The above exception was the direct cause of the following exception:

Traceback (most recent call last):
  File "E:\ESEWA-FINTRACK-FULLSTACK\myenv\Lib\site-packages\django\core\handlers\exception.py", line 55, in inner
    response = get_response(request)
  File "E:\ESEWA-FINTRACK-FULLSTACK\myenv\Lib\site-packages\django\core\handlers\base.py", line 197, in _get_response
    response = wrapped_callback(request, *callback_args, **callback_kwargs)
  File "E:\ESEWA-FINTRACK-FULLSTACK\myenv\Lib\site-packages\django\views\decorators\csrf.py", line 65, in _view_wrapper
    return view_func(request, *args, **kwargs)
  File "E:\ESEWA-FINTRACK-FULLSTACK\myenv\Lib\site-packages\django\views\generic\base.py", line 104, in view
    return self.dispatch(request, *args, **kwargs)
           ~~~~~~~~~~~~~^^^^^^^^^^^^^^^^^^^^^^^^^^
  File "E:\ESEWA-FINTRACK-FULLSTACK\myenv\Lib\site-packages\rest_framework\views.py", line 515, in dispatch
    response = self.handle_exception(exc)
  File "E:\ESEWA-FINTRACK-FULLSTACK\myenv\Lib\site-packages\rest_framework\views.py", line 475, in handle_exception
    self.raise_uncaught_exception(exc)
    ~~~~~~~~~~~~~~~~~~~~~~~~~~~~~^^^^^
  File "E:\ESEWA-FINTRACK-FULLSTACK\myenv\Lib\site-packages\rest_framework\views.py", line 486, in raise_uncaught_exception
    raise exc
  File "E:\ESEWA-FINTRACK-FULLSTACK\myenv\Lib\site-packages\rest_framework\views.py", line 512, in dispatch
    response = handler(request, *args, **kwargs)
  File "E:\ESEWA-FINTRACK-FULLSTACK\myenv\Lib\site-packages\rest_framework\generics.py", line 243, in get
    return self.list(request, *args, **kwargs)
           ~~~~~~~~~^^^^^^^^^^^^^^^^^^^^^^^^^^
  File "E:\ESEWA-FINTRACK-FULLSTACK\myenv\Lib\site-packages\rest_framework\mixins.py", line 38, in list
    queryset = self.filter_queryset(self.get_queryset())
                                    ~~~~~~~~~~~~~~~~~^^
  File "E:\ESEWA-FINTRACK-FULLSTACK\fintrack_app\views\transaction.py", line 12, in get_queryset
    queryset=Transaction.objects.filter(user=user)
  File "E:\ESEWA-FINTRACK-FULLSTACK\myenv\Lib\site-packages\django\db\models\manager.py", line 87, in manager_method
    return getattr(self.get_queryset(), name)(*args, **kwargs)
           ~~~~~~~~~~~~~~~~~~~~~~~~~~~~~~~~~~^^^^^^^^^^^^^^^^^
  File "E:\ESEWA-FINTRACK-FULLSTACK\myenv\Lib\site-packages\django\db\models\query.py", line 1491, in filter
    return self._filter_or_exclude(False, args, kwargs)
           ~~~~~~~~~~~~~~~~~~~~~~~^^^^^^^^^^^^^^^^^^^^^
  File "E:\ESEWA-FINTRACK-FULLSTACK\myenv\Lib\site-packages\django\db\models\query.py", line 1509, in _filter_or_exclude
    clone._filter_or_exclude_inplace(negate, args, kwargs)
    ~~~~~~~~~~~~~~~~~~~~~~~~~~~~~~~~^^^^^^^^^^^^^^^^^^^^^^
  File "E:\ESEWA-FINTRACK-FULLSTACK\myenv\Lib\site-packages\django\db\models\query.py", line 1516, in _filter_or_exclude_inplace
    self._query.add_q(Q(*args, **kwargs))
    ~~~~~~~~~~~~~~~~~^^^^^^^^^^^^^^^^^^^^
  File "E:\ESEWA-FINTRACK-FULLSTACK\myenv\Lib\site-packages\django\db\models\sql\query.py", line 1643, in add_q
    clause, _ = self._add_q(q_object, can_reuse)
                ~~~~~~~~~~~^^^^^^^^^^^^^^^^^^^^^
  File "E:\ESEWA-FINTRACK-FULLSTACK\myenv\Lib\site-packages\django\db\models\sql\query.py", line 1675, in _add_q
    child_clause, needed_inner = self.build_filter(
                                 ~~~~~~~~~~~~~~~~~^
        child,
        ^^^^^^
    ...<7 lines>...
        update_join_types=update_join_types,
        ^^^^^^^^^^^^^^^^^^^^^^^^^^^^^^^^^^^^
    )
    ^
  File "E:\ESEWA-FINTRACK-FULLSTACK\myenv\Lib\site-packages\django\db\models\sql\query.py", line 1585, in build_filter
    condition = self.build_lookup(lookups, col, value)
  File "E:\ESEWA-FINTRACK-FULLSTACK\myenv\Lib\site-packages\django\db\models\sql\query.py", line 1412, in build_lookup
    lookup = lookup_class(lhs, rhs)
  File "E:\ESEWA-FINTRACK-FULLSTACK\myenv\Lib\site-packages\django\db\models\lookups.py", line 38, in __init__
    self.rhs = self.get_prep_lookup()
               ~~~~~~~~~~~~~~~~~~~~^^
  File "E:\ESEWA-FINTRACK-FULLSTACK\myenv\Lib\site-packages\django\db\models\fields\related_lookups.py", line 112, in get_prep_lookup
    self.rhs = target_field.get_prep_value(self.rhs)
               ~~~~~~~~~~~~~~~~~~~~~~~~~~~^^^^^^^^^^
  File "E:\ESEWA-FINTRACK-FULLSTACK\myenv\Lib\site-packages\django\db\models\fields\__init__.py", line 2130, in get_prep_value
    raise e.__class__(
        "Field '%s' expected a number but got %r." % (self.name, value),
    ) from e
TypeError: Field 'id' expected a number but got <django.contrib.auth.models.AnonymousUser object at 0x000002C7CC9DCCD0>.
DEBUG 2025-06-13 00:04:26,114 utils (0.001) SELECT "transaction"."id", "transaction"."user_id", "transaction"."transaction_type", "transaction"."account_id", "transaction"."amount", "transaction"."description", "transaction"."date", "transaction"."category", "transaction"."receiptUrl", "transaction"."isRecurring", "transaction"."recurringInterval", "transaction"."nextRecurringDate", "transaction"."lastProcessedDate", "transaction"."createdAt" FROM "transaction" ORDER BY "transaction"."date" DESC LIMIT 21; args=(); alias=default
DEBUG 2025-06-13 00:04:26,118 utils (0.000) SELECT "transaction"."id", "transaction"."user_id", "transaction"."transaction_type", "transaction"."account_id", "transaction"."amount", "transaction"."description", "transaction"."date", "transaction"."category", "transaction"."receiptUrl", "transaction"."isRecurring", "transaction"."recurringInterval", "transaction"."nextRecurringDate", "transaction"."lastProcessedDate", "transaction"."createdAt" FROM "transaction" ORDER BY "transaction"."date" DESC LIMIT 21; args=(); alias=default
DEBUG 2025-06-13 00:04:26,121 utils (0.000) SELECT "transaction"."id", "transaction"."user_id", "transaction"."transaction_type", "transaction"."account_id", "transaction"."amount", "transaction"."description", "transaction"."date", "transaction"."category", "transaction"."receiptUrl", "transaction"."isRecurring", "transaction"."recurringInterval", "transaction"."nextRecurringDate", "transaction"."lastProcessedDate", "transaction"."createdAt" FROM "transaction" ORDER BY "transaction"."date" DESC LIMIT 21; args=(); alias=default
DEBUG 2025-06-13 00:04:26,124 utils (0.000) SELECT "transaction"."id", "transaction"."user_id", "transaction"."transaction_type", "transaction"."account_id", "transaction"."amount", "transaction"."description", "transaction"."date", "transaction"."category", "transaction"."receiptUrl", "transaction"."isRecurring", "transaction"."recurringInterval", "transaction"."nextRecurringDate", "transaction"."lastProcessedDate", "transaction"."createdAt" FROM "transaction" ORDER BY "transaction"."date" DESC LIMIT 21; args=(); alias=default
ERROR 2025-06-13 00:04:26,161 log Internal Server Error: /api/transactions/10/
Traceback (most recent call last):
  File "E:\ESEWA-FINTRACK-FULLSTACK\myenv\Lib\site-packages\django\db\models\fields\__init__.py", line 2128, in get_prep_value
    return int(value)
  File "E:\ESEWA-FINTRACK-FULLSTACK\myenv\Lib\site-packages\django\contrib\auth\models.py", line 549, in __int__
    raise TypeError(
    ...<2 lines>...
    )
TypeError: Cannot cast AnonymousUser to int. Are you trying to use it in place of User?

The above exception was the direct cause of the following exception:

Traceback (most recent call last):
  File "E:\ESEWA-FINTRACK-FULLSTACK\myenv\Lib\site-packages\django\core\handlers\exception.py", line 55, in inner
    response = get_response(request)
  File "E:\ESEWA-FINTRACK-FULLSTACK\myenv\Lib\site-packages\django\core\handlers\base.py", line 197, in _get_response
    response = wrapped_callback(request, *callback_args, **callback_kwargs)
  File "E:\ESEWA-FINTRACK-FULLSTACK\myenv\Lib\site-packages\django\views\decorators\csrf.py", line 65, in _view_wrapper
    return view_func(request, *args, **kwargs)
  File "E:\ESEWA-FINTRACK-FULLSTACK\myenv\Lib\site-packages\django\views\generic\base.py", line 104, in view
    return self.dispatch(request, *args, **kwargs)
           ~~~~~~~~~~~~~^^^^^^^^^^^^^^^^^^^^^^^^^^
  File "E:\ESEWA-FINTRACK-FULLSTACK\myenv\Lib\site-packages\rest_framework\views.py", line 515, in dispatch
    response = self.handle_exception(exc)
  File "E:\ESEWA-FINTRACK-FULLSTACK\myenv\Lib\site-packages\rest_framework\views.py", line 475, in handle_exception
    self.raise_uncaught_exception(exc)
    ~~~~~~~~~~~~~~~~~~~~~~~~~~~~~^^^^^
  File "E:\ESEWA-FINTRACK-FULLSTACK\myenv\Lib\site-packages\rest_framework\views.py", line 486, in raise_uncaught_exception
    raise exc
  File "E:\ESEWA-FINTRACK-FULLSTACK\myenv\Lib\site-packages\rest_framework\views.py", line 512, in dispatch
    response = handler(request, *args, **kwargs)
  File "E:\ESEWA-FINTRACK-FULLSTACK\myenv\Lib\site-packages\rest_framework\generics.py", line 286, in get
    return self.retrieve(request, *args, **kwargs)
           ~~~~~~~~~~~~~^^^^^^^^^^^^^^^^^^^^^^^^^^
  File "E:\ESEWA-FINTRACK-FULLSTACK\myenv\Lib\site-packages\rest_framework\mixins.py", line 54, in retrieve
    instance = self.get_object()
  File "E:\ESEWA-FINTRACK-FULLSTACK\myenv\Lib\site-packages\rest_framework\generics.py", line 87, in get_object
    queryset = self.filter_queryset(self.get_queryset())
                                    ~~~~~~~~~~~~~~~~~^^
  File "E:\ESEWA-FINTRACK-FULLSTACK\fintrack_app\views\transaction.py", line 43, in get_queryset
    queryset=Transaction.objects.filter(user=user)
  File "E:\ESEWA-FINTRACK-FULLSTACK\myenv\Lib\site-packages\django\db\models\manager.py", line 87, in manager_method
    return getattr(self.get_queryset(), name)(*args, **kwargs)
           ~~~~~~~~~~~~~~~~~~~~~~~~~~~~~~~~~~^^^^^^^^^^^^^^^^^
  File "E:\ESEWA-FINTRACK-FULLSTACK\myenv\Lib\site-packages\django\db\models\query.py", line 1491, in filter
    return self._filter_or_exclude(False, args, kwargs)
           ~~~~~~~~~~~~~~~~~~~~~~~^^^^^^^^^^^^^^^^^^^^^
  File "E:\ESEWA-FINTRACK-FULLSTACK\myenv\Lib\site-packages\django\db\models\query.py", line 1509, in _filter_or_exclude
    clone._filter_or_exclude_inplace(negate, args, kwargs)
    ~~~~~~~~~~~~~~~~~~~~~~~~~~~~~~~~^^^^^^^^^^^^^^^^^^^^^^
  File "E:\ESEWA-FINTRACK-FULLSTACK\myenv\Lib\site-packages\django\db\models\query.py", line 1516, in _filter_or_exclude_inplace
    self._query.add_q(Q(*args, **kwargs))
    ~~~~~~~~~~~~~~~~~^^^^^^^^^^^^^^^^^^^^
  File "E:\ESEWA-FINTRACK-FULLSTACK\myenv\Lib\site-packages\django\db\models\sql\query.py", line 1643, in add_q
    clause, _ = self._add_q(q_object, can_reuse)
                ~~~~~~~~~~~^^^^^^^^^^^^^^^^^^^^^
  File "E:\ESEWA-FINTRACK-FULLSTACK\myenv\Lib\site-packages\django\db\models\sql\query.py", line 1675, in _add_q
    child_clause, needed_inner = self.build_filter(
                                 ~~~~~~~~~~~~~~~~~^
        child,
        ^^^^^^
    ...<7 lines>...
        update_join_types=update_join_types,
        ^^^^^^^^^^^^^^^^^^^^^^^^^^^^^^^^^^^^
    )
    ^
  File "E:\ESEWA-FINTRACK-FULLSTACK\myenv\Lib\site-packages\django\db\models\sql\query.py", line 1585, in build_filter
    condition = self.build_lookup(lookups, col, value)
  File "E:\ESEWA-FINTRACK-FULLSTACK\myenv\Lib\site-packages\django\db\models\sql\query.py", line 1412, in build_lookup
    lookup = lookup_class(lhs, rhs)
  File "E:\ESEWA-FINTRACK-FULLSTACK\myenv\Lib\site-packages\django\db\models\lookups.py", line 38, in __init__
    self.rhs = self.get_prep_lookup()
               ~~~~~~~~~~~~~~~~~~~~^^
  File "E:\ESEWA-FINTRACK-FULLSTACK\myenv\Lib\site-packages\django\db\models\fields\related_lookups.py", line 112, in get_prep_lookup
    self.rhs = target_field.get_prep_value(self.rhs)
               ~~~~~~~~~~~~~~~~~~~~~~~~~~~^^^^^^^^^^
  File "E:\ESEWA-FINTRACK-FULLSTACK\myenv\Lib\site-packages\django\db\models\fields\__init__.py", line 2130, in get_prep_value
    raise e.__class__(
        "Field '%s' expected a number but got %r." % (self.name, value),
    ) from e
TypeError: Field 'id' expected a number but got <django.contrib.auth.models.AnonymousUser object at 0x000002C7CCB70180>.
INFO 2025-06-13 00:08:01,715 autoreload E:\ESEWA-FINTRACK-FULLSTACK\fintrack_app\serializers\transaction.py changed, reloading.
INFO 2025-06-13 00:08:02,681 autoreload Watching for file changes with StatReloader
INFO 2025-06-13 00:09:27,450 autoreload Watching for file changes with StatReloader
DEBUG 2025-06-13 00:09:28,302 utils (0.001) 
            SELECT name, type FROM sqlite_master
            WHERE type in ('table', 'view') AND NOT name='sqlite_sequence'
            ORDER BY name; args=None; alias=default
DEBUG 2025-06-13 00:09:28,310 utils (0.001) SELECT "django_migrations"."id", "django_migrations"."app", "django_migrations"."name", "django_migrations"."applied" FROM "django_migrations"; args=(); alias=default
DEBUG 2025-06-13 00:09:31,697 utils (0.002) SELECT "transaction"."id", "transaction"."user_id", "transaction"."transaction_type", "transaction"."account_id", "transaction"."amount", "transaction"."description", "transaction"."date", "transaction"."category", "transaction"."receiptUrl", "transaction"."isRecurring", "transaction"."recurringInterval", "transaction"."nextRecurringDate", "transaction"."lastProcessedDate", "transaction"."createdAt" FROM "transaction" WHERE "transaction"."id" = 10 LIMIT 21; args=(10,); alias=default
DEBUG 2025-06-13 00:09:31,745 utils (0.000) SELECT "auth_user"."id", "auth_user"."password", "auth_user"."last_login", "auth_user"."is_superuser", "auth_user"."username", "auth_user"."first_name", "auth_user"."last_name", "auth_user"."email", "auth_user"."is_staff", "auth_user"."is_active", "auth_user"."date_joined" FROM "auth_user" LIMIT 1000; args=(); alias=default
DEBUG 2025-06-13 00:09:31,759 utils (0.000) SELECT "account"."account_type", "account"."isWallet", "account"."id", "account"."isDefault", "account"."user_id", "account"."name", "account"."account_number", "account"."wallet_number", "account"."balance", "account"."createdAt", "account"."updatedAt" FROM "account" ORDER BY "account"."createdAt" DESC LIMIT 1000; args=(); alias=default
DEBUG 2025-06-13 00:09:37,505 utils (0.001) SELECT "transaction"."id", "transaction"."user_id", "transaction"."transaction_type", "transaction"."account_id", "transaction"."amount", "transaction"."description", "transaction"."date", "transaction"."category", "transaction"."receiptUrl", "transaction"."isRecurring", "transaction"."recurringInterval", "transaction"."nextRecurringDate", "transaction"."lastProcessedDate", "transaction"."createdAt" FROM "transaction" ORDER BY "transaction"."date" DESC; args=(); alias=default
DEBUG 2025-06-13 00:09:37,514 utils (0.000) SELECT "auth_user"."id", "auth_user"."password", "auth_user"."last_login", "auth_user"."is_superuser", "auth_user"."username", "auth_user"."first_name", "auth_user"."last_name", "auth_user"."email", "auth_user"."is_staff", "auth_user"."is_active", "auth_user"."date_joined" FROM "auth_user" LIMIT 1000; args=(); alias=default
DEBUG 2025-06-13 00:09:37,518 utils (0.000) SELECT "account"."account_type", "account"."isWallet", "account"."id", "account"."isDefault", "account"."user_id", "account"."name", "account"."account_number", "account"."wallet_number", "account"."balance", "account"."createdAt", "account"."updatedAt" FROM "account" ORDER BY "account"."createdAt" DESC LIMIT 1000; args=(); alias=default
DEBUG 2025-06-13 00:09:43,137 utils (0.003) SELECT "django_site"."id", "django_site"."domain", "django_site"."name" FROM "django_site" WHERE "django_site"."id" = 1 LIMIT 21; args=(1,); alias=default
DEBUG 2025-06-13 00:09:57,389 utils (0.001) SELECT "auth_user"."id", "auth_user"."password", "auth_user"."last_login", "auth_user"."is_superuser", "auth_user"."username", "auth_user"."first_name", "auth_user"."last_name", "auth_user"."email", "auth_user"."is_staff", "auth_user"."is_active", "auth_user"."date_joined" FROM "auth_user" WHERE "auth_user"."username" = 'ayush' LIMIT 21; args=('ayush',); alias=default
DEBUG 2025-06-13 00:09:58,475 utils (0.000) SELECT 1 AS "a" FROM "django_session" WHERE "django_session"."session_key" = 'iq7c8co4w5hgw8zn6muu0fo4wmbugcsh' LIMIT 1; args=(1, 'iq7c8co4w5hgw8zn6muu0fo4wmbugcsh'); alias=default
DEBUG 2025-06-13 00:09:58,476 utils (0.000) BEGIN; args=None; alias=default
DEBUG 2025-06-13 00:09:58,484 utils (0.007) INSERT INTO "django_session" ("session_key", "session_data", "expire_date") VALUES ('iq7c8co4w5hgw8zn6muu0fo4wmbugcsh', 'e30:1uPmbi:Gv5RQwNM2de5YjylDfsgAhEaOCPrk625fytwRQD5cOE', '2025-06-26 18:24:58.476266'); args=('iq7c8co4w5hgw8zn6muu0fo4wmbugcsh', 'e30:1uPmbi:Gv5RQwNM2de5YjylDfsgAhEaOCPrk625fytwRQD5cOE', '2025-06-26 18:24:58.476266'); alias=default
DEBUG 2025-06-13 00:09:58,495 utils (0.009) COMMIT; args=None; alias=default
DEBUG 2025-06-13 00:09:58,506 utils (0.009) UPDATE "auth_user" SET "last_login" = '2025-06-12 18:24:58.496730' WHERE "auth_user"."id" = 2; args=('2025-06-12 18:24:58.496730', 2); alias=default
DEBUG 2025-06-13 00:09:58,509 utils (0.000) BEGIN; args=None; alias=default
DEBUG 2025-06-13 00:09:58,511 utils (0.001) UPDATE "django_session" SET "session_data" = '.eJxVjEEOwiAQRe_C2hBooYBL956BzDCDVA0kpV0Z765NutDtf-_9l4iwrSVunZc4kziLQZx-N4T04LoDukO9NZlaXZcZ5a7Ig3Z5bcTPy-H-HRTo5VvzyNrkYJnH4ID8QAoTeztlDuiRnPEUjOesjMtBTSYoyInJa0Kn7SjeHwO2OIs:1uPmbi:uI_D-kQnyu78DK-BrGW2WUXfxZGi7Z3i7l0IgRBk4uI', "expire_date" = '2025-06-26 18:24:58.509816' WHERE "django_session"."session_key" = 'iq7c8co4w5hgw8zn6muu0fo4wmbugcsh'; args=('.eJxVjEEOwiAQRe_C2hBooYBL956BzDCDVA0kpV0Z765NutDtf-_9l4iwrSVunZc4kziLQZx-N4T04LoDukO9NZlaXZcZ5a7Ig3Z5bcTPy-H-HRTo5VvzyNrkYJnH4ID8QAoTeztlDuiRnPEUjOesjMtBTSYoyInJa0Kn7SjeHwO2OIs:1uPmbi:uI_D-kQnyu78DK-BrGW2WUXfxZGi7Z3i7l0IgRBk4uI', '2025-06-26 18:24:58.509816', 'iq7c8co4w5hgw8zn6muu0fo4wmbugcsh'); alias=default
DEBUG 2025-06-13 00:09:58,522 utils (0.009) COMMIT; args=None; alias=default
DEBUG 2025-06-13 00:09:58,535 utils (0.001) SELECT "django_session"."session_key", "django_session"."session_data", "django_session"."expire_date" FROM "django_session" WHERE ("django_session"."expire_date" > '2025-06-12 18:24:58.533210' AND "django_session"."session_key" = 'iq7c8co4w5hgw8zn6muu0fo4wmbugcsh') LIMIT 21; args=('2025-06-12 18:24:58.533210', 'iq7c8co4w5hgw8zn6muu0fo4wmbugcsh'); alias=default
DEBUG 2025-06-13 00:09:58,540 utils (0.000) SELECT "auth_user"."id", "auth_user"."password", "auth_user"."last_login", "auth_user"."is_superuser", "auth_user"."username", "auth_user"."first_name", "auth_user"."last_name", "auth_user"."email", "auth_user"."is_staff", "auth_user"."is_active", "auth_user"."date_joined" FROM "auth_user" WHERE "auth_user"."id" = 2 LIMIT 21; args=(2,); alias=default
DEBUG 2025-06-13 00:09:58,545 utils (0.000) SELECT "transaction"."id", "transaction"."user_id", "transaction"."transaction_type", "transaction"."account_id", "transaction"."amount", "transaction"."description", "transaction"."date", "transaction"."category", "transaction"."receiptUrl", "transaction"."isRecurring", "transaction"."recurringInterval", "transaction"."nextRecurringDate", "transaction"."lastProcessedDate", "transaction"."createdAt" FROM "transaction" ORDER BY "transaction"."date" DESC; args=(); alias=default
DEBUG 2025-06-13 00:09:58,552 utils (0.000) SELECT "auth_user"."id", "auth_user"."password", "auth_user"."last_login", "auth_user"."is_superuser", "auth_user"."username", "auth_user"."first_name", "auth_user"."last_name", "auth_user"."email", "auth_user"."is_staff", "auth_user"."is_active", "auth_user"."date_joined" FROM "auth_user" LIMIT 1000; args=(); alias=default
DEBUG 2025-06-13 00:09:58,556 utils (0.000) SELECT "account"."account_type", "account"."isWallet", "account"."id", "account"."isDefault", "account"."user_id", "account"."name", "account"."account_number", "account"."wallet_number", "account"."balance", "account"."createdAt", "account"."updatedAt" FROM "account" ORDER BY "account"."createdAt" DESC LIMIT 1000; args=(); alias=default
DEBUG 2025-06-13 00:10:16,088 utils (0.002) SELECT "django_session"."session_key", "django_session"."session_data", "django_session"."expire_date" FROM "django_session" WHERE ("django_session"."expire_date" > '2025-06-12 18:25:16.085593' AND "django_session"."session_key" = 'iq7c8co4w5hgw8zn6muu0fo4wmbugcsh') LIMIT 21; args=('2025-06-12 18:25:16.085593', 'iq7c8co4w5hgw8zn6muu0fo4wmbugcsh'); alias=default
DEBUG 2025-06-13 00:10:16,093 utils (0.000) SELECT "auth_user"."id", "auth_user"."password", "auth_user"."last_login", "auth_user"."is_superuser", "auth_user"."username", "auth_user"."first_name", "auth_user"."last_name", "auth_user"."email", "auth_user"."is_staff", "auth_user"."is_active", "auth_user"."date_joined" FROM "auth_user" WHERE "auth_user"."id" = 2 LIMIT 21; args=(2,); alias=default
DEBUG 2025-06-13 00:10:16,157 utils (0.001) SELECT "django_session"."session_key", "django_session"."session_data", "django_session"."expire_date" FROM "django_session" WHERE ("django_session"."expire_date" > '2025-06-12 18:25:16.154362' AND "django_session"."session_key" = 'iq7c8co4w5hgw8zn6muu0fo4wmbugcsh') LIMIT 21; args=('2025-06-12 18:25:16.154362', 'iq7c8co4w5hgw8zn6muu0fo4wmbugcsh'); alias=default
DEBUG 2025-06-13 00:10:16,160 utils (0.000) SELECT "auth_user"."id", "auth_user"."password", "auth_user"."last_login", "auth_user"."is_superuser", "auth_user"."username", "auth_user"."first_name", "auth_user"."last_name", "auth_user"."email", "auth_user"."is_staff", "auth_user"."is_active", "auth_user"."date_joined" FROM "auth_user" WHERE "auth_user"."id" = 2 LIMIT 21; args=(2,); alias=default
DEBUG 2025-06-13 00:10:16,171 utils (0.000) SELECT "django_content_type"."app_label" AS "content_type__app_label", "auth_permission"."codename" AS "codename" FROM "auth_permission" INNER JOIN "auth_user_user_permissions" ON ("auth_permission"."id" = "auth_user_user_permissions"."permission_id") INNER JOIN "django_content_type" ON ("auth_permission"."content_type_id" = "django_content_type"."id") WHERE "auth_user_user_permissions"."user_id" = 2; args=(2,); alias=default
DEBUG 2025-06-13 00:10:16,174 utils (0.001) SELECT "django_content_type"."app_label" AS "content_type__app_label", "auth_permission"."codename" AS "codename" FROM "auth_permission" INNER JOIN "auth_group_permissions" ON ("auth_permission"."id" = "auth_group_permissions"."permission_id") INNER JOIN "django_content_type" ON ("auth_permission"."content_type_id" = "django_content_type"."id") WHERE "auth_group_permissions"."group_id" IN (SELECT U0."id" FROM "auth_group" U0 INNER JOIN "auth_user_groups" U1 ON (U0."id" = U1."group_id") WHERE U1."user_id" = 2); args=(2,); alias=default
DEBUG 2025-06-13 00:10:23,012 utils (0.002) SELECT "django_session"."session_key", "django_session"."session_data", "django_session"."expire_date" FROM "django_session" WHERE ("django_session"."expire_date" > '2025-06-12 18:25:23.009584' AND "django_session"."session_key" = 'iq7c8co4w5hgw8zn6muu0fo4wmbugcsh') LIMIT 21; args=('2025-06-12 18:25:23.009584', 'iq7c8co4w5hgw8zn6muu0fo4wmbugcsh'); alias=default
DEBUG 2025-06-13 00:10:23,022 utils (0.000) SELECT "auth_user"."id", "auth_user"."password", "auth_user"."last_login", "auth_user"."is_superuser", "auth_user"."username", "auth_user"."first_name", "auth_user"."last_name", "auth_user"."email", "auth_user"."is_staff", "auth_user"."is_active", "auth_user"."date_joined" FROM "auth_user" WHERE "auth_user"."id" = 2 LIMIT 21; args=(2,); alias=default
DEBUG 2025-06-13 00:10:23,041 utils (0.000) SELECT "django_content_type"."app_label" AS "content_type__app_label", "auth_permission"."codename" AS "codename" FROM "auth_permission" INNER JOIN "auth_user_user_permissions" ON ("auth_permission"."id" = "auth_user_user_permissions"."permission_id") INNER JOIN "django_content_type" ON ("auth_permission"."content_type_id" = "django_content_type"."id") WHERE "auth_user_user_permissions"."user_id" = 2; args=(2,); alias=default
DEBUG 2025-06-13 00:10:23,046 utils (0.000) SELECT "django_content_type"."app_label" AS "content_type__app_label", "auth_permission"."codename" AS "codename" FROM "auth_permission" INNER JOIN "auth_group_permissions" ON ("auth_permission"."id" = "auth_group_permissions"."permission_id") INNER JOIN "django_content_type" ON ("auth_permission"."content_type_id" = "django_content_type"."id") WHERE "auth_group_permissions"."group_id" IN (SELECT U0."id" FROM "auth_group" U0 INNER JOIN "auth_user_groups" U1 ON (U0."id" = U1."group_id") WHERE U1."user_id" = 2); args=(2,); alias=default
DEBUG 2025-06-13 00:10:23,053 utils (0.001) SELECT "auth_user"."id", "auth_user"."password", "auth_user"."last_login", "auth_user"."is_superuser", "auth_user"."username", "auth_user"."first_name", "auth_user"."last_name", "auth_user"."email", "auth_user"."is_staff", "auth_user"."is_active", "auth_user"."date_joined" FROM "auth_user" WHERE "auth_user"."username" = 'admin' LIMIT 21; args=('admin',); alias=default
DEBUG 2025-06-13 00:10:24,288 utils (0.000) SELECT "django_session"."session_key", "django_session"."session_data", "django_session"."expire_date" FROM "django_session" WHERE "django_session"."session_key" = 'iq7c8co4w5hgw8zn6muu0fo4wmbugcsh' LIMIT 21; args=('iq7c8co4w5hgw8zn6muu0fo4wmbugcsh',); alias=default
DEBUG 2025-06-13 00:10:24,301 utils (0.010) DELETE FROM "django_session" WHERE "django_session"."session_key" IN ('iq7c8co4w5hgw8zn6muu0fo4wmbugcsh'); args=('iq7c8co4w5hgw8zn6muu0fo4wmbugcsh',); alias=default
DEBUG 2025-06-13 00:10:24,312 utils (0.008) UPDATE "auth_user" SET "last_login" = '2025-06-12 18:25:24.303912' WHERE "auth_user"."id" = 1; args=('2025-06-12 18:25:24.303912', 1); alias=default
DEBUG 2025-06-13 00:10:24,315 utils (0.000) SELECT 1 AS "a" FROM "django_session" WHERE "django_session"."session_key" = 'lz6c19xr2ms2o1qnb9jf536ymcoxorvl' LIMIT 1; args=(1, 'lz6c19xr2ms2o1qnb9jf536ymcoxorvl'); alias=default
DEBUG 2025-06-13 00:10:24,318 utils (0.000) BEGIN; args=None; alias=default
DEBUG 2025-06-13 00:10:24,320 utils (0.001) INSERT INTO "django_session" ("session_key", "session_data", "expire_date") VALUES ('lz6c19xr2ms2o1qnb9jf536ymcoxorvl', '.eJxVjEEOwiAQRe_C2hAYBlpcuvcMBJipVA0kpV0Z765NutDtf-_9lwhxW0vYOi9hJnEWWpx-txTzg-sO6B7rrcnc6rrMSe6KPGiX10b8vBzu30GJvXxrUCM5zDgoZDs5Pym27CyNPqPK5FmDs5wiDRB1tkiAxoBjYDA2JRTvD9dmN54:1uPmc8:NGanVYIdyNIuLMPLcEi1E-XxDze-37snc1Fms8o4pVs', '2025-06-26 18:25:24.318450'); args=('lz6c19xr2ms2o1qnb9jf536ymcoxorvl', '.eJxVjEEOwiAQRe_C2hAYBlpcuvcMBJipVA0kpV0Z765NutDtf-_9lwhxW0vYOi9hJnEWWpx-txTzg-sO6B7rrcnc6rrMSe6KPGiX10b8vBzu30GJvXxrUCM5zDgoZDs5Pym27CyNPqPK5FmDs5wiDRB1tkiAxoBjYDA2JRTvD9dmN54:1uPmc8:NGanVYIdyNIuLMPLcEi1E-XxDze-37snc1Fms8o4pVs', '2025-06-26 18:25:24.318450'); alias=default
DEBUG 2025-06-13 00:10:24,335 utils (0.010) COMMIT; args=None; alias=default
DEBUG 2025-06-13 00:10:24,348 utils (0.001) SELECT "django_session"."session_key", "django_session"."session_data", "django_session"."expire_date" FROM "django_session" WHERE ("django_session"."expire_date" > '2025-06-12 18:25:24.346865' AND "django_session"."session_key" = 'lz6c19xr2ms2o1qnb9jf536ymcoxorvl') LIMIT 21; args=('2025-06-12 18:25:24.346865', 'lz6c19xr2ms2o1qnb9jf536ymcoxorvl'); alias=default
DEBUG 2025-06-13 00:10:24,355 utils (0.000) SELECT "auth_user"."id", "auth_user"."password", "auth_user"."last_login", "auth_user"."is_superuser", "auth_user"."username", "auth_user"."first_name", "auth_user"."last_name", "auth_user"."email", "auth_user"."is_staff", "auth_user"."is_active", "auth_user"."date_joined" FROM "auth_user" WHERE "auth_user"."id" = 1 LIMIT 21; args=(1,); alias=default
DEBUG 2025-06-13 00:10:24,360 utils (0.000) SELECT COUNT(*) AS "__count" FROM "transaction"; args=(); alias=default
DEBUG 2025-06-13 00:10:24,362 utils (0.000) SELECT COUNT(*) AS "__count" FROM "transaction"; args=(); alias=default
DEBUG 2025-06-13 00:10:24,376 utils (0.001) SELECT "transaction"."id", "transaction"."user_id", "transaction"."transaction_type", "transaction"."account_id", "transaction"."amount", "transaction"."description", "transaction"."date", "transaction"."category", "transaction"."receiptUrl", "transaction"."isRecurring", "transaction"."recurringInterval", "transaction"."nextRecurringDate", "transaction"."lastProcessedDate", "transaction"."createdAt", "auth_user"."id", "auth_user"."password", "auth_user"."last_login", "auth_user"."is_superuser", "auth_user"."username", "auth_user"."first_name", "auth_user"."last_name", "auth_user"."email", "auth_user"."is_staff", "auth_user"."is_active", "auth_user"."date_joined", "account"."account_type", "account"."isWallet", "account"."id", "account"."isDefault", "account"."user_id", "account"."name", "account"."account_number", "account"."wallet_number", "account"."balance", "account"."createdAt", "account"."updatedAt", T4."id", T4."password", T4."last_login", T4."is_superuser", T4."username", T4."first_name", T4."last_name", T4."email", T4."is_staff", T4."is_active", T4."date_joined" FROM "transaction" INNER JOIN "auth_user" ON ("transaction"."user_id" = "auth_user"."id") INNER JOIN "account" ON ("transaction"."account_id" = "account"."id") INNER JOIN "auth_user" T4 ON ("account"."user_id" = T4."id") ORDER BY "transaction"."date" DESC, "transaction"."id" DESC; args=(); alias=default
DEBUG 2025-06-13 00:10:24,569 utils (0.001) SELECT "django_session"."session_key", "django_session"."session_data", "django_session"."expire_date" FROM "django_session" WHERE ("django_session"."expire_date" > '2025-06-12 18:25:24.566661' AND "django_session"."session_key" = 'lz6c19xr2ms2o1qnb9jf536ymcoxorvl') LIMIT 21; args=('2025-06-12 18:25:24.566661', 'lz6c19xr2ms2o1qnb9jf536ymcoxorvl'); alias=default
DEBUG 2025-06-13 00:10:24,589 utils (0.000) SELECT "auth_user"."id", "auth_user"."password", "auth_user"."last_login", "auth_user"."is_superuser", "auth_user"."username", "auth_user"."first_name", "auth_user"."last_name", "auth_user"."email", "auth_user"."is_staff", "auth_user"."is_active", "auth_user"."date_joined" FROM "auth_user" WHERE "auth_user"."id" = 1 LIMIT 21; args=(1,); alias=default
DEBUG 2025-06-13 00:10:30,970 utils (0.001) SELECT "django_session"."session_key", "django_session"."session_data", "django_session"."expire_date" FROM "django_session" WHERE ("django_session"."expire_date" > '2025-06-12 18:25:30.968067' AND "django_session"."session_key" = 'lz6c19xr2ms2o1qnb9jf536ymcoxorvl') LIMIT 21; args=('2025-06-12 18:25:30.968067', 'lz6c19xr2ms2o1qnb9jf536ymcoxorvl'); alias=default
DEBUG 2025-06-13 00:10:30,974 utils (0.000) SELECT "auth_user"."id", "auth_user"."password", "auth_user"."last_login", "auth_user"."is_superuser", "auth_user"."username", "auth_user"."first_name", "auth_user"."last_name", "auth_user"."email", "auth_user"."is_staff", "auth_user"."is_active", "auth_user"."date_joined" FROM "auth_user" WHERE "auth_user"."id" = 1 LIMIT 21; args=(1,); alias=default
DEBUG 2025-06-13 00:10:30,980 utils (0.000) SELECT "transaction"."id", "transaction"."user_id", "transaction"."transaction_type", "transaction"."account_id", "transaction"."amount", "transaction"."description", "transaction"."date", "transaction"."category", "transaction"."receiptUrl", "transaction"."isRecurring", "transaction"."recurringInterval", "transaction"."nextRecurringDate", "transaction"."lastProcessedDate", "transaction"."createdAt" FROM "transaction" WHERE "transaction"."id" = 11 LIMIT 21; args=(11,); alias=default
DEBUG 2025-06-13 00:10:31,001 utils (0.001) SELECT "django_content_type"."id", "django_content_type"."app_label", "django_content_type"."model" FROM "django_content_type" WHERE ("django_content_type"."app_label" = 'fintrack_app' AND "django_content_type"."model" = 'transaction') LIMIT 21; args=('fintrack_app', 'transaction'); alias=default
DEBUG 2025-06-13 00:10:31,030 utils (0.000) SELECT "auth_user"."id", "auth_user"."password", "auth_user"."last_login", "auth_user"."is_superuser", "auth_user"."username", "auth_user"."first_name", "auth_user"."last_name", "auth_user"."email", "auth_user"."is_staff", "auth_user"."is_active", "auth_user"."date_joined" FROM "auth_user" ORDER BY "auth_user"."username" ASC; args=(); alias=default
DEBUG 2025-06-13 00:10:31,038 utils (0.000) SELECT "account"."account_type", "account"."isWallet", "account"."id", "account"."isDefault", "account"."user_id", "account"."name", "account"."account_number", "account"."wallet_number", "account"."balance", "account"."createdAt", "account"."updatedAt" FROM "account" ORDER BY "account"."createdAt" DESC; args=(); alias=default
DEBUG 2025-06-13 00:10:31,129 utils (0.001) SELECT "django_session"."session_key", "django_session"."session_data", "django_session"."expire_date" FROM "django_session" WHERE ("django_session"."expire_date" > '2025-06-12 18:25:31.126411' AND "django_session"."session_key" = 'lz6c19xr2ms2o1qnb9jf536ymcoxorvl') LIMIT 21; args=('2025-06-12 18:25:31.126411', 'lz6c19xr2ms2o1qnb9jf536ymcoxorvl'); alias=default
DEBUG 2025-06-13 00:10:31,174 utils (0.001) SELECT "auth_user"."id", "auth_user"."password", "auth_user"."last_login", "auth_user"."is_superuser", "auth_user"."username", "auth_user"."first_name", "auth_user"."last_name", "auth_user"."email", "auth_user"."is_staff", "auth_user"."is_active", "auth_user"."date_joined" FROM "auth_user" WHERE "auth_user"."id" = 1 LIMIT 21; args=(1,); alias=default
DEBUG 2025-06-13 00:10:44,039 utils (0.002) SELECT "django_session"."session_key", "django_session"."session_data", "django_session"."expire_date" FROM "django_session" WHERE ("django_session"."expire_date" > '2025-06-12 18:25:44.034371' AND "django_session"."session_key" = 'lz6c19xr2ms2o1qnb9jf536ymcoxorvl') LIMIT 21; args=('2025-06-12 18:25:44.034371', 'lz6c19xr2ms2o1qnb9jf536ymcoxorvl'); alias=default
DEBUG 2025-06-13 00:10:44,050 utils (0.001) SELECT "auth_user"."id", "auth_user"."password", "auth_user"."last_login", "auth_user"."is_superuser", "auth_user"."username", "auth_user"."first_name", "auth_user"."last_name", "auth_user"."email", "auth_user"."is_staff", "auth_user"."is_active", "auth_user"."date_joined" FROM "auth_user" WHERE "auth_user"."id" = 1 LIMIT 21; args=(1,); alias=default
DEBUG 2025-06-13 00:10:44,069 utils (0.000) BEGIN; args=None; alias=default
DEBUG 2025-06-13 00:10:44,073 utils (0.001) SELECT "transaction"."id", "transaction"."user_id", "transaction"."transaction_type", "transaction"."account_id", "transaction"."amount", "transaction"."description", "transaction"."date", "transaction"."category", "transaction"."receiptUrl", "transaction"."isRecurring", "transaction"."recurringInterval", "transaction"."nextRecurringDate", "transaction"."lastProcessedDate", "transaction"."createdAt" FROM "transaction" WHERE "transaction"."id" = 11 LIMIT 21; args=(11,); alias=default
DEBUG 2025-06-13 00:10:44,089 utils (0.000) SELECT "auth_user"."id", "auth_user"."password", "auth_user"."last_login", "auth_user"."is_superuser", "auth_user"."username", "auth_user"."first_name", "auth_user"."last_name", "auth_user"."email", "auth_user"."is_staff", "auth_user"."is_active", "auth_user"."date_joined" FROM "auth_user" WHERE "auth_user"."id" = 2 LIMIT 21; args=(2,); alias=default
DEBUG 2025-06-13 00:10:44,092 utils (0.000) SELECT "account"."account_type", "account"."isWallet", "account"."id", "account"."isDefault", "account"."user_id", "account"."name", "account"."account_number", "account"."wallet_number", "account"."balance", "account"."createdAt", "account"."updatedAt" FROM "account" WHERE "account"."id" = 4 LIMIT 21; args=(4,); alias=default
DEBUG 2025-06-13 00:10:44,107 utils (0.000) SELECT 1 AS "a" FROM "auth_user" WHERE "auth_user"."id" = 2 LIMIT 1; args=(1, 2); alias=default
DEBUG 2025-06-13 00:10:44,109 utils (0.000) SELECT 1 AS "a" FROM "account" WHERE "account"."id" = 4 LIMIT 1; args=(1, 4); alias=default
DEBUG 2025-06-13 00:10:44,111 utils (0.000) SELECT COUNT(*) AS "__count" FROM "account" WHERE ("account"."user_id" = 2 AND "account"."id" = 4); args=(2, 4); alias=default
DEBUG 2025-06-13 00:10:44,113 utils (0.000) SELECT 1 AS "a" FROM "auth_user" WHERE "auth_user"."id" = 2 LIMIT 1; args=(1, 2); alias=default
DEBUG 2025-06-13 00:10:44,117 utils (0.000) SELECT 1 AS "a" FROM "account" WHERE "account"."id" = 4 LIMIT 1; args=(1, 4); alias=default
DEBUG 2025-06-13 00:10:44,121 utils (0.000) SELECT COUNT(*) AS "__count" FROM "account" WHERE ("account"."user_id" = 2 AND "account"."id" = 4); args=(2, 4); alias=default
DEBUG 2025-06-13 00:10:44,127 utils (0.001) UPDATE "transaction" SET "user_id" = 2, "transaction_type" = 'Ex', "account_id" = 4, "amount" = '999.00', "description" = 'its fun 999', "date" = '2025-06-12 17:29:27', "category" = 'fun', "receiptUrl" = '', "isRecurring" = 0, "recurringInterval" = '', "nextRecurringDate" = NULL, "lastProcessedDate" = NULL, "createdAt" = '2025-06-12 17:29:37.268546' WHERE "transaction"."id" = 11; args=(2, 'Ex', 4, Decimal('999.00'), 'its fun 999', '2025-06-12 17:29:27', 'fun', '', False, '', '2025-06-12 17:29:37.268546', 11); alias=default
DEBUG 2025-06-13 00:10:44,134 utils (0.003) INSERT INTO "django_admin_log" ("action_time", "user_id", "content_type_id", "object_id", "object_repr", "action_flag", "change_message") VALUES ('2025-06-12 18:25:44.130570', 1, 8, '11', 'fun', 2, '[{"changed": {"fields": ["User"]}}]') RETURNING "django_admin_log"."id"; args=('2025-06-12 18:25:44.130570', 1, 8, '11', 'fun', 2, '[{"changed": {"fields": ["User"]}}]'); alias=default
DEBUG 2025-06-13 00:10:44,147 utils (0.007) COMMIT; args=None; alias=default
DEBUG 2025-06-13 00:10:44,163 utils (0.001) SELECT "django_session"."session_key", "django_session"."session_data", "django_session"."expire_date" FROM "django_session" WHERE ("django_session"."expire_date" > '2025-06-12 18:25:44.161018' AND "django_session"."session_key" = 'lz6c19xr2ms2o1qnb9jf536ymcoxorvl') LIMIT 21; args=('2025-06-12 18:25:44.161018', 'lz6c19xr2ms2o1qnb9jf536ymcoxorvl'); alias=default
DEBUG 2025-06-13 00:10:44,170 utils (0.000) SELECT "auth_user"."id", "auth_user"."password", "auth_user"."last_login", "auth_user"."is_superuser", "auth_user"."username", "auth_user"."first_name", "auth_user"."last_name", "auth_user"."email", "auth_user"."is_staff", "auth_user"."is_active", "auth_user"."date_joined" FROM "auth_user" WHERE "auth_user"."id" = 1 LIMIT 21; args=(1,); alias=default
DEBUG 2025-06-13 00:10:44,173 utils (0.000) SELECT COUNT(*) AS "__count" FROM "transaction"; args=(); alias=default
DEBUG 2025-06-13 00:10:44,174 utils (0.000) SELECT COUNT(*) AS "__count" FROM "transaction"; args=(); alias=default
DEBUG 2025-06-13 00:10:44,179 utils (0.000) SELECT "transaction"."id", "transaction"."user_id", "transaction"."transaction_type", "transaction"."account_id", "transaction"."amount", "transaction"."description", "transaction"."date", "transaction"."category", "transaction"."receiptUrl", "transaction"."isRecurring", "transaction"."recurringInterval", "transaction"."nextRecurringDate", "transaction"."lastProcessedDate", "transaction"."createdAt", "auth_user"."id", "auth_user"."password", "auth_user"."last_login", "auth_user"."is_superuser", "auth_user"."username", "auth_user"."first_name", "auth_user"."last_name", "auth_user"."email", "auth_user"."is_staff", "auth_user"."is_active", "auth_user"."date_joined", "account"."account_type", "account"."isWallet", "account"."id", "account"."isDefault", "account"."user_id", "account"."name", "account"."account_number", "account"."wallet_number", "account"."balance", "account"."createdAt", "account"."updatedAt", T4."id", T4."password", T4."last_login", T4."is_superuser", T4."username", T4."first_name", T4."last_name", T4."email", T4."is_staff", T4."is_active", T4."date_joined" FROM "transaction" INNER JOIN "auth_user" ON ("transaction"."user_id" = "auth_user"."id") INNER JOIN "account" ON ("transaction"."account_id" = "account"."id") INNER JOIN "auth_user" T4 ON ("account"."user_id" = T4."id") ORDER BY "transaction"."date" DESC, "transaction"."id" DESC; args=(); alias=default
DEBUG 2025-06-13 00:10:44,274 utils (0.001) SELECT "django_session"."session_key", "django_session"."session_data", "django_session"."expire_date" FROM "django_session" WHERE ("django_session"."expire_date" > '2025-06-12 18:25:44.271928' AND "django_session"."session_key" = 'lz6c19xr2ms2o1qnb9jf536ymcoxorvl') LIMIT 21; args=('2025-06-12 18:25:44.271928', 'lz6c19xr2ms2o1qnb9jf536ymcoxorvl'); alias=default
DEBUG 2025-06-13 00:10:44,282 utils (0.000) SELECT "auth_user"."id", "auth_user"."password", "auth_user"."last_login", "auth_user"."is_superuser", "auth_user"."username", "auth_user"."first_name", "auth_user"."last_name", "auth_user"."email", "auth_user"."is_staff", "auth_user"."is_active", "auth_user"."date_joined" FROM "auth_user" WHERE "auth_user"."id" = 1 LIMIT 21; args=(1,); alias=default
DEBUG 2025-06-13 00:10:48,616 utils (0.001) SELECT "django_session"."session_key", "django_session"."session_data", "django_session"."expire_date" FROM "django_session" WHERE ("django_session"."expire_date" > '2025-06-12 18:25:48.614500' AND "django_session"."session_key" = 'lz6c19xr2ms2o1qnb9jf536ymcoxorvl') LIMIT 21; args=('2025-06-12 18:25:48.614500', 'lz6c19xr2ms2o1qnb9jf536ymcoxorvl'); alias=default
DEBUG 2025-06-13 00:10:48,619 utils (0.000) SELECT "auth_user"."id", "auth_user"."password", "auth_user"."last_login", "auth_user"."is_superuser", "auth_user"."username", "auth_user"."first_name", "auth_user"."last_name", "auth_user"."email", "auth_user"."is_staff", "auth_user"."is_active", "auth_user"."date_joined" FROM "auth_user" WHERE "auth_user"."id" = 1 LIMIT 21; args=(1,); alias=default
DEBUG 2025-06-13 00:10:48,623 utils (0.001) SELECT "transaction"."id", "transaction"."user_id", "transaction"."transaction_type", "transaction"."account_id", "transaction"."amount", "transaction"."description", "transaction"."date", "transaction"."category", "transaction"."receiptUrl", "transaction"."isRecurring", "transaction"."recurringInterval", "transaction"."nextRecurringDate", "transaction"."lastProcessedDate", "transaction"."createdAt" FROM "transaction" WHERE "transaction"."id" = 10 LIMIT 21; args=(10,); alias=default
DEBUG 2025-06-13 00:10:48,654 utils (0.000) SELECT "auth_user"."id", "auth_user"."password", "auth_user"."last_login", "auth_user"."is_superuser", "auth_user"."username", "auth_user"."first_name", "auth_user"."last_name", "auth_user"."email", "auth_user"."is_staff", "auth_user"."is_active", "auth_user"."date_joined" FROM "auth_user" ORDER BY "auth_user"."username" ASC; args=(); alias=default
DEBUG 2025-06-13 00:10:48,658 utils (0.000) SELECT "account"."account_type", "account"."isWallet", "account"."id", "account"."isDefault", "account"."user_id", "account"."name", "account"."account_number", "account"."wallet_number", "account"."balance", "account"."createdAt", "account"."updatedAt" FROM "account" ORDER BY "account"."createdAt" DESC; args=(); alias=default
DEBUG 2025-06-13 00:10:48,724 utils (0.001) SELECT "django_session"."session_key", "django_session"."session_data", "django_session"."expire_date" FROM "django_session" WHERE ("django_session"."expire_date" > '2025-06-12 18:25:48.721260' AND "django_session"."session_key" = 'lz6c19xr2ms2o1qnb9jf536ymcoxorvl') LIMIT 21; args=('2025-06-12 18:25:48.721260', 'lz6c19xr2ms2o1qnb9jf536ymcoxorvl'); alias=default
DEBUG 2025-06-13 00:10:48,728 utils (0.000) SELECT "auth_user"."id", "auth_user"."password", "auth_user"."last_login", "auth_user"."is_superuser", "auth_user"."username", "auth_user"."first_name", "auth_user"."last_name", "auth_user"."email", "auth_user"."is_staff", "auth_user"."is_active", "auth_user"."date_joined" FROM "auth_user" WHERE "auth_user"."id" = 1 LIMIT 21; args=(1,); alias=default
DEBUG 2025-06-13 00:10:54,440 utils (0.001) SELECT "django_session"."session_key", "django_session"."session_data", "django_session"."expire_date" FROM "django_session" WHERE ("django_session"."expire_date" > '2025-06-12 18:25:54.437509' AND "django_session"."session_key" = 'lz6c19xr2ms2o1qnb9jf536ymcoxorvl') LIMIT 21; args=('2025-06-12 18:25:54.437509', 'lz6c19xr2ms2o1qnb9jf536ymcoxorvl'); alias=default
DEBUG 2025-06-13 00:10:54,444 utils (0.000) SELECT "auth_user"."id", "auth_user"."password", "auth_user"."last_login", "auth_user"."is_superuser", "auth_user"."username", "auth_user"."first_name", "auth_user"."last_name", "auth_user"."email", "auth_user"."is_staff", "auth_user"."is_active", "auth_user"."date_joined" FROM "auth_user" WHERE "auth_user"."id" = 1 LIMIT 21; args=(1,); alias=default
DEBUG 2025-06-13 00:10:54,455 utils (0.000) BEGIN; args=None; alias=default
DEBUG 2025-06-13 00:10:54,460 utils (0.000) SELECT "transaction"."id", "transaction"."user_id", "transaction"."transaction_type", "transaction"."account_id", "transaction"."amount", "transaction"."description", "transaction"."date", "transaction"."category", "transaction"."receiptUrl", "transaction"."isRecurring", "transaction"."recurringInterval", "transaction"."nextRecurringDate", "transaction"."lastProcessedDate", "transaction"."createdAt" FROM "transaction" WHERE "transaction"."id" = 10 LIMIT 21; args=(10,); alias=default
DEBUG 2025-06-13 00:10:54,474 utils (0.000) SELECT "auth_user"."id", "auth_user"."password", "auth_user"."last_login", "auth_user"."is_superuser", "auth_user"."username", "auth_user"."first_name", "auth_user"."last_name", "auth_user"."email", "auth_user"."is_staff", "auth_user"."is_active", "auth_user"."date_joined" FROM "auth_user" WHERE "auth_user"."id" = 2 LIMIT 21; args=(2,); alias=default
DEBUG 2025-06-13 00:10:54,477 utils (0.000) SELECT "account"."account_type", "account"."isWallet", "account"."id", "account"."isDefault", "account"."user_id", "account"."name", "account"."account_number", "account"."wallet_number", "account"."balance", "account"."createdAt", "account"."updatedAt" FROM "account" WHERE "account"."id" = 4 LIMIT 21; args=(4,); alias=default
DEBUG 2025-06-13 00:10:54,479 utils (0.000) SELECT 1 AS "a" FROM "auth_user" WHERE "auth_user"."id" = 2 LIMIT 1; args=(1, 2); alias=default
DEBUG 2025-06-13 00:10:54,485 utils (0.000) SELECT 1 AS "a" FROM "account" WHERE "account"."id" = 4 LIMIT 1; args=(1, 4); alias=default
DEBUG 2025-06-13 00:10:54,487 utils (0.000) SELECT COUNT(*) AS "__count" FROM "account" WHERE ("account"."user_id" = 2 AND "account"."id" = 4); args=(2, 4); alias=default
DEBUG 2025-06-13 00:10:54,489 utils (0.000) SELECT 1 AS "a" FROM "auth_user" WHERE "auth_user"."id" = 2 LIMIT 1; args=(1, 2); alias=default
DEBUG 2025-06-13 00:10:54,491 utils (0.000) SELECT 1 AS "a" FROM "account" WHERE "account"."id" = 4 LIMIT 1; args=(1, 4); alias=default
DEBUG 2025-06-13 00:10:54,492 utils (0.000) SELECT COUNT(*) AS "__count" FROM "account" WHERE ("account"."user_id" = 2 AND "account"."id" = 4); args=(2, 4); alias=default
DEBUG 2025-06-13 00:10:54,502 utils (0.007) UPDATE "transaction" SET "user_id" = 2, "transaction_type" = 'Ex', "account_id" = 4, "amount" = '499.00', "description" = 'its fun', "date" = '2025-06-12 17:28:24', "category" = 'fun', "receiptUrl" = '', "isRecurring" = 0, "recurringInterval" = '', "nextRecurringDate" = NULL, "lastProcessedDate" = NULL, "createdAt" = '2025-06-12 17:28:31.175929' WHERE "transaction"."id" = 10; args=(2, 'Ex', 4, Decimal('499.00'), 'its fun', '2025-06-12 17:28:24', 'fun', '', False, '', '2025-06-12 17:28:31.175929', 10); alias=default
DEBUG 2025-06-13 00:10:54,505 utils (0.001) INSERT INTO "django_admin_log" ("action_time", "user_id", "content_type_id", "object_id", "object_repr", "action_flag", "change_message") VALUES ('2025-06-12 18:25:54.504207', 1, 8, '10', 'fun', 2, '[{"changed": {"fields": ["User"]}}]') RETURNING "django_admin_log"."id"; args=('2025-06-12 18:25:54.504207', 1, 8, '10', 'fun', 2, '[{"changed": {"fields": ["User"]}}]'); alias=default
DEBUG 2025-06-13 00:10:54,513 utils (0.006) COMMIT; args=None; alias=default
DEBUG 2025-06-13 00:10:54,524 utils (0.001) SELECT "django_session"."session_key", "django_session"."session_data", "django_session"."expire_date" FROM "django_session" WHERE ("django_session"."expire_date" > '2025-06-12 18:25:54.523428' AND "django_session"."session_key" = 'lz6c19xr2ms2o1qnb9jf536ymcoxorvl') LIMIT 21; args=('2025-06-12 18:25:54.523428', 'lz6c19xr2ms2o1qnb9jf536ymcoxorvl'); alias=default
DEBUG 2025-06-13 00:10:54,527 utils (0.000) SELECT "auth_user"."id", "auth_user"."password", "auth_user"."last_login", "auth_user"."is_superuser", "auth_user"."username", "auth_user"."first_name", "auth_user"."last_name", "auth_user"."email", "auth_user"."is_staff", "auth_user"."is_active", "auth_user"."date_joined" FROM "auth_user" WHERE "auth_user"."id" = 1 LIMIT 21; args=(1,); alias=default
DEBUG 2025-06-13 00:10:54,530 utils (0.000) SELECT COUNT(*) AS "__count" FROM "transaction"; args=(); alias=default
DEBUG 2025-06-13 00:10:54,535 utils (0.000) SELECT COUNT(*) AS "__count" FROM "transaction"; args=(); alias=default
DEBUG 2025-06-13 00:10:54,541 utils (0.000) SELECT "transaction"."id", "transaction"."user_id", "transaction"."transaction_type", "transaction"."account_id", "transaction"."amount", "transaction"."description", "transaction"."date", "transaction"."category", "transaction"."receiptUrl", "transaction"."isRecurring", "transaction"."recurringInterval", "transaction"."nextRecurringDate", "transaction"."lastProcessedDate", "transaction"."createdAt", "auth_user"."id", "auth_user"."password", "auth_user"."last_login", "auth_user"."is_superuser", "auth_user"."username", "auth_user"."first_name", "auth_user"."last_name", "auth_user"."email", "auth_user"."is_staff", "auth_user"."is_active", "auth_user"."date_joined", "account"."account_type", "account"."isWallet", "account"."id", "account"."isDefault", "account"."user_id", "account"."name", "account"."account_number", "account"."wallet_number", "account"."balance", "account"."createdAt", "account"."updatedAt", T4."id", T4."password", T4."last_login", T4."is_superuser", T4."username", T4."first_name", T4."last_name", T4."email", T4."is_staff", T4."is_active", T4."date_joined" FROM "transaction" INNER JOIN "auth_user" ON ("transaction"."user_id" = "auth_user"."id") INNER JOIN "account" ON ("transaction"."account_id" = "account"."id") INNER JOIN "auth_user" T4 ON ("account"."user_id" = T4."id") ORDER BY "transaction"."date" DESC, "transaction"."id" DESC; args=(); alias=default
DEBUG 2025-06-13 00:10:54,621 utils (0.003) SELECT "django_session"."session_key", "django_session"."session_data", "django_session"."expire_date" FROM "django_session" WHERE ("django_session"."expire_date" > '2025-06-12 18:25:54.616727' AND "django_session"."session_key" = 'lz6c19xr2ms2o1qnb9jf536ymcoxorvl') LIMIT 21; args=('2025-06-12 18:25:54.616727', 'lz6c19xr2ms2o1qnb9jf536ymcoxorvl'); alias=default
DEBUG 2025-06-13 00:10:54,625 utils (0.000) SELECT "auth_user"."id", "auth_user"."password", "auth_user"."last_login", "auth_user"."is_superuser", "auth_user"."username", "auth_user"."first_name", "auth_user"."last_name", "auth_user"."email", "auth_user"."is_staff", "auth_user"."is_active", "auth_user"."date_joined" FROM "auth_user" WHERE "auth_user"."id" = 1 LIMIT 21; args=(1,); alias=default
DEBUG 2025-06-13 00:11:00,167 utils (0.001) SELECT "django_session"."session_key", "django_session"."session_data", "django_session"."expire_date" FROM "django_session" WHERE ("django_session"."expire_date" > '2025-06-12 18:26:00.165127' AND "django_session"."session_key" = 'lz6c19xr2ms2o1qnb9jf536ymcoxorvl') LIMIT 21; args=('2025-06-12 18:26:00.165127', 'lz6c19xr2ms2o1qnb9jf536ymcoxorvl'); alias=default
DEBUG 2025-06-13 00:11:00,172 utils (0.000) SELECT "auth_user"."id", "auth_user"."password", "auth_user"."last_login", "auth_user"."is_superuser", "auth_user"."username", "auth_user"."first_name", "auth_user"."last_name", "auth_user"."email", "auth_user"."is_staff", "auth_user"."is_active", "auth_user"."date_joined" FROM "auth_user" WHERE "auth_user"."id" = 1 LIMIT 21; args=(1,); alias=default
DEBUG 2025-06-13 00:11:00,179 utils (0.000) SELECT "transaction"."id", "transaction"."user_id", "transaction"."transaction_type", "transaction"."account_id", "transaction"."amount", "transaction"."description", "transaction"."date", "transaction"."category", "transaction"."receiptUrl", "transaction"."isRecurring", "transaction"."recurringInterval", "transaction"."nextRecurringDate", "transaction"."lastProcessedDate", "transaction"."createdAt" FROM "transaction" WHERE "transaction"."id" = 9 LIMIT 21; args=(9,); alias=default
DEBUG 2025-06-13 00:11:00,207 utils (0.000) SELECT "auth_user"."id", "auth_user"."password", "auth_user"."last_login", "auth_user"."is_superuser", "auth_user"."username", "auth_user"."first_name", "auth_user"."last_name", "auth_user"."email", "auth_user"."is_staff", "auth_user"."is_active", "auth_user"."date_joined" FROM "auth_user" ORDER BY "auth_user"."username" ASC; args=(); alias=default
DEBUG 2025-06-13 00:11:00,212 utils (0.000) SELECT "account"."account_type", "account"."isWallet", "account"."id", "account"."isDefault", "account"."user_id", "account"."name", "account"."account_number", "account"."wallet_number", "account"."balance", "account"."createdAt", "account"."updatedAt" FROM "account" ORDER BY "account"."createdAt" DESC; args=(); alias=default
DEBUG 2025-06-13 00:11:00,288 utils (0.002) SELECT "django_session"."session_key", "django_session"."session_data", "django_session"."expire_date" FROM "django_session" WHERE ("django_session"."expire_date" > '2025-06-12 18:26:00.284688' AND "django_session"."session_key" = 'lz6c19xr2ms2o1qnb9jf536ymcoxorvl') LIMIT 21; args=('2025-06-12 18:26:00.284688', 'lz6c19xr2ms2o1qnb9jf536ymcoxorvl'); alias=default
DEBUG 2025-06-13 00:11:00,292 utils (0.000) SELECT "auth_user"."id", "auth_user"."password", "auth_user"."last_login", "auth_user"."is_superuser", "auth_user"."username", "auth_user"."first_name", "auth_user"."last_name", "auth_user"."email", "auth_user"."is_staff", "auth_user"."is_active", "auth_user"."date_joined" FROM "auth_user" WHERE "auth_user"."id" = 1 LIMIT 21; args=(1,); alias=default
DEBUG 2025-06-13 00:11:06,244 utils (0.001) SELECT "django_session"."session_key", "django_session"."session_data", "django_session"."expire_date" FROM "django_session" WHERE ("django_session"."expire_date" > '2025-06-12 18:26:06.242404' AND "django_session"."session_key" = 'lz6c19xr2ms2o1qnb9jf536ymcoxorvl') LIMIT 21; args=('2025-06-12 18:26:06.242404', 'lz6c19xr2ms2o1qnb9jf536ymcoxorvl'); alias=default
DEBUG 2025-06-13 00:11:06,250 utils (0.000) SELECT "auth_user"."id", "auth_user"."password", "auth_user"."last_login", "auth_user"."is_superuser", "auth_user"."username", "auth_user"."first_name", "auth_user"."last_name", "auth_user"."email", "auth_user"."is_staff", "auth_user"."is_active", "auth_user"."date_joined" FROM "auth_user" WHERE "auth_user"."id" = 1 LIMIT 21; args=(1,); alias=default
DEBUG 2025-06-13 00:11:06,256 utils (0.000) BEGIN; args=None; alias=default
DEBUG 2025-06-13 00:11:06,262 utils (0.001) SELECT "transaction"."id", "transaction"."user_id", "transaction"."transaction_type", "transaction"."account_id", "transaction"."amount", "transaction"."description", "transaction"."date", "transaction"."category", "transaction"."receiptUrl", "transaction"."isRecurring", "transaction"."recurringInterval", "transaction"."nextRecurringDate", "transaction"."lastProcessedDate", "transaction"."createdAt" FROM "transaction" WHERE "transaction"."id" = 9 LIMIT 21; args=(9,); alias=default
DEBUG 2025-06-13 00:11:06,276 utils (0.000) SELECT "auth_user"."id", "auth_user"."password", "auth_user"."last_login", "auth_user"."is_superuser", "auth_user"."username", "auth_user"."first_name", "auth_user"."last_name", "auth_user"."email", "auth_user"."is_staff", "auth_user"."is_active", "auth_user"."date_joined" FROM "auth_user" WHERE "auth_user"."id" = 2 LIMIT 21; args=(2,); alias=default
DEBUG 2025-06-13 00:11:06,278 utils (0.000) SELECT "account"."account_type", "account"."isWallet", "account"."id", "account"."isDefault", "account"."user_id", "account"."name", "account"."account_number", "account"."wallet_number", "account"."balance", "account"."createdAt", "account"."updatedAt" FROM "account" WHERE "account"."id" = 4 LIMIT 21; args=(4,); alias=default
DEBUG 2025-06-13 00:11:06,287 utils (0.000) SELECT 1 AS "a" FROM "auth_user" WHERE "auth_user"."id" = 2 LIMIT 1; args=(1, 2); alias=default
DEBUG 2025-06-13 00:11:06,288 utils (0.000) SELECT 1 AS "a" FROM "account" WHERE "account"."id" = 4 LIMIT 1; args=(1, 4); alias=default
DEBUG 2025-06-13 00:11:06,290 utils (0.000) SELECT COUNT(*) AS "__count" FROM "account" WHERE ("account"."user_id" = 2 AND "account"."id" = 4); args=(2, 4); alias=default
DEBUG 2025-06-13 00:11:06,292 utils (0.000) SELECT 1 AS "a" FROM "auth_user" WHERE "auth_user"."id" = 2 LIMIT 1; args=(1, 2); alias=default
DEBUG 2025-06-13 00:11:06,293 utils (0.000) SELECT 1 AS "a" FROM "account" WHERE "account"."id" = 4 LIMIT 1; args=(1, 4); alias=default
DEBUG 2025-06-13 00:11:06,295 utils (0.000) SELECT COUNT(*) AS "__count" FROM "account" WHERE ("account"."user_id" = 2 AND "account"."id" = 4); args=(2, 4); alias=default
DEBUG 2025-06-13 00:11:06,308 utils (0.007) UPDATE "transaction" SET "user_id" = 2, "transaction_type" = 'Ex', "account_id" = 4, "amount" = '399.00', "description" = 'its fun 399', "date" = '2025-06-12 17:26:29', "category" = 'fun', "receiptUrl" = '', "isRecurring" = 0, "recurringInterval" = '', "nextRecurringDate" = NULL, "lastProcessedDate" = NULL, "createdAt" = '2025-06-12 17:26:44.734138' WHERE "transaction"."id" = 9; args=(2, 'Ex', 4, Decimal('399.00'), 'its fun 399', '2025-06-12 17:26:29', 'fun', '', False, '', '2025-06-12 17:26:44.734138', 9); alias=default
DEBUG 2025-06-13 00:11:06,311 utils (0.000) INSERT INTO "django_admin_log" ("action_time", "user_id", "content_type_id", "object_id", "object_repr", "action_flag", "change_message") VALUES ('2025-06-12 18:26:06.311298', 1, 8, '9', 'fun', 2, '[{"changed": {"fields": ["User"]}}]') RETURNING "django_admin_log"."id"; args=('2025-06-12 18:26:06.311298', 1, 8, '9', 'fun', 2, '[{"changed": {"fields": ["User"]}}]'); alias=default
DEBUG 2025-06-13 00:11:06,323 utils (0.008) COMMIT; args=None; alias=default
DEBUG 2025-06-13 00:11:06,335 utils (0.001) SELECT "django_session"."session_key", "django_session"."session_data", "django_session"."expire_date" FROM "django_session" WHERE ("django_session"."expire_date" > '2025-06-12 18:26:06.332322' AND "django_session"."session_key" = 'lz6c19xr2ms2o1qnb9jf536ymcoxorvl') LIMIT 21; args=('2025-06-12 18:26:06.332322', 'lz6c19xr2ms2o1qnb9jf536ymcoxorvl'); alias=default
DEBUG 2025-06-13 00:11:06,338 utils (0.000) SELECT "auth_user"."id", "auth_user"."password", "auth_user"."last_login", "auth_user"."is_superuser", "auth_user"."username", "auth_user"."first_name", "auth_user"."last_name", "auth_user"."email", "auth_user"."is_staff", "auth_user"."is_active", "auth_user"."date_joined" FROM "auth_user" WHERE "auth_user"."id" = 1 LIMIT 21; args=(1,); alias=default
DEBUG 2025-06-13 00:11:06,342 utils (0.000) SELECT COUNT(*) AS "__count" FROM "transaction"; args=(); alias=default
DEBUG 2025-06-13 00:11:06,343 utils (0.000) SELECT COUNT(*) AS "__count" FROM "transaction"; args=(); alias=default
DEBUG 2025-06-13 00:11:06,350 utils (0.001) SELECT "transaction"."id", "transaction"."user_id", "transaction"."transaction_type", "transaction"."account_id", "transaction"."amount", "transaction"."description", "transaction"."date", "transaction"."category", "transaction"."receiptUrl", "transaction"."isRecurring", "transaction"."recurringInterval", "transaction"."nextRecurringDate", "transaction"."lastProcessedDate", "transaction"."createdAt", "auth_user"."id", "auth_user"."password", "auth_user"."last_login", "auth_user"."is_superuser", "auth_user"."username", "auth_user"."first_name", "auth_user"."last_name", "auth_user"."email", "auth_user"."is_staff", "auth_user"."is_active", "auth_user"."date_joined", "account"."account_type", "account"."isWallet", "account"."id", "account"."isDefault", "account"."user_id", "account"."name", "account"."account_number", "account"."wallet_number", "account"."balance", "account"."createdAt", "account"."updatedAt", T4."id", T4."password", T4."last_login", T4."is_superuser", T4."username", T4."first_name", T4."last_name", T4."email", T4."is_staff", T4."is_active", T4."date_joined" FROM "transaction" INNER JOIN "auth_user" ON ("transaction"."user_id" = "auth_user"."id") INNER JOIN "account" ON ("transaction"."account_id" = "account"."id") INNER JOIN "auth_user" T4 ON ("account"."user_id" = T4."id") ORDER BY "transaction"."date" DESC, "transaction"."id" DESC; args=(); alias=default
DEBUG 2025-06-13 00:11:06,425 utils (0.002) SELECT "django_session"."session_key", "django_session"."session_data", "django_session"."expire_date" FROM "django_session" WHERE ("django_session"."expire_date" > '2025-06-12 18:26:06.422498' AND "django_session"."session_key" = 'lz6c19xr2ms2o1qnb9jf536ymcoxorvl') LIMIT 21; args=('2025-06-12 18:26:06.422498', 'lz6c19xr2ms2o1qnb9jf536ymcoxorvl'); alias=default
DEBUG 2025-06-13 00:11:06,442 utils (0.001) SELECT "auth_user"."id", "auth_user"."password", "auth_user"."last_login", "auth_user"."is_superuser", "auth_user"."username", "auth_user"."first_name", "auth_user"."last_name", "auth_user"."email", "auth_user"."is_staff", "auth_user"."is_active", "auth_user"."date_joined" FROM "auth_user" WHERE "auth_user"."id" = 1 LIMIT 21; args=(1,); alias=default
DEBUG 2025-06-13 00:11:08,646 utils (0.001) SELECT "django_session"."session_key", "django_session"."session_data", "django_session"."expire_date" FROM "django_session" WHERE ("django_session"."expire_date" > '2025-06-12 18:26:08.643882' AND "django_session"."session_key" = 'lz6c19xr2ms2o1qnb9jf536ymcoxorvl') LIMIT 21; args=('2025-06-12 18:26:08.643882', 'lz6c19xr2ms2o1qnb9jf536ymcoxorvl'); alias=default
DEBUG 2025-06-13 00:11:08,649 utils (0.000) SELECT "auth_user"."id", "auth_user"."password", "auth_user"."last_login", "auth_user"."is_superuser", "auth_user"."username", "auth_user"."first_name", "auth_user"."last_name", "auth_user"."email", "auth_user"."is_staff", "auth_user"."is_active", "auth_user"."date_joined" FROM "auth_user" WHERE "auth_user"."id" = 1 LIMIT 21; args=(1,); alias=default
DEBUG 2025-06-13 00:11:08,652 utils (0.000) SELECT "transaction"."id", "transaction"."user_id", "transaction"."transaction_type", "transaction"."account_id", "transaction"."amount", "transaction"."description", "transaction"."date", "transaction"."category", "transaction"."receiptUrl", "transaction"."isRecurring", "transaction"."recurringInterval", "transaction"."nextRecurringDate", "transaction"."lastProcessedDate", "transaction"."createdAt" FROM "transaction" WHERE "transaction"."id" = 8 LIMIT 21; args=(8,); alias=default
DEBUG 2025-06-13 00:11:08,677 utils (0.000) SELECT "auth_user"."id", "auth_user"."password", "auth_user"."last_login", "auth_user"."is_superuser", "auth_user"."username", "auth_user"."first_name", "auth_user"."last_name", "auth_user"."email", "auth_user"."is_staff", "auth_user"."is_active", "auth_user"."date_joined" FROM "auth_user" ORDER BY "auth_user"."username" ASC; args=(); alias=default
DEBUG 2025-06-13 00:11:08,689 utils (0.001) SELECT "account"."account_type", "account"."isWallet", "account"."id", "account"."isDefault", "account"."user_id", "account"."name", "account"."account_number", "account"."wallet_number", "account"."balance", "account"."createdAt", "account"."updatedAt" FROM "account" ORDER BY "account"."createdAt" DESC; args=(); alias=default
DEBUG 2025-06-13 00:11:08,756 utils (0.002) SELECT "django_session"."session_key", "django_session"."session_data", "django_session"."expire_date" FROM "django_session" WHERE ("django_session"."expire_date" > '2025-06-12 18:26:08.753279' AND "django_session"."session_key" = 'lz6c19xr2ms2o1qnb9jf536ymcoxorvl') LIMIT 21; args=('2025-06-12 18:26:08.753279', 'lz6c19xr2ms2o1qnb9jf536ymcoxorvl'); alias=default
DEBUG 2025-06-13 00:11:08,760 utils (0.000) SELECT "auth_user"."id", "auth_user"."password", "auth_user"."last_login", "auth_user"."is_superuser", "auth_user"."username", "auth_user"."first_name", "auth_user"."last_name", "auth_user"."email", "auth_user"."is_staff", "auth_user"."is_active", "auth_user"."date_joined" FROM "auth_user" WHERE "auth_user"."id" = 1 LIMIT 21; args=(1,); alias=default
DEBUG 2025-06-13 00:11:11,298 utils (0.001) SELECT "django_session"."session_key", "django_session"."session_data", "django_session"."expire_date" FROM "django_session" WHERE ("django_session"."expire_date" > '2025-06-12 18:26:11.295416' AND "django_session"."session_key" = 'lz6c19xr2ms2o1qnb9jf536ymcoxorvl') LIMIT 21; args=('2025-06-12 18:26:11.295416', 'lz6c19xr2ms2o1qnb9jf536ymcoxorvl'); alias=default
DEBUG 2025-06-13 00:11:11,302 utils (0.000) SELECT "auth_user"."id", "auth_user"."password", "auth_user"."last_login", "auth_user"."is_superuser", "auth_user"."username", "auth_user"."first_name", "auth_user"."last_name", "auth_user"."email", "auth_user"."is_staff", "auth_user"."is_active", "auth_user"."date_joined" FROM "auth_user" WHERE "auth_user"."id" = 1 LIMIT 21; args=(1,); alias=default
DEBUG 2025-06-13 00:11:11,304 utils (0.000) BEGIN; args=None; alias=default
DEBUG 2025-06-13 00:11:11,306 utils (0.000) SELECT "transaction"."id", "transaction"."user_id", "transaction"."transaction_type", "transaction"."account_id", "transaction"."amount", "transaction"."description", "transaction"."date", "transaction"."category", "transaction"."receiptUrl", "transaction"."isRecurring", "transaction"."recurringInterval", "transaction"."nextRecurringDate", "transaction"."lastProcessedDate", "transaction"."createdAt" FROM "transaction" WHERE "transaction"."id" = 8 LIMIT 21; args=(8,); alias=default
DEBUG 2025-06-13 00:11:11,318 utils (0.000) SELECT "auth_user"."id", "auth_user"."password", "auth_user"."last_login", "auth_user"."is_superuser", "auth_user"."username", "auth_user"."first_name", "auth_user"."last_name", "auth_user"."email", "auth_user"."is_staff", "auth_user"."is_active", "auth_user"."date_joined" FROM "auth_user" WHERE "auth_user"."id" = 1 LIMIT 21; args=(1,); alias=default
DEBUG 2025-06-13 00:11:11,320 utils (0.000) SELECT "account"."account_type", "account"."isWallet", "account"."id", "account"."isDefault", "account"."user_id", "account"."name", "account"."account_number", "account"."wallet_number", "account"."balance", "account"."createdAt", "account"."updatedAt" FROM "account" WHERE "account"."id" = 4 LIMIT 21; args=(4,); alias=default
DEBUG 2025-06-13 00:11:11,323 utils (0.000) SELECT 1 AS "a" FROM "auth_user" WHERE "auth_user"."id" = 1 LIMIT 1; args=(1, 1); alias=default
DEBUG 2025-06-13 00:11:11,324 utils (0.000) SELECT 1 AS "a" FROM "account" WHERE "account"."id" = 4 LIMIT 1; args=(1, 4); alias=default
DEBUG 2025-06-13 00:11:11,326 utils (0.000) SELECT COUNT(*) AS "__count" FROM "account" WHERE ("account"."user_id" = 1 AND "account"."id" = 4); args=(1, 4); alias=default
DEBUG 2025-06-13 00:11:11,328 utils (0.000) COMMIT; args=None; alias=default
DEBUG 2025-06-13 00:11:11,341 utils (0.000) SELECT "auth_user"."id", "auth_user"."password", "auth_user"."last_login", "auth_user"."is_superuser", "auth_user"."username", "auth_user"."first_name", "auth_user"."last_name", "auth_user"."email", "auth_user"."is_staff", "auth_user"."is_active", "auth_user"."date_joined" FROM "auth_user" ORDER BY "auth_user"."username" ASC; args=(); alias=default
DEBUG 2025-06-13 00:11:11,346 utils (0.001) SELECT "account"."account_type", "account"."isWallet", "account"."id", "account"."isDefault", "account"."user_id", "account"."name", "account"."account_number", "account"."wallet_number", "account"."balance", "account"."createdAt", "account"."updatedAt" FROM "account" ORDER BY "account"."createdAt" DESC; args=(); alias=default
DEBUG 2025-06-13 00:11:11,418 utils (0.001) SELECT "django_session"."session_key", "django_session"."session_data", "django_session"."expire_date" FROM "django_session" WHERE ("django_session"."expire_date" > '2025-06-12 18:26:11.415499' AND "django_session"."session_key" = 'lz6c19xr2ms2o1qnb9jf536ymcoxorvl') LIMIT 21; args=('2025-06-12 18:26:11.415499', 'lz6c19xr2ms2o1qnb9jf536ymcoxorvl'); alias=default
DEBUG 2025-06-13 00:11:11,423 utils (0.000) SELECT "auth_user"."id", "auth_user"."password", "auth_user"."last_login", "auth_user"."is_superuser", "auth_user"."username", "auth_user"."first_name", "auth_user"."last_name", "auth_user"."email", "auth_user"."is_staff", "auth_user"."is_active", "auth_user"."date_joined" FROM "auth_user" WHERE "auth_user"."id" = 1 LIMIT 21; args=(1,); alias=default
DEBUG 2025-06-13 00:11:18,949 utils (0.001) SELECT "django_session"."session_key", "django_session"."session_data", "django_session"."expire_date" FROM "django_session" WHERE ("django_session"."expire_date" > '2025-06-12 18:26:18.943965' AND "django_session"."session_key" = 'lz6c19xr2ms2o1qnb9jf536ymcoxorvl') LIMIT 21; args=('2025-06-12 18:26:18.943965', 'lz6c19xr2ms2o1qnb9jf536ymcoxorvl'); alias=default
DEBUG 2025-06-13 00:11:18,955 utils (0.000) SELECT "auth_user"."id", "auth_user"."password", "auth_user"."last_login", "auth_user"."is_superuser", "auth_user"."username", "auth_user"."first_name", "auth_user"."last_name", "auth_user"."email", "auth_user"."is_staff", "auth_user"."is_active", "auth_user"."date_joined" FROM "auth_user" WHERE "auth_user"."id" = 1 LIMIT 21; args=(1,); alias=default
DEBUG 2025-06-13 00:11:18,970 utils (0.000) BEGIN; args=None; alias=default
DEBUG 2025-06-13 00:11:18,975 utils (0.000) SELECT "transaction"."id", "transaction"."user_id", "transaction"."transaction_type", "transaction"."account_id", "transaction"."amount", "transaction"."description", "transaction"."date", "transaction"."category", "transaction"."receiptUrl", "transaction"."isRecurring", "transaction"."recurringInterval", "transaction"."nextRecurringDate", "transaction"."lastProcessedDate", "transaction"."createdAt" FROM "transaction" WHERE "transaction"."id" = 8 LIMIT 21; args=(8,); alias=default
DEBUG 2025-06-13 00:11:18,985 utils (0.000) SELECT "auth_user"."id", "auth_user"."password", "auth_user"."last_login", "auth_user"."is_superuser", "auth_user"."username", "auth_user"."first_name", "auth_user"."last_name", "auth_user"."email", "auth_user"."is_staff", "auth_user"."is_active", "auth_user"."date_joined" FROM "auth_user" WHERE "auth_user"."id" = 2 LIMIT 21; args=(2,); alias=default
DEBUG 2025-06-13 00:11:18,989 utils (0.000) SELECT "account"."account_type", "account"."isWallet", "account"."id", "account"."isDefault", "account"."user_id", "account"."name", "account"."account_number", "account"."wallet_number", "account"."balance", "account"."createdAt", "account"."updatedAt" FROM "account" WHERE "account"."id" = 4 LIMIT 21; args=(4,); alias=default
DEBUG 2025-06-13 00:11:18,991 utils (0.000) SELECT 1 AS "a" FROM "auth_user" WHERE "auth_user"."id" = 2 LIMIT 1; args=(1, 2); alias=default
DEBUG 2025-06-13 00:11:18,993 utils (0.000) SELECT 1 AS "a" FROM "account" WHERE "account"."id" = 4 LIMIT 1; args=(1, 4); alias=default
DEBUG 2025-06-13 00:11:18,995 utils (0.000) SELECT COUNT(*) AS "__count" FROM "account" WHERE ("account"."user_id" = 2 AND "account"."id" = 4); args=(2, 4); alias=default
DEBUG 2025-06-13 00:11:19,001 utils (0.000) SELECT 1 AS "a" FROM "auth_user" WHERE "auth_user"."id" = 2 LIMIT 1; args=(1, 2); alias=default
DEBUG 2025-06-13 00:11:19,005 utils (0.000) SELECT 1 AS "a" FROM "account" WHERE "account"."id" = 4 LIMIT 1; args=(1, 4); alias=default
DEBUG 2025-06-13 00:11:19,007 utils (0.000) SELECT COUNT(*) AS "__count" FROM "account" WHERE ("account"."user_id" = 2 AND "account"."id" = 4); args=(2, 4); alias=default
DEBUG 2025-06-13 00:11:19,016 utils (0.008) UPDATE "transaction" SET "user_id" = 2, "transaction_type" = 'Ex', "account_id" = 4, "amount" = '300.00', "description" = '', "date" = '2025-06-12 17:24:20', "category" = 'fun', "receiptUrl" = '', "isRecurring" = 0, "recurringInterval" = '', "nextRecurringDate" = NULL, "lastProcessedDate" = NULL, "createdAt" = '2025-06-12 17:24:26.759318' WHERE "transaction"."id" = 8; args=(2, 'Ex', 4, Decimal('300.00'), '', '2025-06-12 17:24:20', 'fun', '', False, '', '2025-06-12 17:24:26.759318', 8); alias=default
DEBUG 2025-06-13 00:11:19,022 utils (0.000) INSERT INTO "django_admin_log" ("action_time", "user_id", "content_type_id", "object_id", "object_repr", "action_flag", "change_message") VALUES ('2025-06-12 18:26:19.021458', 1, 8, '8', 'fun', 2, '[{"changed": {"fields": ["User"]}}]') RETURNING "django_admin_log"."id"; args=('2025-06-12 18:26:19.021458', 1, 8, '8', 'fun', 2, '[{"changed": {"fields": ["User"]}}]'); alias=default
DEBUG 2025-06-13 00:11:19,034 utils (0.010) COMMIT; args=None; alias=default
DEBUG 2025-06-13 00:11:19,053 utils (0.002) SELECT "django_session"."session_key", "django_session"."session_data", "django_session"."expire_date" FROM "django_session" WHERE ("django_session"."expire_date" > '2025-06-12 18:26:19.049450' AND "django_session"."session_key" = 'lz6c19xr2ms2o1qnb9jf536ymcoxorvl') LIMIT 21; args=('2025-06-12 18:26:19.049450', 'lz6c19xr2ms2o1qnb9jf536ymcoxorvl'); alias=default
DEBUG 2025-06-13 00:11:19,058 utils (0.000) SELECT "auth_user"."id", "auth_user"."password", "auth_user"."last_login", "auth_user"."is_superuser", "auth_user"."username", "auth_user"."first_name", "auth_user"."last_name", "auth_user"."email", "auth_user"."is_staff", "auth_user"."is_active", "auth_user"."date_joined" FROM "auth_user" WHERE "auth_user"."id" = 1 LIMIT 21; args=(1,); alias=default
DEBUG 2025-06-13 00:11:19,068 utils (0.000) SELECT COUNT(*) AS "__count" FROM "transaction"; args=(); alias=default
DEBUG 2025-06-13 00:11:19,070 utils (0.000) SELECT COUNT(*) AS "__count" FROM "transaction"; args=(); alias=default
DEBUG 2025-06-13 00:11:19,076 utils (0.000) SELECT "transaction"."id", "transaction"."user_id", "transaction"."transaction_type", "transaction"."account_id", "transaction"."amount", "transaction"."description", "transaction"."date", "transaction"."category", "transaction"."receiptUrl", "transaction"."isRecurring", "transaction"."recurringInterval", "transaction"."nextRecurringDate", "transaction"."lastProcessedDate", "transaction"."createdAt", "auth_user"."id", "auth_user"."password", "auth_user"."last_login", "auth_user"."is_superuser", "auth_user"."username", "auth_user"."first_name", "auth_user"."last_name", "auth_user"."email", "auth_user"."is_staff", "auth_user"."is_active", "auth_user"."date_joined", "account"."account_type", "account"."isWallet", "account"."id", "account"."isDefault", "account"."user_id", "account"."name", "account"."account_number", "account"."wallet_number", "account"."balance", "account"."createdAt", "account"."updatedAt", T4."id", T4."password", T4."last_login", T4."is_superuser", T4."username", T4."first_name", T4."last_name", T4."email", T4."is_staff", T4."is_active", T4."date_joined" FROM "transaction" INNER JOIN "auth_user" ON ("transaction"."user_id" = "auth_user"."id") INNER JOIN "account" ON ("transaction"."account_id" = "account"."id") INNER JOIN "auth_user" T4 ON ("account"."user_id" = T4."id") ORDER BY "transaction"."date" DESC, "transaction"."id" DESC; args=(); alias=default
DEBUG 2025-06-13 00:11:19,161 utils (0.002) SELECT "django_session"."session_key", "django_session"."session_data", "django_session"."expire_date" FROM "django_session" WHERE ("django_session"."expire_date" > '2025-06-12 18:26:19.158419' AND "django_session"."session_key" = 'lz6c19xr2ms2o1qnb9jf536ymcoxorvl') LIMIT 21; args=('2025-06-12 18:26:19.158419', 'lz6c19xr2ms2o1qnb9jf536ymcoxorvl'); alias=default
DEBUG 2025-06-13 00:11:19,179 utils (0.001) SELECT "auth_user"."id", "auth_user"."password", "auth_user"."last_login", "auth_user"."is_superuser", "auth_user"."username", "auth_user"."first_name", "auth_user"."last_name", "auth_user"."email", "auth_user"."is_staff", "auth_user"."is_active", "auth_user"."date_joined" FROM "auth_user" WHERE "auth_user"."id" = 1 LIMIT 21; args=(1,); alias=default
DEBUG 2025-06-13 00:11:26,720 utils (0.002) SELECT "django_session"."session_key", "django_session"."session_data", "django_session"."expire_date" FROM "django_session" WHERE ("django_session"."expire_date" > '2025-06-12 18:26:26.716134' AND "django_session"."session_key" = 'lz6c19xr2ms2o1qnb9jf536ymcoxorvl') LIMIT 21; args=('2025-06-12 18:26:26.716134', 'lz6c19xr2ms2o1qnb9jf536ymcoxorvl'); alias=default
DEBUG 2025-06-13 00:11:26,724 utils (0.000) SELECT "auth_user"."id", "auth_user"."password", "auth_user"."last_login", "auth_user"."is_superuser", "auth_user"."username", "auth_user"."first_name", "auth_user"."last_name", "auth_user"."email", "auth_user"."is_staff", "auth_user"."is_active", "auth_user"."date_joined" FROM "auth_user" WHERE "auth_user"."id" = 1 LIMIT 21; args=(1,); alias=default
DEBUG 2025-06-13 00:11:26,744 utils (0.001) SELECT "transaction"."id", "transaction"."user_id", "transaction"."transaction_type", "transaction"."account_id", "transaction"."amount", "transaction"."description", "transaction"."date", "transaction"."category", "transaction"."receiptUrl", "transaction"."isRecurring", "transaction"."recurringInterval", "transaction"."nextRecurringDate", "transaction"."lastProcessedDate", "transaction"."createdAt" FROM "transaction" WHERE "transaction"."id" = 7 LIMIT 21; args=(7,); alias=default
DEBUG 2025-06-13 00:11:26,768 utils (0.000) SELECT "auth_user"."id", "auth_user"."password", "auth_user"."last_login", "auth_user"."is_superuser", "auth_user"."username", "auth_user"."first_name", "auth_user"."last_name", "auth_user"."email", "auth_user"."is_staff", "auth_user"."is_active", "auth_user"."date_joined" FROM "auth_user" ORDER BY "auth_user"."username" ASC; args=(); alias=default
DEBUG 2025-06-13 00:11:26,773 utils (0.000) SELECT "account"."account_type", "account"."isWallet", "account"."id", "account"."isDefault", "account"."user_id", "account"."name", "account"."account_number", "account"."wallet_number", "account"."balance", "account"."createdAt", "account"."updatedAt" FROM "account" ORDER BY "account"."createdAt" DESC; args=(); alias=default
DEBUG 2025-06-13 00:11:26,844 utils (0.002) SELECT "django_session"."session_key", "django_session"."session_data", "django_session"."expire_date" FROM "django_session" WHERE ("django_session"."expire_date" > '2025-06-12 18:26:26.841254' AND "django_session"."session_key" = 'lz6c19xr2ms2o1qnb9jf536ymcoxorvl') LIMIT 21; args=('2025-06-12 18:26:26.841254', 'lz6c19xr2ms2o1qnb9jf536ymcoxorvl'); alias=default
DEBUG 2025-06-13 00:11:26,852 utils (0.000) SELECT "auth_user"."id", "auth_user"."password", "auth_user"."last_login", "auth_user"."is_superuser", "auth_user"."username", "auth_user"."first_name", "auth_user"."last_name", "auth_user"."email", "auth_user"."is_staff", "auth_user"."is_active", "auth_user"."date_joined" FROM "auth_user" WHERE "auth_user"."id" = 1 LIMIT 21; args=(1,); alias=default
DEBUG 2025-06-13 00:11:32,165 utils (0.003) SELECT "django_session"."session_key", "django_session"."session_data", "django_session"."expire_date" FROM "django_session" WHERE ("django_session"."expire_date" > '2025-06-12 18:26:32.159080' AND "django_session"."session_key" = 'lz6c19xr2ms2o1qnb9jf536ymcoxorvl') LIMIT 21; args=('2025-06-12 18:26:32.159080', 'lz6c19xr2ms2o1qnb9jf536ymcoxorvl'); alias=default
DEBUG 2025-06-13 00:11:32,177 utils (0.000) SELECT "auth_user"."id", "auth_user"."password", "auth_user"."last_login", "auth_user"."is_superuser", "auth_user"."username", "auth_user"."first_name", "auth_user"."last_name", "auth_user"."email", "auth_user"."is_staff", "auth_user"."is_active", "auth_user"."date_joined" FROM "auth_user" WHERE "auth_user"."id" = 1 LIMIT 21; args=(1,); alias=default
DEBUG 2025-06-13 00:11:32,191 utils (0.000) BEGIN; args=None; alias=default
DEBUG 2025-06-13 00:11:32,197 utils (0.003) SELECT "transaction"."id", "transaction"."user_id", "transaction"."transaction_type", "transaction"."account_id", "transaction"."amount", "transaction"."description", "transaction"."date", "transaction"."category", "transaction"."receiptUrl", "transaction"."isRecurring", "transaction"."recurringInterval", "transaction"."nextRecurringDate", "transaction"."lastProcessedDate", "transaction"."createdAt" FROM "transaction" WHERE "transaction"."id" = 7 LIMIT 21; args=(7,); alias=default
DEBUG 2025-06-13 00:11:32,205 utils (0.000) SELECT "auth_user"."id", "auth_user"."password", "auth_user"."last_login", "auth_user"."is_superuser", "auth_user"."username", "auth_user"."first_name", "auth_user"."last_name", "auth_user"."email", "auth_user"."is_staff", "auth_user"."is_active", "auth_user"."date_joined" FROM "auth_user" WHERE "auth_user"."id" = 2 LIMIT 21; args=(2,); alias=default
DEBUG 2025-06-13 00:11:32,209 utils (0.000) SELECT "account"."account_type", "account"."isWallet", "account"."id", "account"."isDefault", "account"."user_id", "account"."name", "account"."account_number", "account"."wallet_number", "account"."balance", "account"."createdAt", "account"."updatedAt" FROM "account" WHERE "account"."id" = 4 LIMIT 21; args=(4,); alias=default
DEBUG 2025-06-13 00:11:32,216 utils (0.000) SELECT 1 AS "a" FROM "auth_user" WHERE "auth_user"."id" = 2 LIMIT 1; args=(1, 2); alias=default
DEBUG 2025-06-13 00:11:32,218 utils (0.000) SELECT 1 AS "a" FROM "account" WHERE "account"."id" = 4 LIMIT 1; args=(1, 4); alias=default
DEBUG 2025-06-13 00:11:32,220 utils (0.000) SELECT COUNT(*) AS "__count" FROM "account" WHERE ("account"."user_id" = 2 AND "account"."id" = 4); args=(2, 4); alias=default
DEBUG 2025-06-13 00:11:32,222 utils (0.000) SELECT 1 AS "a" FROM "auth_user" WHERE "auth_user"."id" = 2 LIMIT 1; args=(1, 2); alias=default
DEBUG 2025-06-13 00:11:32,223 utils (0.000) SELECT 1 AS "a" FROM "account" WHERE "account"."id" = 4 LIMIT 1; args=(1, 4); alias=default
DEBUG 2025-06-13 00:11:32,225 utils (0.000) SELECT COUNT(*) AS "__count" FROM "account" WHERE ("account"."user_id" = 2 AND "account"."id" = 4); args=(2, 4); alias=default
DEBUG 2025-06-13 00:11:32,233 utils (0.007) UPDATE "transaction" SET "user_id" = 2, "transaction_type" = 'Ex', "account_id" = 4, "amount" = '200.00', "description" = '', "date" = '2025-06-12 17:23:59', "category" = 'fun', "receiptUrl" = '', "isRecurring" = 0, "recurringInterval" = '', "nextRecurringDate" = NULL, "lastProcessedDate" = NULL, "createdAt" = '2025-06-12 17:24:06.005885' WHERE "transaction"."id" = 7; args=(2, 'Ex', 4, Decimal('200.00'), '', '2025-06-12 17:23:59', 'fun', '', False, '', '2025-06-12 17:24:06.005885', 7); alias=default
DEBUG 2025-06-13 00:11:32,336 utils (0.000) INSERT INTO "django_admin_log" ("action_time", "user_id", "content_type_id", "object_id", "object_repr", "action_flag", "change_message") VALUES ('2025-06-12 18:26:32.335363', 1, 8, '7', 'fun', 2, '[{"changed": {"fields": ["User"]}}]') RETURNING "django_admin_log"."id"; args=('2025-06-12 18:26:32.335363', 1, 8, '7', 'fun', 2, '[{"changed": {"fields": ["User"]}}]'); alias=default
DEBUG 2025-06-13 00:11:32,419 utils (0.042) COMMIT; args=None; alias=default
DEBUG 2025-06-13 00:11:32,432 utils (0.002) SELECT "django_session"."session_key", "django_session"."session_data", "django_session"."expire_date" FROM "django_session" WHERE ("django_session"."expire_date" > '2025-06-12 18:26:32.428933' AND "django_session"."session_key" = 'lz6c19xr2ms2o1qnb9jf536ymcoxorvl') LIMIT 21; args=('2025-06-12 18:26:32.428933', 'lz6c19xr2ms2o1qnb9jf536ymcoxorvl'); alias=default
DEBUG 2025-06-13 00:11:32,435 utils (0.000) SELECT "auth_user"."id", "auth_user"."password", "auth_user"."last_login", "auth_user"."is_superuser", "auth_user"."username", "auth_user"."first_name", "auth_user"."last_name", "auth_user"."email", "auth_user"."is_staff", "auth_user"."is_active", "auth_user"."date_joined" FROM "auth_user" WHERE "auth_user"."id" = 1 LIMIT 21; args=(1,); alias=default
DEBUG 2025-06-13 00:11:32,437 utils (0.000) SELECT COUNT(*) AS "__count" FROM "transaction"; args=(); alias=default
DEBUG 2025-06-13 00:11:32,439 utils (0.000) SELECT COUNT(*) AS "__count" FROM "transaction"; args=(); alias=default
DEBUG 2025-06-13 00:11:32,443 utils (0.000) SELECT "transaction"."id", "transaction"."user_id", "transaction"."transaction_type", "transaction"."account_id", "transaction"."amount", "transaction"."description", "transaction"."date", "transaction"."category", "transaction"."receiptUrl", "transaction"."isRecurring", "transaction"."recurringInterval", "transaction"."nextRecurringDate", "transaction"."lastProcessedDate", "transaction"."createdAt", "auth_user"."id", "auth_user"."password", "auth_user"."last_login", "auth_user"."is_superuser", "auth_user"."username", "auth_user"."first_name", "auth_user"."last_name", "auth_user"."email", "auth_user"."is_staff", "auth_user"."is_active", "auth_user"."date_joined", "account"."account_type", "account"."isWallet", "account"."id", "account"."isDefault", "account"."user_id", "account"."name", "account"."account_number", "account"."wallet_number", "account"."balance", "account"."createdAt", "account"."updatedAt", T4."id", T4."password", T4."last_login", T4."is_superuser", T4."username", T4."first_name", T4."last_name", T4."email", T4."is_staff", T4."is_active", T4."date_joined" FROM "transaction" INNER JOIN "auth_user" ON ("transaction"."user_id" = "auth_user"."id") INNER JOIN "account" ON ("transaction"."account_id" = "account"."id") INNER JOIN "auth_user" T4 ON ("account"."user_id" = T4."id") ORDER BY "transaction"."date" DESC, "transaction"."id" DESC; args=(); alias=default
DEBUG 2025-06-13 00:11:32,520 utils (0.002) SELECT "django_session"."session_key", "django_session"."session_data", "django_session"."expire_date" FROM "django_session" WHERE ("django_session"."expire_date" > '2025-06-12 18:26:32.517569' AND "django_session"."session_key" = 'lz6c19xr2ms2o1qnb9jf536ymcoxorvl') LIMIT 21; args=('2025-06-12 18:26:32.517569', 'lz6c19xr2ms2o1qnb9jf536ymcoxorvl'); alias=default
DEBUG 2025-06-13 00:11:32,524 utils (0.000) SELECT "auth_user"."id", "auth_user"."password", "auth_user"."last_login", "auth_user"."is_superuser", "auth_user"."username", "auth_user"."first_name", "auth_user"."last_name", "auth_user"."email", "auth_user"."is_staff", "auth_user"."is_active", "auth_user"."date_joined" FROM "auth_user" WHERE "auth_user"."id" = 1 LIMIT 21; args=(1,); alias=default
DEBUG 2025-06-13 00:11:36,314 utils (0.001) SELECT "django_session"."session_key", "django_session"."session_data", "django_session"."expire_date" FROM "django_session" WHERE ("django_session"."expire_date" > '2025-06-12 18:26:36.311472' AND "django_session"."session_key" = 'lz6c19xr2ms2o1qnb9jf536ymcoxorvl') LIMIT 21; args=('2025-06-12 18:26:36.311472', 'lz6c19xr2ms2o1qnb9jf536ymcoxorvl'); alias=default
DEBUG 2025-06-13 00:11:36,317 utils (0.000) SELECT "auth_user"."id", "auth_user"."password", "auth_user"."last_login", "auth_user"."is_superuser", "auth_user"."username", "auth_user"."first_name", "auth_user"."last_name", "auth_user"."email", "auth_user"."is_staff", "auth_user"."is_active", "auth_user"."date_joined" FROM "auth_user" WHERE "auth_user"."id" = 1 LIMIT 21; args=(1,); alias=default
DEBUG 2025-06-13 00:11:36,319 utils (0.000) SELECT "transaction"."id", "transaction"."user_id", "transaction"."transaction_type", "transaction"."account_id", "transaction"."amount", "transaction"."description", "transaction"."date", "transaction"."category", "transaction"."receiptUrl", "transaction"."isRecurring", "transaction"."recurringInterval", "transaction"."nextRecurringDate", "transaction"."lastProcessedDate", "transaction"."createdAt" FROM "transaction" WHERE "transaction"."id" = 6 LIMIT 21; args=(6,); alias=default
DEBUG 2025-06-13 00:11:36,354 utils (0.001) SELECT "auth_user"."id", "auth_user"."password", "auth_user"."last_login", "auth_user"."is_superuser", "auth_user"."username", "auth_user"."first_name", "auth_user"."last_name", "auth_user"."email", "auth_user"."is_staff", "auth_user"."is_active", "auth_user"."date_joined" FROM "auth_user" ORDER BY "auth_user"."username" ASC; args=(); alias=default
DEBUG 2025-06-13 00:11:36,359 utils (0.000) SELECT "account"."account_type", "account"."isWallet", "account"."id", "account"."isDefault", "account"."user_id", "account"."name", "account"."account_number", "account"."wallet_number", "account"."balance", "account"."createdAt", "account"."updatedAt" FROM "account" ORDER BY "account"."createdAt" DESC; args=(); alias=default
DEBUG 2025-06-13 00:11:36,432 utils (0.001) SELECT "django_session"."session_key", "django_session"."session_data", "django_session"."expire_date" FROM "django_session" WHERE ("django_session"."expire_date" > '2025-06-12 18:26:36.428366' AND "django_session"."session_key" = 'lz6c19xr2ms2o1qnb9jf536ymcoxorvl') LIMIT 21; args=('2025-06-12 18:26:36.428366', 'lz6c19xr2ms2o1qnb9jf536ymcoxorvl'); alias=default
DEBUG 2025-06-13 00:11:36,436 utils (0.000) SELECT "auth_user"."id", "auth_user"."password", "auth_user"."last_login", "auth_user"."is_superuser", "auth_user"."username", "auth_user"."first_name", "auth_user"."last_name", "auth_user"."email", "auth_user"."is_staff", "auth_user"."is_active", "auth_user"."date_joined" FROM "auth_user" WHERE "auth_user"."id" = 1 LIMIT 21; args=(1,); alias=default
DEBUG 2025-06-13 00:11:39,430 utils (0.001) SELECT "django_session"."session_key", "django_session"."session_data", "django_session"."expire_date" FROM "django_session" WHERE ("django_session"."expire_date" > '2025-06-12 18:26:39.426624' AND "django_session"."session_key" = 'lz6c19xr2ms2o1qnb9jf536ymcoxorvl') LIMIT 21; args=('2025-06-12 18:26:39.426624', 'lz6c19xr2ms2o1qnb9jf536ymcoxorvl'); alias=default
DEBUG 2025-06-13 00:11:39,434 utils (0.000) SELECT "auth_user"."id", "auth_user"."password", "auth_user"."last_login", "auth_user"."is_superuser", "auth_user"."username", "auth_user"."first_name", "auth_user"."last_name", "auth_user"."email", "auth_user"."is_staff", "auth_user"."is_active", "auth_user"."date_joined" FROM "auth_user" WHERE "auth_user"."id" = 1 LIMIT 21; args=(1,); alias=default
DEBUG 2025-06-13 00:11:39,439 utils (0.000) BEGIN; args=None; alias=default
DEBUG 2025-06-13 00:11:39,441 utils (0.000) SELECT "transaction"."id", "transaction"."user_id", "transaction"."transaction_type", "transaction"."account_id", "transaction"."amount", "transaction"."description", "transaction"."date", "transaction"."category", "transaction"."receiptUrl", "transaction"."isRecurring", "transaction"."recurringInterval", "transaction"."nextRecurringDate", "transaction"."lastProcessedDate", "transaction"."createdAt" FROM "transaction" WHERE "transaction"."id" = 6 LIMIT 21; args=(6,); alias=default
DEBUG 2025-06-13 00:11:39,454 utils (0.000) SELECT "auth_user"."id", "auth_user"."password", "auth_user"."last_login", "auth_user"."is_superuser", "auth_user"."username", "auth_user"."first_name", "auth_user"."last_name", "auth_user"."email", "auth_user"."is_staff", "auth_user"."is_active", "auth_user"."date_joined" FROM "auth_user" WHERE "auth_user"."id" = 1 LIMIT 21; args=(1,); alias=default
DEBUG 2025-06-13 00:11:39,456 utils (0.000) SELECT "account"."account_type", "account"."isWallet", "account"."id", "account"."isDefault", "account"."user_id", "account"."name", "account"."account_number", "account"."wallet_number", "account"."balance", "account"."createdAt", "account"."updatedAt" FROM "account" WHERE "account"."id" = 2 LIMIT 21; args=(2,); alias=default
DEBUG 2025-06-13 00:11:39,459 utils (0.000) SELECT 1 AS "a" FROM "auth_user" WHERE "auth_user"."id" = 1 LIMIT 1; args=(1, 1); alias=default
DEBUG 2025-06-13 00:11:39,460 utils (0.000) SELECT 1 AS "a" FROM "account" WHERE "account"."id" = 2 LIMIT 1; args=(1, 2); alias=default
DEBUG 2025-06-13 00:11:39,467 utils (0.000) SELECT COUNT(*) AS "__count" FROM "account" WHERE ("account"."user_id" = 1 AND "account"."id" = 2); args=(1, 2); alias=default
DEBUG 2025-06-13 00:11:39,469 utils (0.000) SELECT 1 AS "a" FROM "auth_user" WHERE "auth_user"."id" = 1 LIMIT 1; args=(1, 1); alias=default
DEBUG 2025-06-13 00:11:39,470 utils (0.000) SELECT 1 AS "a" FROM "account" WHERE "account"."id" = 2 LIMIT 1; args=(1, 2); alias=default
DEBUG 2025-06-13 00:11:39,472 utils (0.000) SELECT COUNT(*) AS "__count" FROM "account" WHERE ("account"."user_id" = 1 AND "account"."id" = 2); args=(1, 2); alias=default
DEBUG 2025-06-13 00:11:39,480 utils (0.007) UPDATE "transaction" SET "user_id" = 1, "transaction_type" = 'Ex', "account_id" = 2, "amount" = '300.00', "description" = 'its food', "date" = '2025-06-12 16:59:12', "category" = 'food', "receiptUrl" = '', "isRecurring" = 0, "recurringInterval" = '', "nextRecurringDate" = NULL, "lastProcessedDate" = NULL, "createdAt" = '2025-06-12 17:01:38.906445' WHERE "transaction"."id" = 6; args=(1, 'Ex', 2, Decimal('300.00'), 'its food', '2025-06-12 16:59:12', 'food', '', False, '', '2025-06-12 17:01:38.906445', 6); alias=default
DEBUG 2025-06-13 00:11:39,486 utils (0.001) INSERT INTO "django_admin_log" ("action_time", "user_id", "content_type_id", "object_id", "object_repr", "action_flag", "change_message") VALUES ('2025-06-12 18:26:39.485362', 1, 8, '6', 'food', 2, '[]') RETURNING "django_admin_log"."id"; args=('2025-06-12 18:26:39.485362', 1, 8, '6', 'food', 2, '[]'); alias=default
DEBUG 2025-06-13 00:11:39,497 utils (0.008) COMMIT; args=None; alias=default
DEBUG 2025-06-13 00:11:39,510 utils (0.001) SELECT "django_session"."session_key", "django_session"."session_data", "django_session"."expire_date" FROM "django_session" WHERE ("django_session"."expire_date" > '2025-06-12 18:26:39.508622' AND "django_session"."session_key" = 'lz6c19xr2ms2o1qnb9jf536ymcoxorvl') LIMIT 21; args=('2025-06-12 18:26:39.508622', 'lz6c19xr2ms2o1qnb9jf536ymcoxorvl'); alias=default
DEBUG 2025-06-13 00:11:39,520 utils (0.000) SELECT "auth_user"."id", "auth_user"."password", "auth_user"."last_login", "auth_user"."is_superuser", "auth_user"."username", "auth_user"."first_name", "auth_user"."last_name", "auth_user"."email", "auth_user"."is_staff", "auth_user"."is_active", "auth_user"."date_joined" FROM "auth_user" WHERE "auth_user"."id" = 1 LIMIT 21; args=(1,); alias=default
DEBUG 2025-06-13 00:11:39,523 utils (0.000) SELECT COUNT(*) AS "__count" FROM "transaction"; args=(); alias=default
DEBUG 2025-06-13 00:11:39,524 utils (0.000) SELECT COUNT(*) AS "__count" FROM "transaction"; args=(); alias=default
DEBUG 2025-06-13 00:11:39,531 utils (0.001) SELECT "transaction"."id", "transaction"."user_id", "transaction"."transaction_type", "transaction"."account_id", "transaction"."amount", "transaction"."description", "transaction"."date", "transaction"."category", "transaction"."receiptUrl", "transaction"."isRecurring", "transaction"."recurringInterval", "transaction"."nextRecurringDate", "transaction"."lastProcessedDate", "transaction"."createdAt", "auth_user"."id", "auth_user"."password", "auth_user"."last_login", "auth_user"."is_superuser", "auth_user"."username", "auth_user"."first_name", "auth_user"."last_name", "auth_user"."email", "auth_user"."is_staff", "auth_user"."is_active", "auth_user"."date_joined", "account"."account_type", "account"."isWallet", "account"."id", "account"."isDefault", "account"."user_id", "account"."name", "account"."account_number", "account"."wallet_number", "account"."balance", "account"."createdAt", "account"."updatedAt", T4."id", T4."password", T4."last_login", T4."is_superuser", T4."username", T4."first_name", T4."last_name", T4."email", T4."is_staff", T4."is_active", T4."date_joined" FROM "transaction" INNER JOIN "auth_user" ON ("transaction"."user_id" = "auth_user"."id") INNER JOIN "account" ON ("transaction"."account_id" = "account"."id") INNER JOIN "auth_user" T4 ON ("account"."user_id" = T4."id") ORDER BY "transaction"."date" DESC, "transaction"."id" DESC; args=(); alias=default
DEBUG 2025-06-13 00:11:39,618 utils (0.001) SELECT "django_session"."session_key", "django_session"."session_data", "django_session"."expire_date" FROM "django_session" WHERE ("django_session"."expire_date" > '2025-06-12 18:26:39.614678' AND "django_session"."session_key" = 'lz6c19xr2ms2o1qnb9jf536ymcoxorvl') LIMIT 21; args=('2025-06-12 18:26:39.614678', 'lz6c19xr2ms2o1qnb9jf536ymcoxorvl'); alias=default
DEBUG 2025-06-13 00:11:39,622 utils (0.000) SELECT "auth_user"."id", "auth_user"."password", "auth_user"."last_login", "auth_user"."is_superuser", "auth_user"."username", "auth_user"."first_name", "auth_user"."last_name", "auth_user"."email", "auth_user"."is_staff", "auth_user"."is_active", "auth_user"."date_joined" FROM "auth_user" WHERE "auth_user"."id" = 1 LIMIT 21; args=(1,); alias=default
DEBUG 2025-06-13 00:11:48,296 utils (0.001) SELECT "django_session"."session_key", "django_session"."session_data", "django_session"."expire_date" FROM "django_session" WHERE ("django_session"."expire_date" > '2025-06-12 18:26:48.292364' AND "django_session"."session_key" = 'lz6c19xr2ms2o1qnb9jf536ymcoxorvl') LIMIT 21; args=('2025-06-12 18:26:48.292364', 'lz6c19xr2ms2o1qnb9jf536ymcoxorvl'); alias=default
DEBUG 2025-06-13 00:11:48,299 utils (0.000) SELECT "auth_user"."id", "auth_user"."password", "auth_user"."last_login", "auth_user"."is_superuser", "auth_user"."username", "auth_user"."first_name", "auth_user"."last_name", "auth_user"."email", "auth_user"."is_staff", "auth_user"."is_active", "auth_user"."date_joined" FROM "auth_user" WHERE "auth_user"."id" = 1 LIMIT 21; args=(1,); alias=default
DEBUG 2025-06-13 00:11:48,302 utils (0.000) SELECT "transaction"."id", "transaction"."user_id", "transaction"."transaction_type", "transaction"."account_id", "transaction"."amount", "transaction"."description", "transaction"."date", "transaction"."category", "transaction"."receiptUrl", "transaction"."isRecurring", "transaction"."recurringInterval", "transaction"."nextRecurringDate", "transaction"."lastProcessedDate", "transaction"."createdAt" FROM "transaction" ORDER BY "transaction"."date" DESC; args=(); alias=default
DEBUG 2025-06-13 00:11:48,319 utils (0.000) SELECT "auth_user"."id", "auth_user"."password", "auth_user"."last_login", "auth_user"."is_superuser", "auth_user"."username", "auth_user"."first_name", "auth_user"."last_name", "auth_user"."email", "auth_user"."is_staff", "auth_user"."is_active", "auth_user"."date_joined" FROM "auth_user" LIMIT 1000; args=(); alias=default
DEBUG 2025-06-13 00:11:48,323 utils (0.000) SELECT "account"."account_type", "account"."isWallet", "account"."id", "account"."isDefault", "account"."user_id", "account"."name", "account"."account_number", "account"."wallet_number", "account"."balance", "account"."createdAt", "account"."updatedAt" FROM "account" ORDER BY "account"."createdAt" DESC LIMIT 1000; args=(); alias=default
DEBUG 2025-06-13 00:12:00,126 utils (0.002) SELECT "django_session"."session_key", "django_session"."session_data", "django_session"."expire_date" FROM "django_session" WHERE ("django_session"."expire_date" > '2025-06-12 18:27:00.123834' AND "django_session"."session_key" = 'lz6c19xr2ms2o1qnb9jf536ymcoxorvl') LIMIT 21; args=('2025-06-12 18:27:00.123834', 'lz6c19xr2ms2o1qnb9jf536ymcoxorvl'); alias=default
DEBUG 2025-06-13 00:12:00,134 utils (0.002) SELECT "auth_user"."id", "auth_user"."password", "auth_user"."last_login", "auth_user"."is_superuser", "auth_user"."username", "auth_user"."first_name", "auth_user"."last_name", "auth_user"."email", "auth_user"."is_staff", "auth_user"."is_active", "auth_user"."date_joined" FROM "auth_user" WHERE "auth_user"."id" = 1 LIMIT 21; args=(1,); alias=default
DEBUG 2025-06-13 00:12:00,141 utils (0.000) SELECT COUNT(*) AS "__count" FROM "transaction"; args=(); alias=default
DEBUG 2025-06-13 00:12:00,148 utils (0.000) SELECT COUNT(*) AS "__count" FROM "transaction"; args=(); alias=default
DEBUG 2025-06-13 00:12:00,156 utils (0.001) SELECT "transaction"."id", "transaction"."user_id", "transaction"."transaction_type", "transaction"."account_id", "transaction"."amount", "transaction"."description", "transaction"."date", "transaction"."category", "transaction"."receiptUrl", "transaction"."isRecurring", "transaction"."recurringInterval", "transaction"."nextRecurringDate", "transaction"."lastProcessedDate", "transaction"."createdAt", "auth_user"."id", "auth_user"."password", "auth_user"."last_login", "auth_user"."is_superuser", "auth_user"."username", "auth_user"."first_name", "auth_user"."last_name", "auth_user"."email", "auth_user"."is_staff", "auth_user"."is_active", "auth_user"."date_joined", "account"."account_type", "account"."isWallet", "account"."id", "account"."isDefault", "account"."user_id", "account"."name", "account"."account_number", "account"."wallet_number", "account"."balance", "account"."createdAt", "account"."updatedAt", T4."id", T4."password", T4."last_login", T4."is_superuser", T4."username", T4."first_name", T4."last_name", T4."email", T4."is_staff", T4."is_active", T4."date_joined" FROM "transaction" INNER JOIN "auth_user" ON ("transaction"."user_id" = "auth_user"."id") INNER JOIN "account" ON ("transaction"."account_id" = "account"."id") INNER JOIN "auth_user" T4 ON ("account"."user_id" = T4."id") ORDER BY "transaction"."date" DESC, "transaction"."id" DESC; args=(); alias=default
DEBUG 2025-06-13 00:12:00,235 utils (0.001) SELECT "django_session"."session_key", "django_session"."session_data", "django_session"."expire_date" FROM "django_session" WHERE ("django_session"."expire_date" > '2025-06-12 18:27:00.232864' AND "django_session"."session_key" = 'lz6c19xr2ms2o1qnb9jf536ymcoxorvl') LIMIT 21; args=('2025-06-12 18:27:00.232864', 'lz6c19xr2ms2o1qnb9jf536ymcoxorvl'); alias=default
DEBUG 2025-06-13 00:12:00,238 utils (0.000) SELECT "auth_user"."id", "auth_user"."password", "auth_user"."last_login", "auth_user"."is_superuser", "auth_user"."username", "auth_user"."first_name", "auth_user"."last_name", "auth_user"."email", "auth_user"."is_staff", "auth_user"."is_active", "auth_user"."date_joined" FROM "auth_user" WHERE "auth_user"."id" = 1 LIMIT 21; args=(1,); alias=default
INFO 2025-06-13 00:12:40,799 autoreload E:\ESEWA-FINTRACK-FULLSTACK\fintrack_app\views\transaction.py changed, reloading.
INFO 2025-06-13 00:12:41,850 autoreload Watching for file changes with StatReloader
DEBUG 2025-06-13 00:12:42,848 utils (0.001) 
            SELECT name, type FROM sqlite_master
            WHERE type in ('table', 'view') AND NOT name='sqlite_sequence'
            ORDER BY name; args=None; alias=default
DEBUG 2025-06-13 00:12:42,853 utils (0.000) SELECT "django_migrations"."id", "django_migrations"."app", "django_migrations"."name", "django_migrations"."applied" FROM "django_migrations"; args=(); alias=default
INFO 2025-06-13 00:12:44,548 autoreload E:\ESEWA-FINTRACK-FULLSTACK\fintrack_app\views\transaction.py changed, reloading.
INFO 2025-06-13 00:12:45,449 autoreload Watching for file changes with StatReloader
DEBUG 2025-06-13 00:12:46,275 utils (0.001) 
            SELECT name, type FROM sqlite_master
            WHERE type in ('table', 'view') AND NOT name='sqlite_sequence'
            ORDER BY name; args=None; alias=default
DEBUG 2025-06-13 00:12:46,283 utils (0.001) SELECT "django_migrations"."id", "django_migrations"."app", "django_migrations"."name", "django_migrations"."applied" FROM "django_migrations"; args=(); alias=default
DEBUG 2025-06-13 00:12:49,219 utils (0.002) SELECT "django_session"."session_key", "django_session"."session_data", "django_session"."expire_date" FROM "django_session" WHERE ("django_session"."expire_date" > '2025-06-12 18:27:49.213548' AND "django_session"."session_key" = 'lz6c19xr2ms2o1qnb9jf536ymcoxorvl') LIMIT 21; args=('2025-06-12 18:27:49.213548', 'lz6c19xr2ms2o1qnb9jf536ymcoxorvl'); alias=default
DEBUG 2025-06-13 00:12:49,237 utils (0.000) SELECT "auth_user"."id", "auth_user"."password", "auth_user"."last_login", "auth_user"."is_superuser", "auth_user"."username", "auth_user"."first_name", "auth_user"."last_name", "auth_user"."email", "auth_user"."is_staff", "auth_user"."is_active", "auth_user"."date_joined" FROM "auth_user" WHERE "auth_user"."id" = 1 LIMIT 21; args=(1,); alias=default
DEBUG 2025-06-13 00:12:49,244 utils (0.000) SELECT "transaction"."id", "transaction"."user_id", "transaction"."transaction_type", "transaction"."account_id", "transaction"."amount", "transaction"."description", "transaction"."date", "transaction"."category", "transaction"."receiptUrl", "transaction"."isRecurring", "transaction"."recurringInterval", "transaction"."nextRecurringDate", "transaction"."lastProcessedDate", "transaction"."createdAt" FROM "transaction" WHERE "transaction"."user_id" = 1 ORDER BY "transaction"."date" DESC; args=(1,); alias=default
DEBUG 2025-06-13 00:12:49,265 utils (0.000) SELECT "auth_user"."id", "auth_user"."password", "auth_user"."last_login", "auth_user"."is_superuser", "auth_user"."username", "auth_user"."first_name", "auth_user"."last_name", "auth_user"."email", "auth_user"."is_staff", "auth_user"."is_active", "auth_user"."date_joined" FROM "auth_user" LIMIT 1000; args=(); alias=default
DEBUG 2025-06-13 00:12:49,272 utils (0.001) SELECT "account"."account_type", "account"."isWallet", "account"."id", "account"."isDefault", "account"."user_id", "account"."name", "account"."account_number", "account"."wallet_number", "account"."balance", "account"."createdAt", "account"."updatedAt" FROM "account" ORDER BY "account"."createdAt" DESC LIMIT 1000; args=(); alias=default
DEBUG 2025-06-13 00:12:58,231 utils (0.001) SELECT "django_session"."session_key", "django_session"."session_data", "django_session"."expire_date" FROM "django_session" WHERE ("django_session"."expire_date" > '2025-06-12 18:27:58.228599' AND "django_session"."session_key" = 'lz6c19xr2ms2o1qnb9jf536ymcoxorvl') LIMIT 21; args=('2025-06-12 18:27:58.228599', 'lz6c19xr2ms2o1qnb9jf536ymcoxorvl'); alias=default
DEBUG 2025-06-13 00:12:58,236 utils (0.001) SELECT "auth_user"."id", "auth_user"."password", "auth_user"."last_login", "auth_user"."is_superuser", "auth_user"."username", "auth_user"."first_name", "auth_user"."last_name", "auth_user"."email", "auth_user"."is_staff", "auth_user"."is_active", "auth_user"."date_joined" FROM "auth_user" WHERE "auth_user"."id" = 1 LIMIT 21; args=(1,); alias=default
DEBUG 2025-06-13 00:12:58,249 utils (0.000) SELECT "django_session"."session_key", "django_session"."session_data", "django_session"."expire_date" FROM "django_session" WHERE "django_session"."session_key" = 'lz6c19xr2ms2o1qnb9jf536ymcoxorvl' LIMIT 21; args=('lz6c19xr2ms2o1qnb9jf536ymcoxorvl',); alias=default
DEBUG 2025-06-13 00:12:58,269 utils (0.014) DELETE FROM "django_session" WHERE "django_session"."session_key" IN ('lz6c19xr2ms2o1qnb9jf536ymcoxorvl'); args=('lz6c19xr2ms2o1qnb9jf536ymcoxorvl',); alias=default
DEBUG 2025-06-13 00:12:58,313 utils (0.001) SELECT "transaction"."id", "transaction"."user_id", "transaction"."transaction_type", "transaction"."account_id", "transaction"."amount", "transaction"."description", "transaction"."date", "transaction"."category", "transaction"."receiptUrl", "transaction"."isRecurring", "transaction"."recurringInterval", "transaction"."nextRecurringDate", "transaction"."lastProcessedDate", "transaction"."createdAt" FROM "transaction" ORDER BY "transaction"."date" DESC LIMIT 21; args=(); alias=default
DEBUG 2025-06-13 00:12:58,315 utils (0.000) SELECT "transaction"."id", "transaction"."user_id", "transaction"."transaction_type", "transaction"."account_id", "transaction"."amount", "transaction"."description", "transaction"."date", "transaction"."category", "transaction"."receiptUrl", "transaction"."isRecurring", "transaction"."recurringInterval", "transaction"."nextRecurringDate", "transaction"."lastProcessedDate", "transaction"."createdAt" FROM "transaction" ORDER BY "transaction"."date" DESC LIMIT 21; args=(); alias=default
DEBUG 2025-06-13 00:12:58,317 utils (0.000) SELECT "transaction"."id", "transaction"."user_id", "transaction"."transaction_type", "transaction"."account_id", "transaction"."amount", "transaction"."description", "transaction"."date", "transaction"."category", "transaction"."receiptUrl", "transaction"."isRecurring", "transaction"."recurringInterval", "transaction"."nextRecurringDate", "transaction"."lastProcessedDate", "transaction"."createdAt" FROM "transaction" ORDER BY "transaction"."date" DESC LIMIT 21; args=(); alias=default
DEBUG 2025-06-13 00:12:58,320 utils (0.000) SELECT "transaction"."id", "transaction"."user_id", "transaction"."transaction_type", "transaction"."account_id", "transaction"."amount", "transaction"."description", "transaction"."date", "transaction"."category", "transaction"."receiptUrl", "transaction"."isRecurring", "transaction"."recurringInterval", "transaction"."nextRecurringDate", "transaction"."lastProcessedDate", "transaction"."createdAt" FROM "transaction" ORDER BY "transaction"."date" DESC LIMIT 21; args=(); alias=default
ERROR 2025-06-13 00:12:58,366 log Internal Server Error: /api/transactions/
Traceback (most recent call last):
  File "E:\ESEWA-FINTRACK-FULLSTACK\myenv\Lib\site-packages\django\db\models\fields\__init__.py", line 2128, in get_prep_value
    return int(value)
  File "E:\ESEWA-FINTRACK-FULLSTACK\myenv\Lib\site-packages\django\contrib\auth\models.py", line 549, in __int__
    raise TypeError(
    ...<2 lines>...
    )
TypeError: Cannot cast AnonymousUser to int. Are you trying to use it in place of User?

The above exception was the direct cause of the following exception:

Traceback (most recent call last):
  File "E:\ESEWA-FINTRACK-FULLSTACK\myenv\Lib\site-packages\django\core\handlers\exception.py", line 55, in inner
    response = get_response(request)
  File "E:\ESEWA-FINTRACK-FULLSTACK\myenv\Lib\site-packages\django\core\handlers\base.py", line 197, in _get_response
    response = wrapped_callback(request, *callback_args, **callback_kwargs)
  File "E:\ESEWA-FINTRACK-FULLSTACK\myenv\Lib\site-packages\django\views\decorators\csrf.py", line 65, in _view_wrapper
    return view_func(request, *args, **kwargs)
  File "E:\ESEWA-FINTRACK-FULLSTACK\myenv\Lib\site-packages\django\views\generic\base.py", line 104, in view
    return self.dispatch(request, *args, **kwargs)
           ~~~~~~~~~~~~~^^^^^^^^^^^^^^^^^^^^^^^^^^
  File "E:\ESEWA-FINTRACK-FULLSTACK\myenv\Lib\site-packages\rest_framework\views.py", line 515, in dispatch
    response = self.handle_exception(exc)
  File "E:\ESEWA-FINTRACK-FULLSTACK\myenv\Lib\site-packages\rest_framework\views.py", line 475, in handle_exception
    self.raise_uncaught_exception(exc)
    ~~~~~~~~~~~~~~~~~~~~~~~~~~~~~^^^^^
  File "E:\ESEWA-FINTRACK-FULLSTACK\myenv\Lib\site-packages\rest_framework\views.py", line 486, in raise_uncaught_exception
    raise exc
  File "E:\ESEWA-FINTRACK-FULLSTACK\myenv\Lib\site-packages\rest_framework\views.py", line 512, in dispatch
    response = handler(request, *args, **kwargs)
  File "E:\ESEWA-FINTRACK-FULLSTACK\myenv\Lib\site-packages\rest_framework\generics.py", line 243, in get
    return self.list(request, *args, **kwargs)
           ~~~~~~~~~^^^^^^^^^^^^^^^^^^^^^^^^^^
  File "E:\ESEWA-FINTRACK-FULLSTACK\myenv\Lib\site-packages\rest_framework\mixins.py", line 38, in list
    queryset = self.filter_queryset(self.get_queryset())
                                    ~~~~~~~~~~~~~~~~~^^
  File "E:\ESEWA-FINTRACK-FULLSTACK\fintrack_app\views\transaction.py", line 12, in get_queryset
    queryset=Transaction.objects.filter(user=user)
  File "E:\ESEWA-FINTRACK-FULLSTACK\myenv\Lib\site-packages\django\db\models\manager.py", line 87, in manager_method
    return getattr(self.get_queryset(), name)(*args, **kwargs)
           ~~~~~~~~~~~~~~~~~~~~~~~~~~~~~~~~~~^^^^^^^^^^^^^^^^^
  File "E:\ESEWA-FINTRACK-FULLSTACK\myenv\Lib\site-packages\django\db\models\query.py", line 1491, in filter
    return self._filter_or_exclude(False, args, kwargs)
           ~~~~~~~~~~~~~~~~~~~~~~~^^^^^^^^^^^^^^^^^^^^^
  File "E:\ESEWA-FINTRACK-FULLSTACK\myenv\Lib\site-packages\django\db\models\query.py", line 1509, in _filter_or_exclude
    clone._filter_or_exclude_inplace(negate, args, kwargs)
    ~~~~~~~~~~~~~~~~~~~~~~~~~~~~~~~~^^^^^^^^^^^^^^^^^^^^^^
  File "E:\ESEWA-FINTRACK-FULLSTACK\myenv\Lib\site-packages\django\db\models\query.py", line 1516, in _filter_or_exclude_inplace
    self._query.add_q(Q(*args, **kwargs))
    ~~~~~~~~~~~~~~~~~^^^^^^^^^^^^^^^^^^^^
  File "E:\ESEWA-FINTRACK-FULLSTACK\myenv\Lib\site-packages\django\db\models\sql\query.py", line 1643, in add_q
    clause, _ = self._add_q(q_object, can_reuse)
                ~~~~~~~~~~~^^^^^^^^^^^^^^^^^^^^^
  File "E:\ESEWA-FINTRACK-FULLSTACK\myenv\Lib\site-packages\django\db\models\sql\query.py", line 1675, in _add_q
    child_clause, needed_inner = self.build_filter(
                                 ~~~~~~~~~~~~~~~~~^
        child,
        ^^^^^^
    ...<7 lines>...
        update_join_types=update_join_types,
        ^^^^^^^^^^^^^^^^^^^^^^^^^^^^^^^^^^^^
    )
    ^
  File "E:\ESEWA-FINTRACK-FULLSTACK\myenv\Lib\site-packages\django\db\models\sql\query.py", line 1585, in build_filter
    condition = self.build_lookup(lookups, col, value)
  File "E:\ESEWA-FINTRACK-FULLSTACK\myenv\Lib\site-packages\django\db\models\sql\query.py", line 1412, in build_lookup
    lookup = lookup_class(lhs, rhs)
  File "E:\ESEWA-FINTRACK-FULLSTACK\myenv\Lib\site-packages\django\db\models\lookups.py", line 38, in __init__
    self.rhs = self.get_prep_lookup()
               ~~~~~~~~~~~~~~~~~~~~^^
  File "E:\ESEWA-FINTRACK-FULLSTACK\myenv\Lib\site-packages\django\db\models\fields\related_lookups.py", line 112, in get_prep_lookup
    self.rhs = target_field.get_prep_value(self.rhs)
               ~~~~~~~~~~~~~~~~~~~~~~~~~~~^^^^^^^^^^
  File "E:\ESEWA-FINTRACK-FULLSTACK\myenv\Lib\site-packages\django\db\models\fields\__init__.py", line 2130, in get_prep_value
    raise e.__class__(
        "Field '%s' expected a number but got %r." % (self.name, value),
    ) from e
TypeError: Field 'id' expected a number but got <django.contrib.auth.models.AnonymousUser object at 0x0000028D60AE4F50>.
INFO 2025-06-13 00:15:05,002 autoreload E:\ESEWA-FINTRACK-FULLSTACK\fintrack_app\views\transaction.py changed, reloading.
INFO 2025-06-13 00:15:06,190 autoreload Watching for file changes with StatReloader
DEBUG 2025-06-13 00:15:07,223 utils (0.001) 
            SELECT name, type FROM sqlite_master
            WHERE type in ('table', 'view') AND NOT name='sqlite_sequence'
            ORDER BY name; args=None; alias=default
DEBUG 2025-06-13 00:15:07,230 utils (0.002) SELECT "django_migrations"."id", "django_migrations"."app", "django_migrations"."name", "django_migrations"."applied" FROM "django_migrations"; args=(); alias=default
INFO 2025-06-13 00:36:24,262 autoreload E:\ESEWA-FINTRACK-FULLSTACK\fintrack_app\views\transaction.py changed, reloading.
INFO 2025-06-13 00:36:25,857 autoreload Watching for file changes with StatReloader
DEBUG 2025-06-13 00:36:27,106 utils (0.001) 
            SELECT name, type FROM sqlite_master
            WHERE type in ('table', 'view') AND NOT name='sqlite_sequence'
            ORDER BY name; args=None; alias=default
DEBUG 2025-06-13 00:36:27,113 utils (0.001) SELECT "django_migrations"."id", "django_migrations"."app", "django_migrations"."name", "django_migrations"."applied" FROM "django_migrations"; args=(); alias=default
INFO 2025-06-13 00:36:36,552 autoreload E:\ESEWA-FINTRACK-FULLSTACK\fintrack_app\views\transaction.py changed, reloading.
INFO 2025-06-13 00:36:37,518 autoreload Watching for file changes with StatReloader
DEBUG 2025-06-13 00:36:39,097 utils (0.001) 
            SELECT name, type FROM sqlite_master
            WHERE type in ('table', 'view') AND NOT name='sqlite_sequence'
            ORDER BY name; args=None; alias=default
DEBUG 2025-06-13 00:36:39,101 utils (0.000) SELECT "django_migrations"."id", "django_migrations"."app", "django_migrations"."name", "django_migrations"."applied" FROM "django_migrations"; args=(); alias=default
INFO 2025-06-13 00:36:40,929 autoreload E:\ESEWA-FINTRACK-FULLSTACK\fintrack_app\views\transaction.py changed, reloading.
INFO 2025-06-13 00:36:41,918 autoreload Watching for file changes with StatReloader
DEBUG 2025-06-13 00:36:42,855 utils (0.001) 
            SELECT name, type FROM sqlite_master
            WHERE type in ('table', 'view') AND NOT name='sqlite_sequence'
            ORDER BY name; args=None; alias=default
DEBUG 2025-06-13 00:36:42,862 utils (0.001) SELECT "django_migrations"."id", "django_migrations"."app", "django_migrations"."name", "django_migrations"."applied" FROM "django_migrations"; args=(); alias=default
INFO 2025-06-13 00:36:55,137 autoreload E:\ESEWA-FINTRACK-FULLSTACK\fintrack_app\views\transaction.py changed, reloading.
INFO 2025-06-13 00:36:55,949 autoreload Watching for file changes with StatReloader
DEBUG 2025-06-13 00:36:56,875 utils (0.001) 
            SELECT name, type FROM sqlite_master
            WHERE type in ('table', 'view') AND NOT name='sqlite_sequence'
            ORDER BY name; args=None; alias=default
DEBUG 2025-06-13 00:36:56,879 utils (0.000) SELECT "django_migrations"."id", "django_migrations"."app", "django_migrations"."name", "django_migrations"."applied" FROM "django_migrations"; args=(); alias=default
INFO 2025-06-13 00:37:06,436 autoreload E:\ESEWA-FINTRACK-FULLSTACK\fintrack_app\views\transaction.py changed, reloading.
INFO 2025-06-13 00:37:07,492 autoreload Watching for file changes with StatReloader
DEBUG 2025-06-13 00:37:08,684 utils (0.001) 
            SELECT name, type FROM sqlite_master
            WHERE type in ('table', 'view') AND NOT name='sqlite_sequence'
            ORDER BY name; args=None; alias=default
DEBUG 2025-06-13 00:37:08,689 utils (0.001) SELECT "django_migrations"."id", "django_migrations"."app", "django_migrations"."name", "django_migrations"."applied" FROM "django_migrations"; args=(); alias=default
INFO 2025-06-13 00:37:12,903 autoreload E:\ESEWA-FINTRACK-FULLSTACK\fintrack_app\views\transaction.py changed, reloading.
INFO 2025-06-13 00:37:13,804 autoreload Watching for file changes with StatReloader
DEBUG 2025-06-13 00:37:14,628 utils (0.001) 
            SELECT name, type FROM sqlite_master
            WHERE type in ('table', 'view') AND NOT name='sqlite_sequence'
            ORDER BY name; args=None; alias=default
DEBUG 2025-06-13 00:37:14,632 utils (0.000) SELECT "django_migrations"."id", "django_migrations"."app", "django_migrations"."name", "django_migrations"."applied" FROM "django_migrations"; args=(); alias=default
INFO 2025-06-13 00:37:16,564 autoreload E:\ESEWA-FINTRACK-FULLSTACK\fintrack_app\views\transaction.py changed, reloading.
INFO 2025-06-13 00:37:18,113 autoreload Watching for file changes with StatReloader
DEBUG 2025-06-13 00:37:19,206 utils (0.001) 
            SELECT name, type FROM sqlite_master
            WHERE type in ('table', 'view') AND NOT name='sqlite_sequence'
            ORDER BY name; args=None; alias=default
DEBUG 2025-06-13 00:37:19,213 utils (0.001) SELECT "django_migrations"."id", "django_migrations"."app", "django_migrations"."name", "django_migrations"."applied" FROM "django_migrations"; args=(); alias=default
INFO 2025-06-13 00:37:23,924 autoreload E:\ESEWA-FINTRACK-FULLSTACK\fintrack_app\views\transaction.py changed, reloading.
INFO 2025-06-13 00:37:24,847 autoreload Watching for file changes with StatReloader
DEBUG 2025-06-13 00:37:25,820 utils (0.002) 
            SELECT name, type FROM sqlite_master
            WHERE type in ('table', 'view') AND NOT name='sqlite_sequence'
            ORDER BY name; args=None; alias=default
DEBUG 2025-06-13 00:37:25,828 utils (0.000) SELECT "django_migrations"."id", "django_migrations"."app", "django_migrations"."name", "django_migrations"."applied" FROM "django_migrations"; args=(); alias=default
DEBUG 2025-06-13 00:37:56,659 utils (0.001) SELECT "auth_user"."id", "auth_user"."password", "auth_user"."last_login", "auth_user"."is_superuser", "auth_user"."username", "auth_user"."first_name", "auth_user"."last_name", "auth_user"."email", "auth_user"."is_staff", "auth_user"."is_active", "auth_user"."date_joined" FROM "auth_user" LIMIT 1000; args=(); alias=default
DEBUG 2025-06-13 00:37:56,665 utils (0.000) SELECT "account"."account_type", "account"."isWallet", "account"."id", "account"."isDefault", "account"."user_id", "account"."name", "account"."account_number", "account"."wallet_number", "account"."balance", "account"."createdAt", "account"."updatedAt" FROM "account" ORDER BY "account"."createdAt" DESC LIMIT 1000; args=(); alias=default
DEBUG 2025-06-13 00:37:59,914 utils (0.001) SELECT "django_site"."id", "django_site"."domain", "django_site"."name" FROM "django_site" WHERE "django_site"."id" = 1 LIMIT 21; args=(1,); alias=default
DEBUG 2025-06-13 00:38:16,218 utils (0.001) SELECT "auth_user"."id", "auth_user"."password", "auth_user"."last_login", "auth_user"."is_superuser", "auth_user"."username", "auth_user"."first_name", "auth_user"."last_name", "auth_user"."email", "auth_user"."is_staff", "auth_user"."is_active", "auth_user"."date_joined" FROM "auth_user" WHERE "auth_user"."username" = 'ayush' LIMIT 21; args=('ayush',); alias=default
DEBUG 2025-06-13 00:38:17,257 utils (0.000) SELECT 1 AS "a" FROM "django_session" WHERE "django_session"."session_key" = 'xk0uzmrxxhx21rrmh6aqzjzlqih0j0ru' LIMIT 1; args=(1, 'xk0uzmrxxhx21rrmh6aqzjzlqih0j0ru'); alias=default
DEBUG 2025-06-13 00:38:17,264 utils (0.000) BEGIN; args=None; alias=default
DEBUG 2025-06-13 00:38:17,268 utils (0.002) INSERT INTO "django_session" ("session_key", "session_data", "expire_date") VALUES ('xk0uzmrxxhx21rrmh6aqzjzlqih0j0ru', 'e30:1uPn37:v7YbI8evvNbPfHAh3qwjNRnQH4RBq5rpZzZ-Hyp0yh0', '2025-06-26 18:53:17.264634'); args=('xk0uzmrxxhx21rrmh6aqzjzlqih0j0ru', 'e30:1uPn37:v7YbI8evvNbPfHAh3qwjNRnQH4RBq5rpZzZ-Hyp0yh0', '2025-06-26 18:53:17.264634'); alias=default
DEBUG 2025-06-13 00:38:17,277 utils (0.006) COMMIT; args=None; alias=default
DEBUG 2025-06-13 00:38:17,289 utils (0.010) UPDATE "auth_user" SET "last_login" = '2025-06-12 18:53:17.277984' WHERE "auth_user"."id" = 2; args=('2025-06-12 18:53:17.277984', 2); alias=default
DEBUG 2025-06-13 00:38:17,291 utils (0.000) BEGIN; args=None; alias=default
DEBUG 2025-06-13 00:38:17,293 utils (0.001) UPDATE "django_session" SET "session_data" = '.eJxVjEEOwiAQRe_C2hBooYBL956BzDCDVA0kpV0Z765NutDtf-_9l4iwrSVunZc4kziLQZx-N4T04LoDukO9NZlaXZcZ5a7Ig3Z5bcTPy-H-HRTo5VvzyNrkYJnH4ID8QAoTeztlDuiRnPEUjOesjMtBTSYoyInJa0Kn7SjeHwO2OIs:1uPn37:tdIXBAeCNBPMe-iZyw_u0YKc_Bg3mJlYgzkBXYePP-Y', "expire_date" = '2025-06-26 18:53:17.291743' WHERE "django_session"."session_key" = 'xk0uzmrxxhx21rrmh6aqzjzlqih0j0ru'; args=('.eJxVjEEOwiAQRe_C2hBooYBL956BzDCDVA0kpV0Z765NutDtf-_9l4iwrSVunZc4kziLQZx-N4T04LoDukO9NZlaXZcZ5a7Ig3Z5bcTPy-H-HRTo5VvzyNrkYJnH4ID8QAoTeztlDuiRnPEUjOesjMtBTSYoyInJa0Kn7SjeHwO2OIs:1uPn37:tdIXBAeCNBPMe-iZyw_u0YKc_Bg3mJlYgzkBXYePP-Y', '2025-06-26 18:53:17.291743', 'xk0uzmrxxhx21rrmh6aqzjzlqih0j0ru'); alias=default
DEBUG 2025-06-13 00:38:17,306 utils (0.009) COMMIT; args=None; alias=default
DEBUG 2025-06-13 00:38:17,314 utils (0.001) SELECT "django_session"."session_key", "django_session"."session_data", "django_session"."expire_date" FROM "django_session" WHERE ("django_session"."expire_date" > '2025-06-12 18:53:17.313221' AND "django_session"."session_key" = 'xk0uzmrxxhx21rrmh6aqzjzlqih0j0ru') LIMIT 21; args=('2025-06-12 18:53:17.313221', 'xk0uzmrxxhx21rrmh6aqzjzlqih0j0ru'); alias=default
DEBUG 2025-06-13 00:38:17,317 utils (0.000) SELECT "auth_user"."id", "auth_user"."password", "auth_user"."last_login", "auth_user"."is_superuser", "auth_user"."username", "auth_user"."first_name", "auth_user"."last_name", "auth_user"."email", "auth_user"."is_staff", "auth_user"."is_active", "auth_user"."date_joined" FROM "auth_user" WHERE "auth_user"."id" = 2 LIMIT 21; args=(2,); alias=default
DEBUG 2025-06-13 00:38:17,322 utils (0.000) SELECT "transaction"."id", "transaction"."user_id", "transaction"."transaction_type", "transaction"."account_id", "transaction"."amount", "transaction"."description", "transaction"."date", "transaction"."category", "transaction"."receiptUrl", "transaction"."isRecurring", "transaction"."recurringInterval", "transaction"."nextRecurringDate", "transaction"."lastProcessedDate", "transaction"."createdAt" FROM "transaction" WHERE "transaction"."user_id" = 2 ORDER BY "transaction"."date" DESC; args=(2,); alias=default
DEBUG 2025-06-13 00:38:17,330 utils (0.000) SELECT "auth_user"."id", "auth_user"."password", "auth_user"."last_login", "auth_user"."is_superuser", "auth_user"."username", "auth_user"."first_name", "auth_user"."last_name", "auth_user"."email", "auth_user"."is_staff", "auth_user"."is_active", "auth_user"."date_joined" FROM "auth_user" LIMIT 1000; args=(); alias=default
DEBUG 2025-06-13 00:38:17,334 utils (0.000) SELECT "account"."account_type", "account"."isWallet", "account"."id", "account"."isDefault", "account"."user_id", "account"."name", "account"."account_number", "account"."wallet_number", "account"."balance", "account"."createdAt", "account"."updatedAt" FROM "account" ORDER BY "account"."createdAt" DESC LIMIT 1000; args=(); alias=default
DEBUG 2025-06-13 00:38:38,526 utils (0.001) SELECT "django_session"."session_key", "django_session"."session_data", "django_session"."expire_date" FROM "django_session" WHERE ("django_session"."expire_date" > '2025-06-12 18:53:38.525320' AND "django_session"."session_key" = 'xk0uzmrxxhx21rrmh6aqzjzlqih0j0ru') LIMIT 21; args=('2025-06-12 18:53:38.525320', 'xk0uzmrxxhx21rrmh6aqzjzlqih0j0ru'); alias=default
DEBUG 2025-06-13 00:38:38,530 utils (0.000) SELECT "auth_user"."id", "auth_user"."password", "auth_user"."last_login", "auth_user"."is_superuser", "auth_user"."username", "auth_user"."first_name", "auth_user"."last_name", "auth_user"."email", "auth_user"."is_staff", "auth_user"."is_active", "auth_user"."date_joined" FROM "auth_user" WHERE "auth_user"."id" = 2 LIMIT 21; args=(2,); alias=default
DEBUG 2025-06-13 00:38:38,538 utils (0.006) SELECT "transaction"."id", "transaction"."user_id", "transaction"."transaction_type", "transaction"."account_id", "transaction"."amount", "transaction"."description", "transaction"."date", "transaction"."category", "transaction"."receiptUrl", "transaction"."isRecurring", "transaction"."recurringInterval", "transaction"."nextRecurringDate", "transaction"."lastProcessedDate", "transaction"."createdAt" FROM "transaction" WHERE "transaction"."id" = 11 LIMIT 21; args=(11,); alias=default
DEBUG 2025-06-13 00:38:38,545 utils (0.000) SELECT "auth_user"."id", "auth_user"."password", "auth_user"."last_login", "auth_user"."is_superuser", "auth_user"."username", "auth_user"."first_name", "auth_user"."last_name", "auth_user"."email", "auth_user"."is_staff", "auth_user"."is_active", "auth_user"."date_joined" FROM "auth_user" LIMIT 1000; args=(); alias=default
DEBUG 2025-06-13 00:38:38,548 utils (0.000) SELECT "account"."account_type", "account"."isWallet", "account"."id", "account"."isDefault", "account"."user_id", "account"."name", "account"."account_number", "account"."wallet_number", "account"."balance", "account"."createdAt", "account"."updatedAt" FROM "account" ORDER BY "account"."createdAt" DESC LIMIT 1000; args=(); alias=default
INFO 2025-06-13 00:38:45,836 autoreload E:\ESEWA-FINTRACK-FULLSTACK\fintrack_app\views\transaction.py changed, reloading.
INFO 2025-06-13 00:38:46,864 autoreload Watching for file changes with StatReloader
INFO 2025-06-13 00:38:55,492 autoreload Watching for file changes with StatReloader
DEBUG 2025-06-13 00:38:56,457 utils (0.001) 
            SELECT name, type FROM sqlite_master
            WHERE type in ('table', 'view') AND NOT name='sqlite_sequence'
            ORDER BY name; args=None; alias=default
DEBUG 2025-06-13 00:38:56,461 utils (0.000) SELECT "django_migrations"."id", "django_migrations"."app", "django_migrations"."name", "django_migrations"."applied" FROM "django_migrations"; args=(); alias=default
DEBUG 2025-06-13 00:38:58,464 utils (0.001) SELECT "django_session"."session_key", "django_session"."session_data", "django_session"."expire_date" FROM "django_session" WHERE ("django_session"."expire_date" > '2025-06-12 18:53:58.461257' AND "django_session"."session_key" = 'xk0uzmrxxhx21rrmh6aqzjzlqih0j0ru') LIMIT 21; args=('2025-06-12 18:53:58.461257', 'xk0uzmrxxhx21rrmh6aqzjzlqih0j0ru'); alias=default
DEBUG 2025-06-13 00:38:58,477 utils (0.000) SELECT "auth_user"."id", "auth_user"."password", "auth_user"."last_login", "auth_user"."is_superuser", "auth_user"."username", "auth_user"."first_name", "auth_user"."last_name", "auth_user"."email", "auth_user"."is_staff", "auth_user"."is_active", "auth_user"."date_joined" FROM "auth_user" WHERE "auth_user"."id" = 2 LIMIT 21; args=(2,); alias=default
DEBUG 2025-06-13 00:38:58,483 utils (0.000) SELECT "transaction"."id", "transaction"."user_id", "transaction"."transaction_type", "transaction"."account_id", "transaction"."amount", "transaction"."description", "transaction"."date", "transaction"."category", "transaction"."receiptUrl", "transaction"."isRecurring", "transaction"."recurringInterval", "transaction"."nextRecurringDate", "transaction"."lastProcessedDate", "transaction"."createdAt" FROM "transaction" WHERE ("transaction"."user_id" = 2 AND "transaction"."id" = 11) LIMIT 21; args=(2, 11); alias=default
DEBUG 2025-06-13 00:38:58,532 utils (0.001) SELECT "auth_user"."id", "auth_user"."password", "auth_user"."last_login", "auth_user"."is_superuser", "auth_user"."username", "auth_user"."first_name", "auth_user"."last_name", "auth_user"."email", "auth_user"."is_staff", "auth_user"."is_active", "auth_user"."date_joined" FROM "auth_user" LIMIT 1000; args=(); alias=default
DEBUG 2025-06-13 00:38:58,556 utils (0.000) SELECT "account"."account_type", "account"."isWallet", "account"."id", "account"."isDefault", "account"."user_id", "account"."name", "account"."account_number", "account"."wallet_number", "account"."balance", "account"."createdAt", "account"."updatedAt" FROM "account" ORDER BY "account"."createdAt" DESC LIMIT 1000; args=(); alias=default
WARNING 2025-06-13 00:40:29,282 base Method Not Allowed (GET): /api-auth/logout/
WARNING 2025-06-13 00:40:29,284 log Method Not Allowed: /api-auth/logout/
WARNING 2025-06-13 00:40:33,683 base Method Not Allowed (GET): /api-auth/logout/
WARNING 2025-06-13 00:40:33,684 log Method Not Allowed: /api-auth/logout/
DEBUG 2025-06-13 00:40:45,663 utils (0.001) SELECT "django_session"."session_key", "django_session"."session_data", "django_session"."expire_date" FROM "django_session" WHERE ("django_session"."expire_date" > '2025-06-12 18:55:45.660995' AND "django_session"."session_key" = 'xk0uzmrxxhx21rrmh6aqzjzlqih0j0ru') LIMIT 21; args=('2025-06-12 18:55:45.660995', 'xk0uzmrxxhx21rrmh6aqzjzlqih0j0ru'); alias=default
DEBUG 2025-06-13 00:40:45,670 utils (0.000) SELECT "auth_user"."id", "auth_user"."password", "auth_user"."last_login", "auth_user"."is_superuser", "auth_user"."username", "auth_user"."first_name", "auth_user"."last_name", "auth_user"."email", "auth_user"."is_staff", "auth_user"."is_active", "auth_user"."date_joined" FROM "auth_user" WHERE "auth_user"."id" = 2 LIMIT 21; args=(2,); alias=default
DEBUG 2025-06-13 00:40:45,677 utils (0.000) SELECT "account"."account_type", "account"."isWallet", "account"."id", "account"."isDefault", "account"."user_id", "account"."name", "account"."account_number", "account"."wallet_number", "account"."balance", "account"."createdAt", "account"."updatedAt" FROM "account" WHERE "account"."user_id" = 2 ORDER BY "account"."createdAt" DESC; args=(2,); alias=default
DEBUG 2025-06-13 00:40:45,691 utils (0.001) SELECT "auth_user"."id", "auth_user"."password", "auth_user"."last_login", "auth_user"."is_superuser", "auth_user"."username", "auth_user"."first_name", "auth_user"."last_name", "auth_user"."email", "auth_user"."is_staff", "auth_user"."is_active", "auth_user"."date_joined" FROM "auth_user" LIMIT 1000; args=(); alias=default
WARNING 2025-06-13 00:41:04,540 log Not Found: /api/category-summary
WARNING 2025-06-13 00:41:08,724 log Not Found: /api/category-summary/
DEBUG 2025-06-13 00:41:15,184 utils (0.001) SELECT "django_session"."session_key", "django_session"."session_data", "django_session"."expire_date" FROM "django_session" WHERE ("django_session"."expire_date" > '2025-06-12 18:56:15.181176' AND "django_session"."session_key" = 'xk0uzmrxxhx21rrmh6aqzjzlqih0j0ru') LIMIT 21; args=('2025-06-12 18:56:15.181176', 'xk0uzmrxxhx21rrmh6aqzjzlqih0j0ru'); alias=default
DEBUG 2025-06-13 00:41:15,189 utils (0.001) SELECT "auth_user"."id", "auth_user"."password", "auth_user"."last_login", "auth_user"."is_superuser", "auth_user"."username", "auth_user"."first_name", "auth_user"."last_name", "auth_user"."email", "auth_user"."is_staff", "auth_user"."is_active", "auth_user"."date_joined" FROM "auth_user" WHERE "auth_user"."id" = 2 LIMIT 21; args=(2,); alias=default
DEBUG 2025-06-13 00:41:15,202 utils (0.000) SELECT "fintrack_app_categorytotal"."category" AS "category", "fintrack_app_categorytotal"."total_amount" AS "total_amount" FROM "fintrack_app_categorytotal" WHERE "fintrack_app_categorytotal"."user_id" = 2; args=(2,); alias=default
DEBUG 2025-06-13 00:41:36,604 utils (0.002) SELECT "django_session"."session_key", "django_session"."session_data", "django_session"."expire_date" FROM "django_session" WHERE ("django_session"."expire_date" > '2025-06-12 18:56:36.600790' AND "django_session"."session_key" = 'xk0uzmrxxhx21rrmh6aqzjzlqih0j0ru') LIMIT 21; args=('2025-06-12 18:56:36.600790', 'xk0uzmrxxhx21rrmh6aqzjzlqih0j0ru'); alias=default
DEBUG 2025-06-13 00:41:36,610 utils (0.000) SELECT "auth_user"."id", "auth_user"."password", "auth_user"."last_login", "auth_user"."is_superuser", "auth_user"."username", "auth_user"."first_name", "auth_user"."last_name", "auth_user"."email", "auth_user"."is_staff", "auth_user"."is_active", "auth_user"."date_joined" FROM "auth_user" WHERE "auth_user"."id" = 2 LIMIT 21; args=(2,); alias=default
DEBUG 2025-06-13 00:41:36,616 utils (0.000) SELECT "fintrack_app_categorytotal"."category" AS "category", "fintrack_app_categorytotal"."total_amount" AS "total_amount" FROM "fintrack_app_categorytotal" WHERE ("fintrack_app_categorytotal"."transaction_type" = 'Ex' AND "fintrack_app_categorytotal"."user_id" = 2); args=('Ex', 2); alias=default
DEBUG 2025-06-13 00:42:13,600 utils (0.001) SELECT "django_session"."session_key", "django_session"."session_data", "django_session"."expire_date" FROM "django_session" WHERE ("django_session"."expire_date" > '2025-06-12 18:57:13.596522' AND "django_session"."session_key" = 'xk0uzmrxxhx21rrmh6aqzjzlqih0j0ru') LIMIT 21; args=('2025-06-12 18:57:13.596522', 'xk0uzmrxxhx21rrmh6aqzjzlqih0j0ru'); alias=default
DEBUG 2025-06-13 00:42:13,604 utils (0.000) SELECT "auth_user"."id", "auth_user"."password", "auth_user"."last_login", "auth_user"."is_superuser", "auth_user"."username", "auth_user"."first_name", "auth_user"."last_name", "auth_user"."email", "auth_user"."is_staff", "auth_user"."is_active", "auth_user"."date_joined" FROM "auth_user" WHERE "auth_user"."id" = 2 LIMIT 21; args=(2,); alias=default
DEBUG 2025-06-13 00:42:13,625 utils (0.002) SELECT "django_session"."session_key", "django_session"."session_data", "django_session"."expire_date" FROM "django_session" WHERE ("django_session"."expire_date" > '2025-06-12 18:57:13.621994' AND "django_session"."session_key" = 'xk0uzmrxxhx21rrmh6aqzjzlqih0j0ru') LIMIT 21; args=('2025-06-12 18:57:13.621994', 'xk0uzmrxxhx21rrmh6aqzjzlqih0j0ru'); alias=default
DEBUG 2025-06-13 00:42:13,628 utils (0.000) SELECT "auth_user"."id", "auth_user"."password", "auth_user"."last_login", "auth_user"."is_superuser", "auth_user"."username", "auth_user"."first_name", "auth_user"."last_name", "auth_user"."email", "auth_user"."is_staff", "auth_user"."is_active", "auth_user"."date_joined" FROM "auth_user" WHERE "auth_user"."id" = 2 LIMIT 21; args=(2,); alias=default
DEBUG 2025-06-13 00:42:13,638 utils (0.000) SELECT "django_content_type"."app_label" AS "content_type__app_label", "auth_permission"."codename" AS "codename" FROM "auth_permission" INNER JOIN "auth_user_user_permissions" ON ("auth_permission"."id" = "auth_user_user_permissions"."permission_id") INNER JOIN "django_content_type" ON ("auth_permission"."content_type_id" = "django_content_type"."id") WHERE "auth_user_user_permissions"."user_id" = 2; args=(2,); alias=default
DEBUG 2025-06-13 00:42:13,644 utils (0.001) SELECT "django_content_type"."app_label" AS "content_type__app_label", "auth_permission"."codename" AS "codename" FROM "auth_permission" INNER JOIN "auth_group_permissions" ON ("auth_permission"."id" = "auth_group_permissions"."permission_id") INNER JOIN "django_content_type" ON ("auth_permission"."content_type_id" = "django_content_type"."id") WHERE "auth_group_permissions"."group_id" IN (SELECT U0."id" FROM "auth_group" U0 INNER JOIN "auth_user_groups" U1 ON (U0."id" = U1."group_id") WHERE U1."user_id" = 2); args=(2,); alias=default
DEBUG 2025-06-13 00:42:13,647 utils (0.000) SELECT "django_site"."id", "django_site"."domain", "django_site"."name" FROM "django_site" WHERE "django_site"."id" = 1 LIMIT 21; args=(1,); alias=default
DEBUG 2025-06-13 00:42:27,856 utils (0.001) SELECT "django_session"."session_key", "django_session"."session_data", "django_session"."expire_date" FROM "django_session" WHERE ("django_session"."expire_date" > '2025-06-12 18:57:27.853554' AND "django_session"."session_key" = 'xk0uzmrxxhx21rrmh6aqzjzlqih0j0ru') LIMIT 21; args=('2025-06-12 18:57:27.853554', 'xk0uzmrxxhx21rrmh6aqzjzlqih0j0ru'); alias=default
DEBUG 2025-06-13 00:42:27,862 utils (0.000) SELECT "auth_user"."id", "auth_user"."password", "auth_user"."last_login", "auth_user"."is_superuser", "auth_user"."username", "auth_user"."first_name", "auth_user"."last_name", "auth_user"."email", "auth_user"."is_staff", "auth_user"."is_active", "auth_user"."date_joined" FROM "auth_user" WHERE "auth_user"."id" = 2 LIMIT 21; args=(2,); alias=default
DEBUG 2025-06-13 00:42:27,867 utils (0.001) SELECT "django_content_type"."app_label" AS "content_type__app_label", "auth_permission"."codename" AS "codename" FROM "auth_permission" INNER JOIN "auth_user_user_permissions" ON ("auth_permission"."id" = "auth_user_user_permissions"."permission_id") INNER JOIN "django_content_type" ON ("auth_permission"."content_type_id" = "django_content_type"."id") WHERE "auth_user_user_permissions"."user_id" = 2; args=(2,); alias=default
DEBUG 2025-06-13 00:42:27,873 utils (0.000) SELECT "django_content_type"."app_label" AS "content_type__app_label", "auth_permission"."codename" AS "codename" FROM "auth_permission" INNER JOIN "auth_group_permissions" ON ("auth_permission"."id" = "auth_group_permissions"."permission_id") INNER JOIN "django_content_type" ON ("auth_permission"."content_type_id" = "django_content_type"."id") WHERE "auth_group_permissions"."group_id" IN (SELECT U0."id" FROM "auth_group" U0 INNER JOIN "auth_user_groups" U1 ON (U0."id" = U1."group_id") WHERE U1."user_id" = 2); args=(2,); alias=default
DEBUG 2025-06-13 00:42:27,876 utils (0.000) SELECT "auth_user"."id", "auth_user"."password", "auth_user"."last_login", "auth_user"."is_superuser", "auth_user"."username", "auth_user"."first_name", "auth_user"."last_name", "auth_user"."email", "auth_user"."is_staff", "auth_user"."is_active", "auth_user"."date_joined" FROM "auth_user" WHERE "auth_user"."username" = 'ayush' LIMIT 21; args=('ayush',); alias=default
DEBUG 2025-06-13 00:42:36,436 utils (0.001) SELECT "django_session"."session_key", "django_session"."session_data", "django_session"."expire_date" FROM "django_session" WHERE ("django_session"."expire_date" > '2025-06-12 18:57:36.433406' AND "django_session"."session_key" = 'xk0uzmrxxhx21rrmh6aqzjzlqih0j0ru') LIMIT 21; args=('2025-06-12 18:57:36.433406', 'xk0uzmrxxhx21rrmh6aqzjzlqih0j0ru'); alias=default
DEBUG 2025-06-13 00:42:36,439 utils (0.000) SELECT "auth_user"."id", "auth_user"."password", "auth_user"."last_login", "auth_user"."is_superuser", "auth_user"."username", "auth_user"."first_name", "auth_user"."last_name", "auth_user"."email", "auth_user"."is_staff", "auth_user"."is_active", "auth_user"."date_joined" FROM "auth_user" WHERE "auth_user"."id" = 2 LIMIT 21; args=(2,); alias=default
DEBUG 2025-06-13 00:42:36,446 utils (0.000) SELECT "django_content_type"."app_label" AS "content_type__app_label", "auth_permission"."codename" AS "codename" FROM "auth_permission" INNER JOIN "auth_user_user_permissions" ON ("auth_permission"."id" = "auth_user_user_permissions"."permission_id") INNER JOIN "django_content_type" ON ("auth_permission"."content_type_id" = "django_content_type"."id") WHERE "auth_user_user_permissions"."user_id" = 2; args=(2,); alias=default
DEBUG 2025-06-13 00:42:36,454 utils (0.000) SELECT "django_content_type"."app_label" AS "content_type__app_label", "auth_permission"."codename" AS "codename" FROM "auth_permission" INNER JOIN "auth_group_permissions" ON ("auth_permission"."id" = "auth_group_permissions"."permission_id") INNER JOIN "django_content_type" ON ("auth_permission"."content_type_id" = "django_content_type"."id") WHERE "auth_group_permissions"."group_id" IN (SELECT U0."id" FROM "auth_group" U0 INNER JOIN "auth_user_groups" U1 ON (U0."id" = U1."group_id") WHERE U1."user_id" = 2); args=(2,); alias=default
DEBUG 2025-06-13 00:42:36,459 utils (0.000) SELECT "auth_user"."id", "auth_user"."password", "auth_user"."last_login", "auth_user"."is_superuser", "auth_user"."username", "auth_user"."first_name", "auth_user"."last_name", "auth_user"."email", "auth_user"."is_staff", "auth_user"."is_active", "auth_user"."date_joined" FROM "auth_user" WHERE "auth_user"."username" = 'ayush' LIMIT 21; args=('ayush',); alias=default
DEBUG 2025-06-13 00:42:47,515 utils (0.001) SELECT "django_session"."session_key", "django_session"."session_data", "django_session"."expire_date" FROM "django_session" WHERE ("django_session"."expire_date" > '2025-06-12 18:57:47.512164' AND "django_session"."session_key" = 'xk0uzmrxxhx21rrmh6aqzjzlqih0j0ru') LIMIT 21; args=('2025-06-12 18:57:47.512164', 'xk0uzmrxxhx21rrmh6aqzjzlqih0j0ru'); alias=default
DEBUG 2025-06-13 00:42:47,519 utils (0.001) SELECT "auth_user"."id", "auth_user"."password", "auth_user"."last_login", "auth_user"."is_superuser", "auth_user"."username", "auth_user"."first_name", "auth_user"."last_name", "auth_user"."email", "auth_user"."is_staff", "auth_user"."is_active", "auth_user"."date_joined" FROM "auth_user" WHERE "auth_user"."id" = 2 LIMIT 21; args=(2,); alias=default
DEBUG 2025-06-13 00:42:47,526 utils (0.000) SELECT "django_content_type"."app_label" AS "content_type__app_label", "auth_permission"."codename" AS "codename" FROM "auth_permission" INNER JOIN "auth_user_user_permissions" ON ("auth_permission"."id" = "auth_user_user_permissions"."permission_id") INNER JOIN "django_content_type" ON ("auth_permission"."content_type_id" = "django_content_type"."id") WHERE "auth_user_user_permissions"."user_id" = 2; args=(2,); alias=default
DEBUG 2025-06-13 00:42:47,533 utils (0.001) SELECT "django_content_type"."app_label" AS "content_type__app_label", "auth_permission"."codename" AS "codename" FROM "auth_permission" INNER JOIN "auth_group_permissions" ON ("auth_permission"."id" = "auth_group_permissions"."permission_id") INNER JOIN "django_content_type" ON ("auth_permission"."content_type_id" = "django_content_type"."id") WHERE "auth_group_permissions"."group_id" IN (SELECT U0."id" FROM "auth_group" U0 INNER JOIN "auth_user_groups" U1 ON (U0."id" = U1."group_id") WHERE U1."user_id" = 2); args=(2,); alias=default
DEBUG 2025-06-13 00:42:47,538 utils (0.000) SELECT "auth_user"."id", "auth_user"."password", "auth_user"."last_login", "auth_user"."is_superuser", "auth_user"."username", "auth_user"."first_name", "auth_user"."last_name", "auth_user"."email", "auth_user"."is_staff", "auth_user"."is_active", "auth_user"."date_joined" FROM "auth_user" WHERE "auth_user"."username" = 'admin' LIMIT 21; args=('admin',); alias=default
DEBUG 2025-06-13 00:42:48,610 utils (0.000) SELECT "django_session"."session_key", "django_session"."session_data", "django_session"."expire_date" FROM "django_session" WHERE "django_session"."session_key" = 'xk0uzmrxxhx21rrmh6aqzjzlqih0j0ru' LIMIT 21; args=('xk0uzmrxxhx21rrmh6aqzjzlqih0j0ru',); alias=default
DEBUG 2025-06-13 00:42:48,627 utils (0.015) DELETE FROM "django_session" WHERE "django_session"."session_key" IN ('xk0uzmrxxhx21rrmh6aqzjzlqih0j0ru'); args=('xk0uzmrxxhx21rrmh6aqzjzlqih0j0ru',); alias=default
DEBUG 2025-06-13 00:42:48,638 utils (0.010) UPDATE "auth_user" SET "last_login" = '2025-06-12 18:57:48.628299' WHERE "auth_user"."id" = 1; args=('2025-06-12 18:57:48.628299', 1); alias=default
DEBUG 2025-06-13 00:42:48,640 utils (0.000) SELECT 1 AS "a" FROM "django_session" WHERE "django_session"."session_key" = '0giby03swly5ru5w18zhj7eqbj7508xp' LIMIT 1; args=(1, '0giby03swly5ru5w18zhj7eqbj7508xp'); alias=default
DEBUG 2025-06-13 00:42:48,641 utils (0.000) BEGIN; args=None; alias=default
DEBUG 2025-06-13 00:42:48,643 utils (0.001) INSERT INTO "django_session" ("session_key", "session_data", "expire_date") VALUES ('0giby03swly5ru5w18zhj7eqbj7508xp', '.eJxVjEEOwiAQRe_C2hAYBlpcuvcMBJipVA0kpV0Z765NutDtf-_9lwhxW0vYOi9hJnEWWpx-txTzg-sO6B7rrcnc6rrMSe6KPGiX10b8vBzu30GJvXxrUCM5zDgoZDs5Pym27CyNPqPK5FmDs5wiDRB1tkiAxoBjYDA2JRTvD9dmN54:1uPn7U:eL3idDE2Zicz2mRVukaPhMeZQMipr3PUG-AVdbe-9so', '2025-06-26 18:57:48.641616'); args=('0giby03swly5ru5w18zhj7eqbj7508xp', '.eJxVjEEOwiAQRe_C2hAYBlpcuvcMBJipVA0kpV0Z765NutDtf-_9lwhxW0vYOi9hJnEWWpx-txTzg-sO6B7rrcnc6rrMSe6KPGiX10b8vBzu30GJvXxrUCM5zDgoZDs5Pym27CyNPqPK5FmDs5wiDRB1tkiAxoBjYDA2JRTvD9dmN54:1uPn7U:eL3idDE2Zicz2mRVukaPhMeZQMipr3PUG-AVdbe-9so', '2025-06-26 18:57:48.641616'); alias=default
DEBUG 2025-06-13 00:42:48,655 utils (0.009) COMMIT; args=None; alias=default
DEBUG 2025-06-13 00:42:48,663 utils (0.001) SELECT "django_session"."session_key", "django_session"."session_data", "django_session"."expire_date" FROM "django_session" WHERE ("django_session"."expire_date" > '2025-06-12 18:57:48.662462' AND "django_session"."session_key" = '0giby03swly5ru5w18zhj7eqbj7508xp') LIMIT 21; args=('2025-06-12 18:57:48.662462', '0giby03swly5ru5w18zhj7eqbj7508xp'); alias=default
DEBUG 2025-06-13 00:42:48,667 utils (0.000) SELECT "auth_user"."id", "auth_user"."password", "auth_user"."last_login", "auth_user"."is_superuser", "auth_user"."username", "auth_user"."first_name", "auth_user"."last_name", "auth_user"."email", "auth_user"."is_staff", "auth_user"."is_active", "auth_user"."date_joined" FROM "auth_user" WHERE "auth_user"."id" = 1 LIMIT 21; args=(1,); alias=default
DEBUG 2025-06-13 00:42:48,678 utils (0.000) SELECT "django_content_type"."id", "django_content_type"."app_label", "django_content_type"."model" FROM "django_content_type" WHERE ("django_content_type"."app_label" = 'fintrack_app' AND "django_content_type"."model" = 'transaction') LIMIT 21; args=('fintrack_app', 'transaction'); alias=default
DEBUG 2025-06-13 00:42:48,704 utils (0.000) SELECT "auth_user"."id", "auth_user"."password", "auth_user"."last_login", "auth_user"."is_superuser", "auth_user"."username", "auth_user"."first_name", "auth_user"."last_name", "auth_user"."email", "auth_user"."is_staff", "auth_user"."is_active", "auth_user"."date_joined" FROM "auth_user" ORDER BY "auth_user"."username" ASC; args=(); alias=default
DEBUG 2025-06-13 00:42:48,711 utils (0.000) SELECT "account"."account_type", "account"."isWallet", "account"."id", "account"."isDefault", "account"."user_id", "account"."name", "account"."account_number", "account"."wallet_number", "account"."balance", "account"."createdAt", "account"."updatedAt" FROM "account" ORDER BY "account"."createdAt" DESC; args=(); alias=default
DEBUG 2025-06-13 00:42:48,790 utils (0.001) SELECT "django_session"."session_key", "django_session"."session_data", "django_session"."expire_date" FROM "django_session" WHERE ("django_session"."expire_date" > '2025-06-12 18:57:48.788007' AND "django_session"."session_key" = '0giby03swly5ru5w18zhj7eqbj7508xp') LIMIT 21; args=('2025-06-12 18:57:48.788007', '0giby03swly5ru5w18zhj7eqbj7508xp'); alias=default
DEBUG 2025-06-13 00:42:48,796 utils (0.000) SELECT "auth_user"."id", "auth_user"."password", "auth_user"."last_login", "auth_user"."is_superuser", "auth_user"."username", "auth_user"."first_name", "auth_user"."last_name", "auth_user"."email", "auth_user"."is_staff", "auth_user"."is_active", "auth_user"."date_joined" FROM "auth_user" WHERE "auth_user"."id" = 1 LIMIT 21; args=(1,); alias=default
DEBUG 2025-06-13 00:43:23,000 utils (0.001) SELECT "django_session"."session_key", "django_session"."session_data", "django_session"."expire_date" FROM "django_session" WHERE ("django_session"."expire_date" > '2025-06-12 18:58:22.997216' AND "django_session"."session_key" = '0giby03swly5ru5w18zhj7eqbj7508xp') LIMIT 21; args=('2025-06-12 18:58:22.997216', '0giby03swly5ru5w18zhj7eqbj7508xp'); alias=default
DEBUG 2025-06-13 00:43:23,005 utils (0.000) SELECT "auth_user"."id", "auth_user"."password", "auth_user"."last_login", "auth_user"."is_superuser", "auth_user"."username", "auth_user"."first_name", "auth_user"."last_name", "auth_user"."email", "auth_user"."is_staff", "auth_user"."is_active", "auth_user"."date_joined" FROM "auth_user" WHERE "auth_user"."id" = 1 LIMIT 21; args=(1,); alias=default
DEBUG 2025-06-13 00:43:23,065 utils (0.000) BEGIN; args=None; alias=default
DEBUG 2025-06-13 00:43:23,125 utils (0.000) SELECT "auth_user"."id", "auth_user"."password", "auth_user"."last_login", "auth_user"."is_superuser", "auth_user"."username", "auth_user"."first_name", "auth_user"."last_name", "auth_user"."email", "auth_user"."is_staff", "auth_user"."is_active", "auth_user"."date_joined" FROM "auth_user" WHERE "auth_user"."id" = 1 LIMIT 21; args=(1,); alias=default
DEBUG 2025-06-13 00:43:23,128 utils (0.000) SELECT "account"."account_type", "account"."isWallet", "account"."id", "account"."isDefault", "account"."user_id", "account"."name", "account"."account_number", "account"."wallet_number", "account"."balance", "account"."createdAt", "account"."updatedAt" FROM "account" WHERE "account"."id" = 2 LIMIT 21; args=(2,); alias=default
DEBUG 2025-06-13 00:43:23,140 utils (0.000) SELECT 1 AS "a" FROM "auth_user" WHERE "auth_user"."id" = 1 LIMIT 1; args=(1, 1); alias=default
DEBUG 2025-06-13 00:43:23,155 utils (0.000) SELECT 1 AS "a" FROM "account" WHERE "account"."id" = 2 LIMIT 1; args=(1, 2); alias=default
DEBUG 2025-06-13 00:43:23,159 utils (0.001) SELECT COUNT(*) AS "__count" FROM "account" WHERE ("account"."user_id" = 1 AND "account"."id" = 2); args=(1, 2); alias=default
DEBUG 2025-06-13 00:43:23,162 utils (0.000) SELECT 1 AS "a" FROM "auth_user" WHERE "auth_user"."id" = 1 LIMIT 1; args=(1, 1); alias=default
DEBUG 2025-06-13 00:43:23,164 utils (0.000) SELECT 1 AS "a" FROM "account" WHERE "account"."id" = 2 LIMIT 1; args=(1, 2); alias=default
DEBUG 2025-06-13 00:43:23,183 utils (0.000) SELECT COUNT(*) AS "__count" FROM "account" WHERE ("account"."user_id" = 1 AND "account"."id" = 2); args=(1, 2); alias=default
DEBUG 2025-06-13 00:43:23,190 utils (0.001) INSERT INTO "transaction" ("user_id", "transaction_type", "account_id", "amount", "description", "date", "category", "receiptUrl", "isRecurring", "recurringInterval", "nextRecurringDate", "lastProcessedDate", "createdAt") VALUES (1, 'Ex', 2, '233', '', '2025-06-12 18:58:10', 'momo', '', 0, '', NULL, NULL, '2025-06-12 18:58:23.188920') RETURNING "transaction"."id"; args=(1, 'Ex', 2, Decimal('233'), '', '2025-06-12 18:58:10', 'momo', '', False, '', None, None, '2025-06-12 18:58:23.188920'); alias=default
DEBUG 2025-06-13 00:43:23,193 utils (0.000) INSERT INTO "django_admin_log" ("action_time", "user_id", "content_type_id", "object_id", "object_repr", "action_flag", "change_message") VALUES ('2025-06-12 18:58:23.192788', 1, 8, '12', 'momo', 1, '[{"added": {}}]') RETURNING "django_admin_log"."id"; args=('2025-06-12 18:58:23.192788', 1, 8, '12', 'momo', 1, '[{"added": {}}]'); alias=default
DEBUG 2025-06-13 00:43:23,206 utils (0.009) COMMIT; args=None; alias=default
DEBUG 2025-06-13 00:43:23,220 utils (0.001) SELECT "django_session"."session_key", "django_session"."session_data", "django_session"."expire_date" FROM "django_session" WHERE ("django_session"."expire_date" > '2025-06-12 18:58:23.213985' AND "django_session"."session_key" = '0giby03swly5ru5w18zhj7eqbj7508xp') LIMIT 21; args=('2025-06-12 18:58:23.213985', '0giby03swly5ru5w18zhj7eqbj7508xp'); alias=default
DEBUG 2025-06-13 00:43:23,225 utils (0.000) SELECT "auth_user"."id", "auth_user"."password", "auth_user"."last_login", "auth_user"."is_superuser", "auth_user"."username", "auth_user"."first_name", "auth_user"."last_name", "auth_user"."email", "auth_user"."is_staff", "auth_user"."is_active", "auth_user"."date_joined" FROM "auth_user" WHERE "auth_user"."id" = 1 LIMIT 21; args=(1,); alias=default
DEBUG 2025-06-13 00:43:23,230 utils (0.000) SELECT COUNT(*) AS "__count" FROM "transaction"; args=(); alias=default
DEBUG 2025-06-13 00:43:23,232 utils (0.000) SELECT COUNT(*) AS "__count" FROM "transaction"; args=(); alias=default
DEBUG 2025-06-13 00:43:23,239 utils (0.001) SELECT "transaction"."id", "transaction"."user_id", "transaction"."transaction_type", "transaction"."account_id", "transaction"."amount", "transaction"."description", "transaction"."date", "transaction"."category", "transaction"."receiptUrl", "transaction"."isRecurring", "transaction"."recurringInterval", "transaction"."nextRecurringDate", "transaction"."lastProcessedDate", "transaction"."createdAt", "auth_user"."id", "auth_user"."password", "auth_user"."last_login", "auth_user"."is_superuser", "auth_user"."username", "auth_user"."first_name", "auth_user"."last_name", "auth_user"."email", "auth_user"."is_staff", "auth_user"."is_active", "auth_user"."date_joined", "account"."account_type", "account"."isWallet", "account"."id", "account"."isDefault", "account"."user_id", "account"."name", "account"."account_number", "account"."wallet_number", "account"."balance", "account"."createdAt", "account"."updatedAt", T4."id", T4."password", T4."last_login", T4."is_superuser", T4."username", T4."first_name", T4."last_name", T4."email", T4."is_staff", T4."is_active", T4."date_joined" FROM "transaction" INNER JOIN "auth_user" ON ("transaction"."user_id" = "auth_user"."id") INNER JOIN "account" ON ("transaction"."account_id" = "account"."id") INNER JOIN "auth_user" T4 ON ("account"."user_id" = T4."id") ORDER BY "transaction"."date" DESC, "transaction"."id" DESC; args=(); alias=default
DEBUG 2025-06-13 00:43:23,359 utils (0.001) SELECT "django_session"."session_key", "django_session"."session_data", "django_session"."expire_date" FROM "django_session" WHERE ("django_session"."expire_date" > '2025-06-12 18:58:23.357072' AND "django_session"."session_key" = '0giby03swly5ru5w18zhj7eqbj7508xp') LIMIT 21; args=('2025-06-12 18:58:23.357072', '0giby03swly5ru5w18zhj7eqbj7508xp'); alias=default
DEBUG 2025-06-13 00:43:23,379 utils (0.002) SELECT "auth_user"."id", "auth_user"."password", "auth_user"."last_login", "auth_user"."is_superuser", "auth_user"."username", "auth_user"."first_name", "auth_user"."last_name", "auth_user"."email", "auth_user"."is_staff", "auth_user"."is_active", "auth_user"."date_joined" FROM "auth_user" WHERE "auth_user"."id" = 1 LIMIT 21; args=(1,); alias=default
DEBUG 2025-06-13 00:43:40,192 utils (0.001) SELECT "django_session"."session_key", "django_session"."session_data", "django_session"."expire_date" FROM "django_session" WHERE ("django_session"."expire_date" > '2025-06-12 18:58:40.190336' AND "django_session"."session_key" = '0giby03swly5ru5w18zhj7eqbj7508xp') LIMIT 21; args=('2025-06-12 18:58:40.190336', '0giby03swly5ru5w18zhj7eqbj7508xp'); alias=default
DEBUG 2025-06-13 00:43:40,200 utils (0.000) SELECT "auth_user"."id", "auth_user"."password", "auth_user"."last_login", "auth_user"."is_superuser", "auth_user"."username", "auth_user"."first_name", "auth_user"."last_name", "auth_user"."email", "auth_user"."is_staff", "auth_user"."is_active", "auth_user"."date_joined" FROM "auth_user" WHERE "auth_user"."id" = 1 LIMIT 21; args=(1,); alias=default
DEBUG 2025-06-13 00:43:40,205 utils (0.000) SELECT "fintrack_app_categorytotal"."category" AS "category", "fintrack_app_categorytotal"."total_amount" AS "total_amount" FROM "fintrack_app_categorytotal" WHERE ("fintrack_app_categorytotal"."transaction_type" = 'Ex' AND "fintrack_app_categorytotal"."user_id" = 1); args=('Ex', 1); alias=default
DEBUG 2025-06-13 00:45:22,943 utils (0.004) SELECT "django_session"."session_key", "django_session"."session_data", "django_session"."expire_date" FROM "django_session" WHERE ("django_session"."expire_date" > '2025-06-12 19:00:22.928401' AND "django_session"."session_key" = '0giby03swly5ru5w18zhj7eqbj7508xp') LIMIT 21; args=('2025-06-12 19:00:22.928401', '0giby03swly5ru5w18zhj7eqbj7508xp'); alias=default
DEBUG 2025-06-13 00:45:22,948 utils (0.000) SELECT "auth_user"."id", "auth_user"."password", "auth_user"."last_login", "auth_user"."is_superuser", "auth_user"."username", "auth_user"."first_name", "auth_user"."last_name", "auth_user"."email", "auth_user"."is_staff", "auth_user"."is_active", "auth_user"."date_joined" FROM "auth_user" WHERE "auth_user"."id" = 1 LIMIT 21; args=(1,); alias=default
DEBUG 2025-06-13 00:45:22,998 utils (0.012) SELECT "fintrack_app_categorytotal"."category" AS "category", "fintrack_app_categorytotal"."total_amount" AS "total_amount" FROM "fintrack_app_categorytotal" WHERE ("fintrack_app_categorytotal"."transaction_type" = 'Expense' AND "fintrack_app_categorytotal"."user_id" = 1); args=('Expense', 1); alias=default
DEBUG 2025-06-13 00:45:35,514 utils (0.001) SELECT "django_session"."session_key", "django_session"."session_data", "django_session"."expire_date" FROM "django_session" WHERE ("django_session"."expire_date" > '2025-06-12 19:00:35.510857' AND "django_session"."session_key" = '0giby03swly5ru5w18zhj7eqbj7508xp') LIMIT 21; args=('2025-06-12 19:00:35.510857', '0giby03swly5ru5w18zhj7eqbj7508xp'); alias=default
DEBUG 2025-06-13 00:45:35,520 utils (0.000) SELECT "auth_user"."id", "auth_user"."password", "auth_user"."last_login", "auth_user"."is_superuser", "auth_user"."username", "auth_user"."first_name", "auth_user"."last_name", "auth_user"."email", "auth_user"."is_staff", "auth_user"."is_active", "auth_user"."date_joined" FROM "auth_user" WHERE "auth_user"."id" = 1 LIMIT 21; args=(1,); alias=default
DEBUG 2025-06-13 00:45:35,529 utils (0.000) SELECT "fintrack_app_categorytotal"."category" AS "category", "fintrack_app_categorytotal"."total_amount" AS "total_amount" FROM "fintrack_app_categorytotal" WHERE ("fintrack_app_categorytotal"."transaction_type" = 'Ex' AND "fintrack_app_categorytotal"."user_id" = 1); args=('Ex', 1); alias=default
INFO 2025-06-13 00:49:16,992 autoreload E:\ESEWA-FINTRACK-FULLSTACK\fintrack_app\admin.py changed, reloading.
INFO 2025-06-13 00:49:17,889 autoreload Watching for file changes with StatReloader
DEBUG 2025-06-13 00:49:18,667 utils (0.001) 
            SELECT name, type FROM sqlite_master
            WHERE type in ('table', 'view') AND NOT name='sqlite_sequence'
            ORDER BY name; args=None; alias=default
DEBUG 2025-06-13 00:49:18,672 utils (0.000) SELECT "django_migrations"."id", "django_migrations"."app", "django_migrations"."name", "django_migrations"."applied" FROM "django_migrations"; args=(); alias=default
INFO 2025-06-13 00:49:21,518 autoreload E:\ESEWA-FINTRACK-FULLSTACK\fintrack_app\admin.py changed, reloading.
INFO 2025-06-13 00:49:22,428 autoreload Watching for file changes with StatReloader
DEBUG 2025-06-13 00:49:23,315 utils (0.001) 
            SELECT name, type FROM sqlite_master
            WHERE type in ('table', 'view') AND NOT name='sqlite_sequence'
            ORDER BY name; args=None; alias=default
DEBUG 2025-06-13 00:49:23,321 utils (0.000) SELECT "django_migrations"."id", "django_migrations"."app", "django_migrations"."name", "django_migrations"."applied" FROM "django_migrations"; args=(); alias=default
DEBUG 2025-06-13 00:49:35,806 utils (0.001) SELECT "django_session"."session_key", "django_session"."session_data", "django_session"."expire_date" FROM "django_session" WHERE ("django_session"."expire_date" > '2025-06-12 19:04:35.804686' AND "django_session"."session_key" = '0giby03swly5ru5w18zhj7eqbj7508xp') LIMIT 21; args=('2025-06-12 19:04:35.804686', '0giby03swly5ru5w18zhj7eqbj7508xp'); alias=default
DEBUG 2025-06-13 00:49:35,810 utils (0.000) SELECT "auth_user"."id", "auth_user"."password", "auth_user"."last_login", "auth_user"."is_superuser", "auth_user"."username", "auth_user"."first_name", "auth_user"."last_name", "auth_user"."email", "auth_user"."is_staff", "auth_user"."is_active", "auth_user"."date_joined" FROM "auth_user" WHERE "auth_user"."id" = 1 LIMIT 21; args=(1,); alias=default
DEBUG 2025-06-13 00:49:35,817 utils (0.000) SELECT COUNT(*) AS "__count" FROM "transaction"; args=(); alias=default
DEBUG 2025-06-13 00:49:35,825 utils (0.000) SELECT COUNT(*) AS "__count" FROM "transaction"; args=(); alias=default
DEBUG 2025-06-13 00:49:35,878 utils (0.000) SELECT "transaction"."id", "transaction"."user_id", "transaction"."transaction_type", "transaction"."account_id", "transaction"."amount", "transaction"."description", "transaction"."date", "transaction"."category", "transaction"."receiptUrl", "transaction"."isRecurring", "transaction"."recurringInterval", "transaction"."nextRecurringDate", "transaction"."lastProcessedDate", "transaction"."createdAt", "auth_user"."id", "auth_user"."password", "auth_user"."last_login", "auth_user"."is_superuser", "auth_user"."username", "auth_user"."first_name", "auth_user"."last_name", "auth_user"."email", "auth_user"."is_staff", "auth_user"."is_active", "auth_user"."date_joined", "account"."account_type", "account"."isWallet", "account"."id", "account"."isDefault", "account"."user_id", "account"."name", "account"."account_number", "account"."wallet_number", "account"."balance", "account"."createdAt", "account"."updatedAt", T4."id", T4."password", T4."last_login", T4."is_superuser", T4."username", T4."first_name", T4."last_name", T4."email", T4."is_staff", T4."is_active", T4."date_joined" FROM "transaction" INNER JOIN "auth_user" ON ("transaction"."user_id" = "auth_user"."id") INNER JOIN "account" ON ("transaction"."account_id" = "account"."id") INNER JOIN "auth_user" T4 ON ("account"."user_id" = T4."id") ORDER BY "transaction"."date" DESC, "transaction"."id" DESC; args=(); alias=default
DEBUG 2025-06-13 00:49:36,014 utils (0.001) SELECT "django_session"."session_key", "django_session"."session_data", "django_session"."expire_date" FROM "django_session" WHERE ("django_session"."expire_date" > '2025-06-12 19:04:36.011894' AND "django_session"."session_key" = '0giby03swly5ru5w18zhj7eqbj7508xp') LIMIT 21; args=('2025-06-12 19:04:36.011894', '0giby03swly5ru5w18zhj7eqbj7508xp'); alias=default
DEBUG 2025-06-13 00:49:36,021 utils (0.000) SELECT "auth_user"."id", "auth_user"."password", "auth_user"."last_login", "auth_user"."is_superuser", "auth_user"."username", "auth_user"."first_name", "auth_user"."last_name", "auth_user"."email", "auth_user"."is_staff", "auth_user"."is_active", "auth_user"."date_joined" FROM "auth_user" WHERE "auth_user"."id" = 1 LIMIT 21; args=(1,); alias=default
DEBUG 2025-06-13 00:49:38,060 utils (0.001) SELECT "django_session"."session_key", "django_session"."session_data", "django_session"."expire_date" FROM "django_session" WHERE ("django_session"."expire_date" > '2025-06-12 19:04:38.058603' AND "django_session"."session_key" = '0giby03swly5ru5w18zhj7eqbj7508xp') LIMIT 21; args=('2025-06-12 19:04:38.058603', '0giby03swly5ru5w18zhj7eqbj7508xp'); alias=default
DEBUG 2025-06-13 00:49:38,064 utils (0.000) SELECT "auth_user"."id", "auth_user"."password", "auth_user"."last_login", "auth_user"."is_superuser", "auth_user"."username", "auth_user"."first_name", "auth_user"."last_name", "auth_user"."email", "auth_user"."is_staff", "auth_user"."is_active", "auth_user"."date_joined" FROM "auth_user" WHERE "auth_user"."id" = 1 LIMIT 21; args=(1,); alias=default
DEBUG 2025-06-13 00:49:38,073 utils (0.001) SELECT "auth_user"."id", "auth_user"."password", "auth_user"."last_login", "auth_user"."is_superuser", "auth_user"."username", "auth_user"."first_name", "auth_user"."last_name", "auth_user"."email", "auth_user"."is_staff", "auth_user"."is_active", "auth_user"."date_joined" FROM "auth_user" ORDER BY "auth_user"."username" ASC; args=(); alias=default
DEBUG 2025-06-13 00:49:38,085 utils (0.001) SELECT COUNT(*) AS "__count" FROM "fintrack_app_categorytotal"; args=(); alias=default
DEBUG 2025-06-13 00:49:38,092 utils (0.000) SELECT COUNT(*) AS "__count" FROM "fintrack_app_categorytotal"; args=(); alias=default
DEBUG 2025-06-13 00:49:38,099 utils (0.000) SELECT "fintrack_app_categorytotal"."id", "fintrack_app_categorytotal"."user_id", "fintrack_app_categorytotal"."category", "fintrack_app_categorytotal"."account_id", "fintrack_app_categorytotal"."transaction_type", "fintrack_app_categorytotal"."total_amount", "auth_user"."id", "auth_user"."password", "auth_user"."last_login", "auth_user"."is_superuser", "auth_user"."username", "auth_user"."first_name", "auth_user"."last_name", "auth_user"."email", "auth_user"."is_staff", "auth_user"."is_active", "auth_user"."date_joined", "account"."account_type", "account"."isWallet", "account"."id", "account"."isDefault", "account"."user_id", "account"."name", "account"."account_number", "account"."wallet_number", "account"."balance", "account"."createdAt", "account"."updatedAt", T4."id", T4."password", T4."last_login", T4."is_superuser", T4."username", T4."first_name", T4."last_name", T4."email", T4."is_staff", T4."is_active", T4."date_joined" FROM "fintrack_app_categorytotal" INNER JOIN "auth_user" ON ("fintrack_app_categorytotal"."user_id" = "auth_user"."id") INNER JOIN "account" ON ("fintrack_app_categorytotal"."account_id" = "account"."id") INNER JOIN "auth_user" T4 ON ("account"."user_id" = T4."id") ORDER BY "fintrack_app_categorytotal"."id" DESC; args=(); alias=default
DEBUG 2025-06-13 00:49:38,124 utils (0.000) SELECT DISTINCT "fintrack_app_categorytotal"."transaction_type" AS "transaction_type" FROM "fintrack_app_categorytotal" ORDER BY 1 ASC; args=(); alias=default
DEBUG 2025-06-13 00:49:38,184 utils (0.001) SELECT "django_session"."session_key", "django_session"."session_data", "django_session"."expire_date" FROM "django_session" WHERE ("django_session"."expire_date" > '2025-06-12 19:04:38.181763' AND "django_session"."session_key" = '0giby03swly5ru5w18zhj7eqbj7508xp') LIMIT 21; args=('2025-06-12 19:04:38.181763', '0giby03swly5ru5w18zhj7eqbj7508xp'); alias=default
DEBUG 2025-06-13 00:49:38,193 utils (0.000) SELECT "auth_user"."id", "auth_user"."password", "auth_user"."last_login", "auth_user"."is_superuser", "auth_user"."username", "auth_user"."first_name", "auth_user"."last_name", "auth_user"."email", "auth_user"."is_staff", "auth_user"."is_active", "auth_user"."date_joined" FROM "auth_user" WHERE "auth_user"."id" = 1 LIMIT 21; args=(1,); alias=default
DEBUG 2025-06-13 00:49:40,403 utils (0.001) SELECT "django_session"."session_key", "django_session"."session_data", "django_session"."expire_date" FROM "django_session" WHERE ("django_session"."expire_date" > '2025-06-12 19:04:40.400123' AND "django_session"."session_key" = '0giby03swly5ru5w18zhj7eqbj7508xp') LIMIT 21; args=('2025-06-12 19:04:40.400123', '0giby03swly5ru5w18zhj7eqbj7508xp'); alias=default
DEBUG 2025-06-13 00:49:40,407 utils (0.000) SELECT "auth_user"."id", "auth_user"."password", "auth_user"."last_login", "auth_user"."is_superuser", "auth_user"."username", "auth_user"."first_name", "auth_user"."last_name", "auth_user"."email", "auth_user"."is_staff", "auth_user"."is_active", "auth_user"."date_joined" FROM "auth_user" WHERE "auth_user"."id" = 1 LIMIT 21; args=(1,); alias=default
DEBUG 2025-06-13 00:49:40,415 utils (0.000) SELECT "django_content_type"."id", "django_content_type"."app_label", "django_content_type"."model" FROM "django_content_type" WHERE ("django_content_type"."app_label" = 'fintrack_app' AND "django_content_type"."model" = 'categorytotal') LIMIT 21; args=('fintrack_app', 'categorytotal'); alias=default
DEBUG 2025-06-13 00:49:40,443 utils (0.000) SELECT "auth_user"."id", "auth_user"."password", "auth_user"."last_login", "auth_user"."is_superuser", "auth_user"."username", "auth_user"."first_name", "auth_user"."last_name", "auth_user"."email", "auth_user"."is_staff", "auth_user"."is_active", "auth_user"."date_joined" FROM "auth_user" ORDER BY "auth_user"."username" ASC; args=(); alias=default
DEBUG 2025-06-13 00:49:40,449 utils (0.000) SELECT "account"."account_type", "account"."isWallet", "account"."id", "account"."isDefault", "account"."user_id", "account"."name", "account"."account_number", "account"."wallet_number", "account"."balance", "account"."createdAt", "account"."updatedAt" FROM "account" ORDER BY "account"."createdAt" DESC; args=(); alias=default
DEBUG 2025-06-13 00:49:40,522 utils (0.001) SELECT "django_session"."session_key", "django_session"."session_data", "django_session"."expire_date" FROM "django_session" WHERE ("django_session"."expire_date" > '2025-06-12 19:04:40.519160' AND "django_session"."session_key" = '0giby03swly5ru5w18zhj7eqbj7508xp') LIMIT 21; args=('2025-06-12 19:04:40.519160', '0giby03swly5ru5w18zhj7eqbj7508xp'); alias=default
DEBUG 2025-06-13 00:49:40,529 utils (0.001) SELECT "auth_user"."id", "auth_user"."password", "auth_user"."last_login", "auth_user"."is_superuser", "auth_user"."username", "auth_user"."first_name", "auth_user"."last_name", "auth_user"."email", "auth_user"."is_staff", "auth_user"."is_active", "auth_user"."date_joined" FROM "auth_user" WHERE "auth_user"."id" = 1 LIMIT 21; args=(1,); alias=default
DEBUG 2025-06-13 00:50:02,673 utils (0.001) SELECT "django_session"."session_key", "django_session"."session_data", "django_session"."expire_date" FROM "django_session" WHERE ("django_session"."expire_date" > '2025-06-12 19:05:02.671123' AND "django_session"."session_key" = '0giby03swly5ru5w18zhj7eqbj7508xp') LIMIT 21; args=('2025-06-12 19:05:02.671123', '0giby03swly5ru5w18zhj7eqbj7508xp'); alias=default
DEBUG 2025-06-13 00:50:02,676 utils (0.000) SELECT "auth_user"."id", "auth_user"."password", "auth_user"."last_login", "auth_user"."is_superuser", "auth_user"."username", "auth_user"."first_name", "auth_user"."last_name", "auth_user"."email", "auth_user"."is_staff", "auth_user"."is_active", "auth_user"."date_joined" FROM "auth_user" WHERE "auth_user"."id" = 1 LIMIT 21; args=(1,); alias=default
DEBUG 2025-06-13 00:50:02,686 utils (0.000) SELECT COUNT(*) AS "__count" FROM "transaction"; args=(); alias=default
DEBUG 2025-06-13 00:50:02,695 utils (0.000) SELECT COUNT(*) AS "__count" FROM "transaction"; args=(); alias=default
DEBUG 2025-06-13 00:50:02,711 utils (0.001) SELECT "transaction"."id", "transaction"."user_id", "transaction"."transaction_type", "transaction"."account_id", "transaction"."amount", "transaction"."description", "transaction"."date", "transaction"."category", "transaction"."receiptUrl", "transaction"."isRecurring", "transaction"."recurringInterval", "transaction"."nextRecurringDate", "transaction"."lastProcessedDate", "transaction"."createdAt", "auth_user"."id", "auth_user"."password", "auth_user"."last_login", "auth_user"."is_superuser", "auth_user"."username", "auth_user"."first_name", "auth_user"."last_name", "auth_user"."email", "auth_user"."is_staff", "auth_user"."is_active", "auth_user"."date_joined", "account"."account_type", "account"."isWallet", "account"."id", "account"."isDefault", "account"."user_id", "account"."name", "account"."account_number", "account"."wallet_number", "account"."balance", "account"."createdAt", "account"."updatedAt", T4."id", T4."password", T4."last_login", T4."is_superuser", T4."username", T4."first_name", T4."last_name", T4."email", T4."is_staff", T4."is_active", T4."date_joined" FROM "transaction" INNER JOIN "auth_user" ON ("transaction"."user_id" = "auth_user"."id") INNER JOIN "account" ON ("transaction"."account_id" = "account"."id") INNER JOIN "auth_user" T4 ON ("account"."user_id" = T4."id") ORDER BY "transaction"."date" DESC, "transaction"."id" DESC; args=(); alias=default
DEBUG 2025-06-13 00:50:02,789 utils (0.001) SELECT "django_session"."session_key", "django_session"."session_data", "django_session"."expire_date" FROM "django_session" WHERE ("django_session"."expire_date" > '2025-06-12 19:05:02.787375' AND "django_session"."session_key" = '0giby03swly5ru5w18zhj7eqbj7508xp') LIMIT 21; args=('2025-06-12 19:05:02.787375', '0giby03swly5ru5w18zhj7eqbj7508xp'); alias=default
DEBUG 2025-06-13 00:50:02,793 utils (0.000) SELECT "auth_user"."id", "auth_user"."password", "auth_user"."last_login", "auth_user"."is_superuser", "auth_user"."username", "auth_user"."first_name", "auth_user"."last_name", "auth_user"."email", "auth_user"."is_staff", "auth_user"."is_active", "auth_user"."date_joined" FROM "auth_user" WHERE "auth_user"."id" = 1 LIMIT 21; args=(1,); alias=default
DEBUG 2025-06-13 00:50:04,840 utils (0.001) SELECT "django_session"."session_key", "django_session"."session_data", "django_session"."expire_date" FROM "django_session" WHERE ("django_session"."expire_date" > '2025-06-12 19:05:04.838181' AND "django_session"."session_key" = '0giby03swly5ru5w18zhj7eqbj7508xp') LIMIT 21; args=('2025-06-12 19:05:04.838181', '0giby03swly5ru5w18zhj7eqbj7508xp'); alias=default
DEBUG 2025-06-13 00:50:04,843 utils (0.000) SELECT "auth_user"."id", "auth_user"."password", "auth_user"."last_login", "auth_user"."is_superuser", "auth_user"."username", "auth_user"."first_name", "auth_user"."last_name", "auth_user"."email", "auth_user"."is_staff", "auth_user"."is_active", "auth_user"."date_joined" FROM "auth_user" WHERE "auth_user"."id" = 1 LIMIT 21; args=(1,); alias=default
DEBUG 2025-06-13 00:50:04,846 utils (0.000) SELECT "transaction"."id", "transaction"."user_id", "transaction"."transaction_type", "transaction"."account_id", "transaction"."amount", "transaction"."description", "transaction"."date", "transaction"."category", "transaction"."receiptUrl", "transaction"."isRecurring", "transaction"."recurringInterval", "transaction"."nextRecurringDate", "transaction"."lastProcessedDate", "transaction"."createdAt" FROM "transaction" WHERE "transaction"."id" = 12 LIMIT 21; args=(12,); alias=default
DEBUG 2025-06-13 00:50:04,866 utils (0.001) SELECT "django_content_type"."id", "django_content_type"."app_label", "django_content_type"."model" FROM "django_content_type" WHERE ("django_content_type"."app_label" = 'fintrack_app' AND "django_content_type"."model" = 'transaction') LIMIT 21; args=('fintrack_app', 'transaction'); alias=default
DEBUG 2025-06-13 00:50:04,886 utils (0.001) SELECT "auth_user"."id", "auth_user"."password", "auth_user"."last_login", "auth_user"."is_superuser", "auth_user"."username", "auth_user"."first_name", "auth_user"."last_name", "auth_user"."email", "auth_user"."is_staff", "auth_user"."is_active", "auth_user"."date_joined" FROM "auth_user" ORDER BY "auth_user"."username" ASC; args=(); alias=default
DEBUG 2025-06-13 00:50:04,892 utils (0.000) SELECT "account"."account_type", "account"."isWallet", "account"."id", "account"."isDefault", "account"."user_id", "account"."name", "account"."account_number", "account"."wallet_number", "account"."balance", "account"."createdAt", "account"."updatedAt" FROM "account" ORDER BY "account"."createdAt" DESC; args=(); alias=default
DEBUG 2025-06-13 00:50:04,970 utils (0.001) SELECT "django_session"."session_key", "django_session"."session_data", "django_session"."expire_date" FROM "django_session" WHERE ("django_session"."expire_date" > '2025-06-12 19:05:04.968236' AND "django_session"."session_key" = '0giby03swly5ru5w18zhj7eqbj7508xp') LIMIT 21; args=('2025-06-12 19:05:04.968236', '0giby03swly5ru5w18zhj7eqbj7508xp'); alias=default
DEBUG 2025-06-13 00:50:04,978 utils (0.000) SELECT "auth_user"."id", "auth_user"."password", "auth_user"."last_login", "auth_user"."is_superuser", "auth_user"."username", "auth_user"."first_name", "auth_user"."last_name", "auth_user"."email", "auth_user"."is_staff", "auth_user"."is_active", "auth_user"."date_joined" FROM "auth_user" WHERE "auth_user"."id" = 1 LIMIT 21; args=(1,); alias=default
DEBUG 2025-06-13 00:50:10,544 utils (0.001) SELECT "django_session"."session_key", "django_session"."session_data", "django_session"."expire_date" FROM "django_session" WHERE ("django_session"."expire_date" > '2025-06-12 19:05:10.541749' AND "django_session"."session_key" = '0giby03swly5ru5w18zhj7eqbj7508xp') LIMIT 21; args=('2025-06-12 19:05:10.541749', '0giby03swly5ru5w18zhj7eqbj7508xp'); alias=default
DEBUG 2025-06-13 00:50:10,547 utils (0.000) SELECT "auth_user"."id", "auth_user"."password", "auth_user"."last_login", "auth_user"."is_superuser", "auth_user"."username", "auth_user"."first_name", "auth_user"."last_name", "auth_user"."email", "auth_user"."is_staff", "auth_user"."is_active", "auth_user"."date_joined" FROM "auth_user" WHERE "auth_user"."id" = 1 LIMIT 21; args=(1,); alias=default
DEBUG 2025-06-13 00:50:10,554 utils (0.000) SELECT "auth_user"."id", "auth_user"."password", "auth_user"."last_login", "auth_user"."is_superuser", "auth_user"."username", "auth_user"."first_name", "auth_user"."last_name", "auth_user"."email", "auth_user"."is_staff", "auth_user"."is_active", "auth_user"."date_joined" FROM "auth_user" ORDER BY "auth_user"."username" ASC; args=(); alias=default
DEBUG 2025-06-13 00:50:10,565 utils (0.000) SELECT COUNT(*) AS "__count" FROM "fintrack_app_categorytotal"; args=(); alias=default
DEBUG 2025-06-13 00:50:10,571 utils (0.002) SELECT COUNT(*) AS "__count" FROM "fintrack_app_categorytotal"; args=(); alias=default
DEBUG 2025-06-13 00:50:10,584 utils (0.001) SELECT "fintrack_app_categorytotal"."id", "fintrack_app_categorytotal"."user_id", "fintrack_app_categorytotal"."category", "fintrack_app_categorytotal"."account_id", "fintrack_app_categorytotal"."transaction_type", "fintrack_app_categorytotal"."total_amount", "auth_user"."id", "auth_user"."password", "auth_user"."last_login", "auth_user"."is_superuser", "auth_user"."username", "auth_user"."first_name", "auth_user"."last_name", "auth_user"."email", "auth_user"."is_staff", "auth_user"."is_active", "auth_user"."date_joined", "account"."account_type", "account"."isWallet", "account"."id", "account"."isDefault", "account"."user_id", "account"."name", "account"."account_number", "account"."wallet_number", "account"."balance", "account"."createdAt", "account"."updatedAt", T4."id", T4."password", T4."last_login", T4."is_superuser", T4."username", T4."first_name", T4."last_name", T4."email", T4."is_staff", T4."is_active", T4."date_joined" FROM "fintrack_app_categorytotal" INNER JOIN "auth_user" ON ("fintrack_app_categorytotal"."user_id" = "auth_user"."id") INNER JOIN "account" ON ("fintrack_app_categorytotal"."account_id" = "account"."id") INNER JOIN "auth_user" T4 ON ("account"."user_id" = T4."id") ORDER BY "fintrack_app_categorytotal"."id" DESC; args=(); alias=default
DEBUG 2025-06-13 00:50:10,598 utils (0.000) SELECT DISTINCT "fintrack_app_categorytotal"."transaction_type" AS "transaction_type" FROM "fintrack_app_categorytotal" ORDER BY 1 ASC; args=(); alias=default
DEBUG 2025-06-13 00:50:10,656 utils (0.002) SELECT "django_session"."session_key", "django_session"."session_data", "django_session"."expire_date" FROM "django_session" WHERE ("django_session"."expire_date" > '2025-06-12 19:05:10.653869' AND "django_session"."session_key" = '0giby03swly5ru5w18zhj7eqbj7508xp') LIMIT 21; args=('2025-06-12 19:05:10.653869', '0giby03swly5ru5w18zhj7eqbj7508xp'); alias=default
DEBUG 2025-06-13 00:50:10,660 utils (0.000) SELECT "auth_user"."id", "auth_user"."password", "auth_user"."last_login", "auth_user"."is_superuser", "auth_user"."username", "auth_user"."first_name", "auth_user"."last_name", "auth_user"."email", "auth_user"."is_staff", "auth_user"."is_active", "auth_user"."date_joined" FROM "auth_user" WHERE "auth_user"."id" = 1 LIMIT 21; args=(1,); alias=default
DEBUG 2025-06-13 00:50:13,438 utils (0.001) SELECT "django_session"."session_key", "django_session"."session_data", "django_session"."expire_date" FROM "django_session" WHERE ("django_session"."expire_date" > '2025-06-12 19:05:13.435669' AND "django_session"."session_key" = '0giby03swly5ru5w18zhj7eqbj7508xp') LIMIT 21; args=('2025-06-12 19:05:13.435669', '0giby03swly5ru5w18zhj7eqbj7508xp'); alias=default
DEBUG 2025-06-13 00:50:13,443 utils (0.000) SELECT "auth_user"."id", "auth_user"."password", "auth_user"."last_login", "auth_user"."is_superuser", "auth_user"."username", "auth_user"."first_name", "auth_user"."last_name", "auth_user"."email", "auth_user"."is_staff", "auth_user"."is_active", "auth_user"."date_joined" FROM "auth_user" WHERE "auth_user"."id" = 1 LIMIT 21; args=(1,); alias=default
DEBUG 2025-06-13 00:50:13,464 utils (0.000) SELECT "auth_user"."id", "auth_user"."password", "auth_user"."last_login", "auth_user"."is_superuser", "auth_user"."username", "auth_user"."first_name", "auth_user"."last_name", "auth_user"."email", "auth_user"."is_staff", "auth_user"."is_active", "auth_user"."date_joined" FROM "auth_user" ORDER BY "auth_user"."username" ASC; args=(); alias=default
DEBUG 2025-06-13 00:50:13,471 utils (0.000) SELECT "account"."account_type", "account"."isWallet", "account"."id", "account"."isDefault", "account"."user_id", "account"."name", "account"."account_number", "account"."wallet_number", "account"."balance", "account"."createdAt", "account"."updatedAt" FROM "account" ORDER BY "account"."createdAt" DESC; args=(); alias=default
DEBUG 2025-06-13 00:50:13,534 utils (0.001) SELECT "django_session"."session_key", "django_session"."session_data", "django_session"."expire_date" FROM "django_session" WHERE ("django_session"."expire_date" > '2025-06-12 19:05:13.531087' AND "django_session"."session_key" = '0giby03swly5ru5w18zhj7eqbj7508xp') LIMIT 21; args=('2025-06-12 19:05:13.531087', '0giby03swly5ru5w18zhj7eqbj7508xp'); alias=default
DEBUG 2025-06-13 00:50:13,541 utils (0.000) SELECT "auth_user"."id", "auth_user"."password", "auth_user"."last_login", "auth_user"."is_superuser", "auth_user"."username", "auth_user"."first_name", "auth_user"."last_name", "auth_user"."email", "auth_user"."is_staff", "auth_user"."is_active", "auth_user"."date_joined" FROM "auth_user" WHERE "auth_user"."id" = 1 LIMIT 21; args=(1,); alias=default
DEBUG 2025-06-13 00:50:41,268 utils (0.002) SELECT "django_session"."session_key", "django_session"."session_data", "django_session"."expire_date" FROM "django_session" WHERE ("django_session"."expire_date" > '2025-06-12 19:05:41.262059' AND "django_session"."session_key" = '0giby03swly5ru5w18zhj7eqbj7508xp') LIMIT 21; args=('2025-06-12 19:05:41.262059', '0giby03swly5ru5w18zhj7eqbj7508xp'); alias=default
DEBUG 2025-06-13 00:50:41,273 utils (0.000) SELECT "auth_user"."id", "auth_user"."password", "auth_user"."last_login", "auth_user"."is_superuser", "auth_user"."username", "auth_user"."first_name", "auth_user"."last_name", "auth_user"."email", "auth_user"."is_staff", "auth_user"."is_active", "auth_user"."date_joined" FROM "auth_user" WHERE "auth_user"."id" = 1 LIMIT 21; args=(1,); alias=default
DEBUG 2025-06-13 00:50:41,278 utils (0.000) BEGIN; args=None; alias=default
DEBUG 2025-06-13 00:50:41,290 utils (0.000) SELECT "auth_user"."id", "auth_user"."password", "auth_user"."last_login", "auth_user"."is_superuser", "auth_user"."username", "auth_user"."first_name", "auth_user"."last_name", "auth_user"."email", "auth_user"."is_staff", "auth_user"."is_active", "auth_user"."date_joined" FROM "auth_user" WHERE "auth_user"."id" = 2 LIMIT 21; args=(2,); alias=default
DEBUG 2025-06-13 00:50:41,293 utils (0.000) SELECT "account"."account_type", "account"."isWallet", "account"."id", "account"."isDefault", "account"."user_id", "account"."name", "account"."account_number", "account"."wallet_number", "account"."balance", "account"."createdAt", "account"."updatedAt" FROM "account" WHERE "account"."id" = 4 LIMIT 21; args=(4,); alias=default
DEBUG 2025-06-13 00:50:41,295 utils (0.000) SELECT 1 AS "a" FROM "auth_user" WHERE "auth_user"."id" = 2 LIMIT 1; args=(1, 2); alias=default
DEBUG 2025-06-13 00:50:41,300 utils (0.000) SELECT 1 AS "a" FROM "account" WHERE "account"."id" = 4 LIMIT 1; args=(1, 4); alias=default
DEBUG 2025-06-13 00:50:41,303 utils (0.000) SELECT 1 AS "a" FROM "fintrack_app_categorytotal" WHERE ("fintrack_app_categorytotal"."account_id" = 4 AND "fintrack_app_categorytotal"."category" = 'food' AND "fintrack_app_categorytotal"."transaction_type" = 'EXPENSE' AND "fintrack_app_categorytotal"."user_id" = 2) LIMIT 1; args=(1, 4, 'food', 'EXPENSE', 2); alias=default
DEBUG 2025-06-13 00:50:41,316 utils (0.008) INSERT INTO "fintrack_app_categorytotal" ("user_id", "category", "account_id", "transaction_type", "total_amount") VALUES (2, 'food', 4, 'EXPENSE', '100') RETURNING "fintrack_app_categorytotal"."id"; args=(2, 'food', 4, 'EXPENSE', Decimal('100')); alias=default
DEBUG 2025-06-13 00:50:41,320 utils (0.000) INSERT INTO "django_admin_log" ("action_time", "user_id", "content_type_id", "object_id", "object_repr", "action_flag", "change_message") VALUES ('2025-06-12 19:05:41.318911', 1, 10, '1', 'food', 1, '[{"added": {}}]') RETURNING "django_admin_log"."id"; args=('2025-06-12 19:05:41.318911', 1, 10, '1', 'food', 1, '[{"added": {}}]'); alias=default
DEBUG 2025-06-13 00:50:41,332 utils (0.009) COMMIT; args=None; alias=default
DEBUG 2025-06-13 00:50:41,344 utils (0.001) SELECT "django_session"."session_key", "django_session"."session_data", "django_session"."expire_date" FROM "django_session" WHERE ("django_session"."expire_date" > '2025-06-12 19:05:41.342667' AND "django_session"."session_key" = '0giby03swly5ru5w18zhj7eqbj7508xp') LIMIT 21; args=('2025-06-12 19:05:41.342667', '0giby03swly5ru5w18zhj7eqbj7508xp'); alias=default
DEBUG 2025-06-13 00:50:41,348 utils (0.002) SELECT "auth_user"."id", "auth_user"."password", "auth_user"."last_login", "auth_user"."is_superuser", "auth_user"."username", "auth_user"."first_name", "auth_user"."last_name", "auth_user"."email", "auth_user"."is_staff", "auth_user"."is_active", "auth_user"."date_joined" FROM "auth_user" WHERE "auth_user"."id" = 1 LIMIT 21; args=(1,); alias=default
DEBUG 2025-06-13 00:50:41,352 utils (0.000) SELECT "auth_user"."id", "auth_user"."password", "auth_user"."last_login", "auth_user"."is_superuser", "auth_user"."username", "auth_user"."first_name", "auth_user"."last_name", "auth_user"."email", "auth_user"."is_staff", "auth_user"."is_active", "auth_user"."date_joined" FROM "auth_user" ORDER BY "auth_user"."username" ASC; args=(); alias=default
DEBUG 2025-06-13 00:50:41,357 utils (0.000) SELECT COUNT(*) AS "__count" FROM "fintrack_app_categorytotal"; args=(); alias=default
DEBUG 2025-06-13 00:50:41,358 utils (0.000) SELECT COUNT(*) AS "__count" FROM "fintrack_app_categorytotal"; args=(); alias=default
DEBUG 2025-06-13 00:50:41,362 utils (0.000) SELECT "fintrack_app_categorytotal"."id", "fintrack_app_categorytotal"."user_id", "fintrack_app_categorytotal"."category", "fintrack_app_categorytotal"."account_id", "fintrack_app_categorytotal"."transaction_type", "fintrack_app_categorytotal"."total_amount", "auth_user"."id", "auth_user"."password", "auth_user"."last_login", "auth_user"."is_superuser", "auth_user"."username", "auth_user"."first_name", "auth_user"."last_name", "auth_user"."email", "auth_user"."is_staff", "auth_user"."is_active", "auth_user"."date_joined", "account"."account_type", "account"."isWallet", "account"."id", "account"."isDefault", "account"."user_id", "account"."name", "account"."account_number", "account"."wallet_number", "account"."balance", "account"."createdAt", "account"."updatedAt", T4."id", T4."password", T4."last_login", T4."is_superuser", T4."username", T4."first_name", T4."last_name", T4."email", T4."is_staff", T4."is_active", T4."date_joined" FROM "fintrack_app_categorytotal" INNER JOIN "auth_user" ON ("fintrack_app_categorytotal"."user_id" = "auth_user"."id") INNER JOIN "account" ON ("fintrack_app_categorytotal"."account_id" = "account"."id") INNER JOIN "auth_user" T4 ON ("account"."user_id" = T4."id") ORDER BY "fintrack_app_categorytotal"."id" DESC; args=(); alias=default
DEBUG 2025-06-13 00:50:41,383 utils (0.000) SELECT DISTINCT "fintrack_app_categorytotal"."transaction_type" AS "transaction_type" FROM "fintrack_app_categorytotal" ORDER BY 1 ASC; args=(); alias=default
DEBUG 2025-06-13 00:50:41,443 utils (0.001) SELECT "django_session"."session_key", "django_session"."session_data", "django_session"."expire_date" FROM "django_session" WHERE ("django_session"."expire_date" > '2025-06-12 19:05:41.440879' AND "django_session"."session_key" = '0giby03swly5ru5w18zhj7eqbj7508xp') LIMIT 21; args=('2025-06-12 19:05:41.440879', '0giby03swly5ru5w18zhj7eqbj7508xp'); alias=default
DEBUG 2025-06-13 00:50:41,450 utils (0.000) SELECT "auth_user"."id", "auth_user"."password", "auth_user"."last_login", "auth_user"."is_superuser", "auth_user"."username", "auth_user"."first_name", "auth_user"."last_name", "auth_user"."email", "auth_user"."is_staff", "auth_user"."is_active", "auth_user"."date_joined" FROM "auth_user" WHERE "auth_user"."id" = 1 LIMIT 21; args=(1,); alias=default
DEBUG 2025-06-13 00:50:50,656 utils (0.001) SELECT "django_session"."session_key", "django_session"."session_data", "django_session"."expire_date" FROM "django_session" WHERE ("django_session"."expire_date" > '2025-06-12 19:05:50.653738' AND "django_session"."session_key" = '0giby03swly5ru5w18zhj7eqbj7508xp') LIMIT 21; args=('2025-06-12 19:05:50.653738', '0giby03swly5ru5w18zhj7eqbj7508xp'); alias=default
DEBUG 2025-06-13 00:50:50,663 utils (0.001) SELECT "auth_user"."id", "auth_user"."password", "auth_user"."last_login", "auth_user"."is_superuser", "auth_user"."username", "auth_user"."first_name", "auth_user"."last_name", "auth_user"."email", "auth_user"."is_staff", "auth_user"."is_active", "auth_user"."date_joined" FROM "auth_user" WHERE "auth_user"."id" = 1 LIMIT 21; args=(1,); alias=default
DEBUG 2025-06-13 00:50:50,694 utils (0.000) SELECT "auth_user"."id", "auth_user"."password", "auth_user"."last_login", "auth_user"."is_superuser", "auth_user"."username", "auth_user"."first_name", "auth_user"."last_name", "auth_user"."email", "auth_user"."is_staff", "auth_user"."is_active", "auth_user"."date_joined" FROM "auth_user" ORDER BY "auth_user"."username" ASC; args=(); alias=default
DEBUG 2025-06-13 00:50:50,705 utils (0.000) SELECT "account"."account_type", "account"."isWallet", "account"."id", "account"."isDefault", "account"."user_id", "account"."name", "account"."account_number", "account"."wallet_number", "account"."balance", "account"."createdAt", "account"."updatedAt" FROM "account" ORDER BY "account"."createdAt" DESC; args=(); alias=default
DEBUG 2025-06-13 00:50:50,767 utils (0.001) SELECT "django_session"."session_key", "django_session"."session_data", "django_session"."expire_date" FROM "django_session" WHERE ("django_session"."expire_date" > '2025-06-12 19:05:50.764679' AND "django_session"."session_key" = '0giby03swly5ru5w18zhj7eqbj7508xp') LIMIT 21; args=('2025-06-12 19:05:50.764679', '0giby03swly5ru5w18zhj7eqbj7508xp'); alias=default
DEBUG 2025-06-13 00:50:50,771 utils (0.000) SELECT "auth_user"."id", "auth_user"."password", "auth_user"."last_login", "auth_user"."is_superuser", "auth_user"."username", "auth_user"."first_name", "auth_user"."last_name", "auth_user"."email", "auth_user"."is_staff", "auth_user"."is_active", "auth_user"."date_joined" FROM "auth_user" WHERE "auth_user"."id" = 1 LIMIT 21; args=(1,); alias=default
DEBUG 2025-06-13 00:51:06,601 utils (0.002) SELECT "django_session"."session_key", "django_session"."session_data", "django_session"."expire_date" FROM "django_session" WHERE ("django_session"."expire_date" > '2025-06-12 19:06:06.597269' AND "django_session"."session_key" = '0giby03swly5ru5w18zhj7eqbj7508xp') LIMIT 21; args=('2025-06-12 19:06:06.597269', '0giby03swly5ru5w18zhj7eqbj7508xp'); alias=default
DEBUG 2025-06-13 00:51:06,605 utils (0.000) SELECT "auth_user"."id", "auth_user"."password", "auth_user"."last_login", "auth_user"."is_superuser", "auth_user"."username", "auth_user"."first_name", "auth_user"."last_name", "auth_user"."email", "auth_user"."is_staff", "auth_user"."is_active", "auth_user"."date_joined" FROM "auth_user" WHERE "auth_user"."id" = 1 LIMIT 21; args=(1,); alias=default
DEBUG 2025-06-13 00:51:06,611 utils (0.000) BEGIN; args=None; alias=default
DEBUG 2025-06-13 00:51:06,624 utils (0.000) SELECT "auth_user"."id", "auth_user"."password", "auth_user"."last_login", "auth_user"."is_superuser", "auth_user"."username", "auth_user"."first_name", "auth_user"."last_name", "auth_user"."email", "auth_user"."is_staff", "auth_user"."is_active", "auth_user"."date_joined" FROM "auth_user" WHERE "auth_user"."id" = 2 LIMIT 21; args=(2,); alias=default
DEBUG 2025-06-13 00:51:06,627 utils (0.000) SELECT "account"."account_type", "account"."isWallet", "account"."id", "account"."isDefault", "account"."user_id", "account"."name", "account"."account_number", "account"."wallet_number", "account"."balance", "account"."createdAt", "account"."updatedAt" FROM "account" WHERE "account"."id" = 4 LIMIT 21; args=(4,); alias=default
DEBUG 2025-06-13 00:51:06,636 utils (0.000) SELECT 1 AS "a" FROM "auth_user" WHERE "auth_user"."id" = 2 LIMIT 1; args=(1, 2); alias=default
DEBUG 2025-06-13 00:51:06,637 utils (0.000) SELECT 1 AS "a" FROM "account" WHERE "account"."id" = 4 LIMIT 1; args=(1, 4); alias=default
DEBUG 2025-06-13 00:51:06,638 utils (0.000) SELECT 1 AS "a" FROM "fintrack_app_categorytotal" WHERE ("fintrack_app_categorytotal"."account_id" = 4 AND "fintrack_app_categorytotal"."category" = 'food' AND "fintrack_app_categorytotal"."transaction_type" = 'EXPENSE' AND "fintrack_app_categorytotal"."user_id" = 2) LIMIT 1; args=(1, 4, 'food', 'EXPENSE', 2); alias=default
DEBUG 2025-06-13 00:51:06,643 utils (0.000) COMMIT; args=None; alias=default
DEBUG 2025-06-13 00:51:06,657 utils (0.000) SELECT "auth_user"."id", "auth_user"."password", "auth_user"."last_login", "auth_user"."is_superuser", "auth_user"."username", "auth_user"."first_name", "auth_user"."last_name", "auth_user"."email", "auth_user"."is_staff", "auth_user"."is_active", "auth_user"."date_joined" FROM "auth_user" ORDER BY "auth_user"."username" ASC; args=(); alias=default
DEBUG 2025-06-13 00:51:06,667 utils (0.000) SELECT "account"."account_type", "account"."isWallet", "account"."id", "account"."isDefault", "account"."user_id", "account"."name", "account"."account_number", "account"."wallet_number", "account"."balance", "account"."createdAt", "account"."updatedAt" FROM "account" ORDER BY "account"."createdAt" DESC; args=(); alias=default
DEBUG 2025-06-13 00:51:06,721 utils (0.001) SELECT "django_session"."session_key", "django_session"."session_data", "django_session"."expire_date" FROM "django_session" WHERE ("django_session"."expire_date" > '2025-06-12 19:06:06.719067' AND "django_session"."session_key" = '0giby03swly5ru5w18zhj7eqbj7508xp') LIMIT 21; args=('2025-06-12 19:06:06.719067', '0giby03swly5ru5w18zhj7eqbj7508xp'); alias=default
DEBUG 2025-06-13 00:51:06,725 utils (0.001) SELECT "auth_user"."id", "auth_user"."password", "auth_user"."last_login", "auth_user"."is_superuser", "auth_user"."username", "auth_user"."first_name", "auth_user"."last_name", "auth_user"."email", "auth_user"."is_staff", "auth_user"."is_active", "auth_user"."date_joined" FROM "auth_user" WHERE "auth_user"."id" = 1 LIMIT 21; args=(1,); alias=default
INFO 2025-06-13 00:52:22,901 autoreload E:\ESEWA-FINTRACK-FULLSTACK\fintrack_app\models\categorytotal.py changed, reloading.
INFO 2025-06-13 00:52:23,795 autoreload Watching for file changes with StatReloader
INFO 2025-06-13 00:52:25,771 autoreload E:\ESEWA-FINTRACK-FULLSTACK\fintrack_app\models\categorytotal.py changed, reloading.
INFO 2025-06-13 00:52:26,665 autoreload Watching for file changes with StatReloader
DEBUG 2025-06-13 00:52:27,738 utils (0.001) 
            SELECT name, type FROM sqlite_master
            WHERE type in ('table', 'view') AND NOT name='sqlite_sequence'
            ORDER BY name; args=None; alias=default
DEBUG 2025-06-13 00:52:27,750 utils (0.000) SELECT "django_migrations"."id", "django_migrations"."app", "django_migrations"."name", "django_migrations"."applied" FROM "django_migrations"; args=(); alias=default
DEBUG 2025-06-13 00:52:40,304 utils (0.001) 
            SELECT name, type FROM sqlite_master
            WHERE type in ('table', 'view') AND NOT name='sqlite_sequence'
            ORDER BY name; args=None; alias=default
DEBUG 2025-06-13 00:52:40,309 utils (0.000) SELECT "django_migrations"."id", "django_migrations"."app", "django_migrations"."name", "django_migrations"."applied" FROM "django_migrations"; args=(); alias=default
DEBUG 2025-06-13 00:52:43,745 utils (0.000) BEGIN; args=None; alias=default
DEBUG 2025-06-13 00:52:43,753 utils (0.007) SELECT JSON('{"a": "b"}'); args=None; alias=default
DEBUG 2025-06-13 00:52:43,754 utils (0.000) COMMIT; args=None; alias=default
DEBUG 2025-06-13 00:52:43,820 utils (0.001) 
            SELECT name, type FROM sqlite_master
            WHERE type in ('table', 'view') AND NOT name='sqlite_sequence'
            ORDER BY name; args=None; alias=default
DEBUG 2025-06-13 00:52:43,824 utils (0.000) SELECT "django_migrations"."id", "django_migrations"."app", "django_migrations"."name", "django_migrations"."applied" FROM "django_migrations"; args=(); alias=default
DEBUG 2025-06-13 00:52:43,826 utils (0.000) 
            SELECT name, type FROM sqlite_master
            WHERE type in ('table', 'view') AND NOT name='sqlite_sequence'
            ORDER BY name; args=None; alias=default
DEBUG 2025-06-13 00:52:43,829 utils (0.000) SELECT "django_migrations"."id", "django_migrations"."app", "django_migrations"."name", "django_migrations"."applied" FROM "django_migrations"; args=(); alias=default
DEBUG 2025-06-13 00:52:43,858 utils (0.000) 
            SELECT name, type FROM sqlite_master
            WHERE type in ('table', 'view') AND NOT name='sqlite_sequence'
            ORDER BY name; args=None; alias=default
DEBUG 2025-06-13 00:52:43,861 utils (0.000) PRAGMA foreign_keys = OFF; args=None; alias=default
DEBUG 2025-06-13 00:52:43,862 utils (0.000) PRAGMA foreign_keys; args=None; alias=default
DEBUG 2025-06-13 00:52:43,862 utils (0.000) BEGIN; args=None; alias=default
DEBUG 2025-06-13 00:52:43,878 utils (0.000) SELECT sql FROM sqlite_master WHERE type='table' and name='fintrack_app_categorytotal'; args=['fintrack_app_categorytotal']; alias=default
DEBUG 2025-06-13 00:52:43,879 utils (0.000) PRAGMA table_xinfo("fintrack_app_categorytotal"); args=None; alias=default
DEBUG 2025-06-13 00:52:43,880 utils (0.000) 
            SELECT sql
            FROM sqlite_master
            WHERE type = 'table' AND name = 'fintrack_app_categorytotal'
        ; args=['fintrack_app_categorytotal']; alias=default
DEBUG 2025-06-13 00:52:43,894 utils (0.001) 
                    SELECT sql
                    FROM sqlite_master
                    WHERE
                        type = 'table' AND
                        name = 'fintrack_app_categorytotal' AND
                        sql LIKE '%json_valid("id")%'
                ; args=['fintrack_app_categorytotal', '%json_valid("id")%']; alias=default
DEBUG 2025-06-13 00:52:43,897 utils (0.000) 
                    SELECT sql
                    FROM sqlite_master
                    WHERE
                        type = 'table' AND
                        name = 'fintrack_app_categorytotal' AND
                        sql LIKE '%json_valid("category")%'
                ; args=['fintrack_app_categorytotal', '%json_valid("category")%']; alias=default
DEBUG 2025-06-13 00:52:43,899 utils (0.000) 
                    SELECT sql
                    FROM sqlite_master
                    WHERE
                        type = 'table' AND
                        name = 'fintrack_app_categorytotal' AND
                        sql LIKE '%json_valid("transaction_type")%'
                ; args=['fintrack_app_categorytotal', '%json_valid("transaction_type")%']; alias=default
DEBUG 2025-06-13 00:52:43,901 utils (0.000) 
                    SELECT sql
                    FROM sqlite_master
                    WHERE
                        type = 'table' AND
                        name = 'fintrack_app_categorytotal' AND
                        sql LIKE '%json_valid("total_amount")%'
                ; args=['fintrack_app_categorytotal', '%json_valid("total_amount")%']; alias=default
DEBUG 2025-06-13 00:52:43,904 utils (0.000) 
                    SELECT sql
                    FROM sqlite_master
                    WHERE
                        type = 'table' AND
                        name = 'fintrack_app_categorytotal' AND
                        sql LIKE '%json_valid("account_id")%'
                ; args=['fintrack_app_categorytotal', '%json_valid("account_id")%']; alias=default
DEBUG 2025-06-13 00:52:43,909 utils (0.000) 
                    SELECT sql
                    FROM sqlite_master
                    WHERE
                        type = 'table' AND
                        name = 'fintrack_app_categorytotal' AND
                        sql LIKE '%json_valid("user_id")%'
                ; args=['fintrack_app_categorytotal', '%json_valid("user_id")%']; alias=default
DEBUG 2025-06-13 00:52:43,916 utils (0.001) PRAGMA index_list("fintrack_app_categorytotal"); args=None; alias=default
DEBUG 2025-06-13 00:52:43,917 utils (0.000) SELECT sql FROM sqlite_master WHERE type='index' AND name='fintrack_app_categorytotal_user_id_6961e1c1'; args=['fintrack_app_categorytotal_user_id_6961e1c1']; alias=default
DEBUG 2025-06-13 00:52:43,918 utils (0.000) PRAGMA index_info("fintrack_app_categorytotal_user_id_6961e1c1"); args=None; alias=default
DEBUG 2025-06-13 00:52:43,919 utils (0.000) SELECT sql FROM sqlite_master WHERE type='index' AND name='fintrack_app_categorytotal_account_id_2e5578f9'; args=['fintrack_app_categorytotal_account_id_2e5578f9']; alias=default
DEBUG 2025-06-13 00:52:43,920 utils (0.000) PRAGMA index_info("fintrack_app_categorytotal_account_id_2e5578f9"); args=None; alias=default
DEBUG 2025-06-13 00:52:43,923 utils (0.000) SELECT sql FROM sqlite_master WHERE type='index' AND name='fintrack_app_categorytotal_user_id_category_account_id_transaction_type_3b369036_uniq'; args=['fintrack_app_categorytotal_user_id_category_account_id_transaction_type_3b369036_uniq']; alias=default
DEBUG 2025-06-13 00:52:43,926 utils (0.000) PRAGMA index_info("fintrack_app_categorytotal_user_id_category_account_id_transaction_type_3b369036_uniq"); args=None; alias=default
DEBUG 2025-06-13 00:52:43,927 utils (0.000) PRAGMA table_info("fintrack_app_categorytotal"); args=None; alias=default
DEBUG 2025-06-13 00:52:43,928 utils (0.000) PRAGMA foreign_key_list("fintrack_app_categorytotal"); args=None; alias=default
DEBUG 2025-06-13 00:52:43,929 schema DROP INDEX "fintrack_app_categorytotal_user_id_category_account_id_transaction_type_3b369036_uniq"; (params ())
DEBUG 2025-06-13 00:52:43,932 utils (0.001) DROP INDEX "fintrack_app_categorytotal_user_id_category_account_id_transaction_type_3b369036_uniq"; args=(); alias=default
DEBUG 2025-06-13 00:52:43,933 utils (0.000) INSERT INTO "django_migrations" ("app", "name", "applied") VALUES ('fintrack_app', '0015_alter_categorytotal_unique_together', '2025-06-12 19:07:43.933397') RETURNING "django_migrations"."id"; args=('fintrack_app', '0015_alter_categorytotal_unique_together', '2025-06-12 19:07:43.933397'); alias=default
DEBUG 2025-06-13 00:52:43,935 utils (0.000) PRAGMA foreign_key_check; args=None; alias=default
DEBUG 2025-06-13 00:52:43,941 utils (0.006) COMMIT; args=None; alias=default
DEBUG 2025-06-13 00:52:43,942 utils (0.000) PRAGMA foreign_keys = ON; args=None; alias=default
DEBUG 2025-06-13 00:52:43,943 utils (0.000) SELECT "django_migrations"."id", "django_migrations"."app", "django_migrations"."name", "django_migrations"."applied" FROM "django_migrations"; args=(); alias=default
DEBUG 2025-06-13 00:52:43,961 utils (0.000) SELECT "django_content_type"."id", "django_content_type"."app_label", "django_content_type"."model" FROM "django_content_type" WHERE "django_content_type"."app_label" = 'admin'; args=('admin',); alias=default
DEBUG 2025-06-13 00:52:43,963 utils (0.000) SELECT "django_content_type"."id", "django_content_type"."app_label", "django_content_type"."model" FROM "django_content_type" WHERE ("django_content_type"."app_label" = 'admin' AND "django_content_type"."model" IN ('logentry')); args=('admin', 'logentry'); alias=default
DEBUG 2025-06-13 00:52:43,966 utils (0.000) SELECT "auth_permission"."content_type_id" AS "content_type", "auth_permission"."codename" AS "codename" FROM "auth_permission" INNER JOIN "django_content_type" ON ("auth_permission"."content_type_id" = "django_content_type"."id") WHERE "auth_permission"."content_type_id" IN (1) ORDER BY "django_content_type"."app_label" ASC, "django_content_type"."model" ASC, 2 ASC; args=(1,); alias=default
DEBUG 2025-06-13 00:52:43,968 utils (0.000) SELECT "django_content_type"."id", "django_content_type"."app_label", "django_content_type"."model" FROM "django_content_type" WHERE "django_content_type"."app_label" = 'admin'; args=('admin',); alias=default
DEBUG 2025-06-13 00:52:43,970 utils (0.000) SELECT "django_content_type"."id", "django_content_type"."app_label", "django_content_type"."model" FROM "django_content_type" WHERE "django_content_type"."app_label" = 'auth'; args=('auth',); alias=default
DEBUG 2025-06-13 00:52:43,973 utils (0.001) SELECT "django_content_type"."id", "django_content_type"."app_label", "django_content_type"."model" FROM "django_content_type" WHERE ("django_content_type"."app_label" = 'auth' AND "django_content_type"."model" IN ('permission', 'user', 'group')); args=('auth', 'permission', 'user', 'group'); alias=default
DEBUG 2025-06-13 00:52:43,976 utils (0.000) SELECT "auth_permission"."content_type_id" AS "content_type", "auth_permission"."codename" AS "codename" FROM "auth_permission" INNER JOIN "django_content_type" ON ("auth_permission"."content_type_id" = "django_content_type"."id") WHERE "auth_permission"."content_type_id" IN (2, 3, 4) ORDER BY "django_content_type"."app_label" ASC, "django_content_type"."model" ASC, 2 ASC; args=(2, 3, 4); alias=default
DEBUG 2025-06-13 00:52:43,981 utils (0.001) SELECT "django_content_type"."id", "django_content_type"."app_label", "django_content_type"."model" FROM "django_content_type" WHERE "django_content_type"."app_label" = 'auth'; args=('auth',); alias=default
DEBUG 2025-06-13 00:52:43,983 utils (0.000) SELECT "django_content_type"."id", "django_content_type"."app_label", "django_content_type"."model" FROM "django_content_type" WHERE "django_content_type"."app_label" = 'contenttypes'; args=('contenttypes',); alias=default
DEBUG 2025-06-13 00:52:43,984 utils (0.000) SELECT "django_content_type"."id", "django_content_type"."app_label", "django_content_type"."model" FROM "django_content_type" WHERE ("django_content_type"."app_label" = 'contenttypes' AND "django_content_type"."model" IN ('contenttype')); args=('contenttypes', 'contenttype'); alias=default
DEBUG 2025-06-13 00:52:43,986 utils (0.000) SELECT "auth_permission"."content_type_id" AS "content_type", "auth_permission"."codename" AS "codename" FROM "auth_permission" INNER JOIN "django_content_type" ON ("auth_permission"."content_type_id" = "django_content_type"."id") WHERE "auth_permission"."content_type_id" IN (5) ORDER BY "django_content_type"."app_label" ASC, "django_content_type"."model" ASC, 2 ASC; args=(5,); alias=default
DEBUG 2025-06-13 00:52:43,990 utils (0.000) SELECT "django_content_type"."id", "django_content_type"."app_label", "django_content_type"."model" FROM "django_content_type" WHERE "django_content_type"."app_label" = 'contenttypes'; args=('contenttypes',); alias=default
DEBUG 2025-06-13 00:52:43,992 utils (0.000) SELECT "django_content_type"."id", "django_content_type"."app_label", "django_content_type"."model" FROM "django_content_type" WHERE "django_content_type"."app_label" = 'sessions'; args=('sessions',); alias=default
DEBUG 2025-06-13 00:52:43,998 utils (0.000) SELECT "django_content_type"."id", "django_content_type"."app_label", "django_content_type"."model" FROM "django_content_type" WHERE ("django_content_type"."app_label" = 'sessions' AND "django_content_type"."model" IN ('session')); args=('sessions', 'session'); alias=default
DEBUG 2025-06-13 00:52:44,005 utils (0.000) SELECT "auth_permission"."content_type_id" AS "content_type", "auth_permission"."codename" AS "codename" FROM "auth_permission" INNER JOIN "django_content_type" ON ("auth_permission"."content_type_id" = "django_content_type"."id") WHERE "auth_permission"."content_type_id" IN (6) ORDER BY "django_content_type"."app_label" ASC, "django_content_type"."model" ASC, 2 ASC; args=(6,); alias=default
DEBUG 2025-06-13 00:52:44,008 utils (0.000) SELECT "django_content_type"."id", "django_content_type"."app_label", "django_content_type"."model" FROM "django_content_type" WHERE "django_content_type"."app_label" = 'sessions'; args=('sessions',); alias=default
DEBUG 2025-06-13 00:52:44,010 utils (0.000) SELECT "django_content_type"."id", "django_content_type"."app_label", "django_content_type"."model" FROM "django_content_type" WHERE "django_content_type"."app_label" = 'fintrack_app'; args=('fintrack_app',); alias=default
DEBUG 2025-06-13 00:52:44,015 utils (0.000) SELECT "django_content_type"."id", "django_content_type"."app_label", "django_content_type"."model" FROM "django_content_type" WHERE ("django_content_type"."app_label" = 'fintrack_app' AND "django_content_type"."model" IN ('budget', 'transaction', 'account', 'categorytotal')); args=('fintrack_app', 'budget', 'transaction', 'account', 'categorytotal'); alias=default
DEBUG 2025-06-13 00:52:44,017 utils (0.000) SELECT "auth_permission"."content_type_id" AS "content_type", "auth_permission"."codename" AS "codename" FROM "auth_permission" INNER JOIN "django_content_type" ON ("auth_permission"."content_type_id" = "django_content_type"."id") WHERE "auth_permission"."content_type_id" IN (8, 9, 10, 7) ORDER BY "django_content_type"."app_label" ASC, "django_content_type"."model" ASC, 2 ASC; args=(8, 9, 10, 7); alias=default
DEBUG 2025-06-13 00:52:44,020 utils (0.000) SELECT "django_content_type"."id", "django_content_type"."app_label", "django_content_type"."model" FROM "django_content_type" WHERE "django_content_type"."app_label" = 'fintrack_app'; args=('fintrack_app',); alias=default
DEBUG 2025-06-13 00:52:44,022 utils (0.000) SELECT "django_content_type"."id", "django_content_type"."app_label", "django_content_type"."model" FROM "django_content_type" WHERE "django_content_type"."app_label" = 'authtoken'; args=('authtoken',); alias=default
DEBUG 2025-06-13 00:52:44,025 utils (0.000) SELECT "django_content_type"."id", "django_content_type"."app_label", "django_content_type"."model" FROM "django_content_type" WHERE ("django_content_type"."app_label" = 'authtoken' AND "django_content_type"."model" IN ('tokenproxy', 'token')); args=('authtoken', 'tokenproxy', 'token'); alias=default
DEBUG 2025-06-13 00:52:44,031 utils (0.002) SELECT "auth_permission"."content_type_id" AS "content_type", "auth_permission"."codename" AS "codename" FROM "auth_permission" INNER JOIN "django_content_type" ON ("auth_permission"."content_type_id" = "django_content_type"."id") WHERE "auth_permission"."content_type_id" IN (11, 12) ORDER BY "django_content_type"."app_label" ASC, "django_content_type"."model" ASC, 2 ASC; args=(11, 12); alias=default
DEBUG 2025-06-13 00:52:44,034 utils (0.000) SELECT "django_content_type"."id", "django_content_type"."app_label", "django_content_type"."model" FROM "django_content_type" WHERE "django_content_type"."app_label" = 'authtoken'; args=('authtoken',); alias=default
DEBUG 2025-06-13 00:52:44,035 utils (0.000) SELECT "django_content_type"."id", "django_content_type"."app_label", "django_content_type"."model" FROM "django_content_type" WHERE "django_content_type"."app_label" = 'dj_rest_auth'; args=('dj_rest_auth',); alias=default
DEBUG 2025-06-13 00:52:44,038 utils (0.000) SELECT "django_content_type"."id", "django_content_type"."app_label", "django_content_type"."model" FROM "django_content_type" WHERE "django_content_type"."app_label" = 'dj_rest_auth'; args=('dj_rest_auth',); alias=default
DEBUG 2025-06-13 00:52:44,041 utils (0.000) SELECT "django_content_type"."id", "django_content_type"."app_label", "django_content_type"."model" FROM "django_content_type" WHERE "django_content_type"."app_label" = 'sites'; args=('sites',); alias=default
DEBUG 2025-06-13 00:52:44,043 utils (0.000) SELECT "django_content_type"."id", "django_content_type"."app_label", "django_content_type"."model" FROM "django_content_type" WHERE ("django_content_type"."app_label" = 'sites' AND "django_content_type"."model" IN ('site')); args=('sites', 'site'); alias=default
DEBUG 2025-06-13 00:52:44,048 utils (0.000) SELECT "auth_permission"."content_type_id" AS "content_type", "auth_permission"."codename" AS "codename" FROM "auth_permission" INNER JOIN "django_content_type" ON ("auth_permission"."content_type_id" = "django_content_type"."id") WHERE "auth_permission"."content_type_id" IN (13) ORDER BY "django_content_type"."app_label" ASC, "django_content_type"."model" ASC, 2 ASC; args=(13,); alias=default
DEBUG 2025-06-13 00:52:44,050 utils (0.000) SELECT "django_content_type"."id", "django_content_type"."app_label", "django_content_type"."model" FROM "django_content_type" WHERE "django_content_type"."app_label" = 'sites'; args=('sites',); alias=default
DEBUG 2025-06-13 00:52:44,052 utils (0.000) SELECT 1 AS "a" FROM "django_site" LIMIT 1; args=(1,); alias=default
DEBUG 2025-06-13 00:52:44,053 utils (0.000) SELECT "django_content_type"."id", "django_content_type"."app_label", "django_content_type"."model" FROM "django_content_type" WHERE "django_content_type"."app_label" = 'allauth'; args=('allauth',); alias=default
DEBUG 2025-06-13 00:52:44,057 utils (0.000) SELECT "django_content_type"."id", "django_content_type"."app_label", "django_content_type"."model" FROM "django_content_type" WHERE "django_content_type"."app_label" = 'allauth'; args=('allauth',); alias=default
DEBUG 2025-06-13 00:52:44,059 utils (0.000) SELECT "django_content_type"."id", "django_content_type"."app_label", "django_content_type"."model" FROM "django_content_type" WHERE "django_content_type"."app_label" = 'account'; args=('account',); alias=default
DEBUG 2025-06-13 00:52:44,065 utils (0.000) SELECT "django_content_type"."id", "django_content_type"."app_label", "django_content_type"."model" FROM "django_content_type" WHERE ("django_content_type"."app_label" = 'account' AND "django_content_type"."model" IN ('emailaddress', 'emailconfirmation')); args=('account', 'emailaddress', 'emailconfirmation'); alias=default
DEBUG 2025-06-13 00:52:44,066 utils (0.000) SELECT "auth_permission"."content_type_id" AS "content_type", "auth_permission"."codename" AS "codename" FROM "auth_permission" INNER JOIN "django_content_type" ON ("auth_permission"."content_type_id" = "django_content_type"."id") WHERE "auth_permission"."content_type_id" IN (14, 15) ORDER BY "django_content_type"."app_label" ASC, "django_content_type"."model" ASC, 2 ASC; args=(14, 15); alias=default
DEBUG 2025-06-13 00:52:44,068 utils (0.000) SELECT "django_content_type"."id", "django_content_type"."app_label", "django_content_type"."model" FROM "django_content_type" WHERE "django_content_type"."app_label" = 'account'; args=('account',); alias=default
DEBUG 2025-06-13 00:52:44,071 utils (0.000) SELECT "django_content_type"."id", "django_content_type"."app_label", "django_content_type"."model" FROM "django_content_type" WHERE "django_content_type"."app_label" = 'socialaccount'; args=('socialaccount',); alias=default
DEBUG 2025-06-13 00:52:44,074 utils (0.000) SELECT "django_content_type"."id", "django_content_type"."app_label", "django_content_type"."model" FROM "django_content_type" WHERE ("django_content_type"."app_label" = 'socialaccount' AND "django_content_type"."model" IN ('socialtoken', 'socialapp', 'socialaccount')); args=('socialaccount', 'socialtoken', 'socialapp', 'socialaccount'); alias=default
DEBUG 2025-06-13 00:52:44,076 utils (0.000) SELECT "auth_permission"."content_type_id" AS "content_type", "auth_permission"."codename" AS "codename" FROM "auth_permission" INNER JOIN "django_content_type" ON ("auth_permission"."content_type_id" = "django_content_type"."id") WHERE "auth_permission"."content_type_id" IN (16, 17, 18) ORDER BY "django_content_type"."app_label" ASC, "django_content_type"."model" ASC, 2 ASC; args=(16, 17, 18); alias=default
DEBUG 2025-06-13 00:52:44,083 utils (0.000) SELECT "django_content_type"."id", "django_content_type"."app_label", "django_content_type"."model" FROM "django_content_type" WHERE "django_content_type"."app_label" = 'socialaccount'; args=('socialaccount',); alias=default
INFO 2025-06-13 00:52:48,750 autoreload Watching for file changes with StatReloader
DEBUG 2025-06-13 00:52:49,515 utils (0.001) 
            SELECT name, type FROM sqlite_master
            WHERE type in ('table', 'view') AND NOT name='sqlite_sequence'
            ORDER BY name; args=None; alias=default
DEBUG 2025-06-13 00:52:49,519 utils (0.000) SELECT "django_migrations"."id", "django_migrations"."app", "django_migrations"."name", "django_migrations"."applied" FROM "django_migrations"; args=(); alias=default
DEBUG 2025-06-13 00:52:52,972 utils (0.003) SELECT "django_session"."session_key", "django_session"."session_data", "django_session"."expire_date" FROM "django_session" WHERE ("django_session"."expire_date" > '2025-06-12 19:07:52.967979' AND "django_session"."session_key" = '0giby03swly5ru5w18zhj7eqbj7508xp') LIMIT 21; args=('2025-06-12 19:07:52.967979', '0giby03swly5ru5w18zhj7eqbj7508xp'); alias=default
DEBUG 2025-06-13 00:52:52,977 utils (0.000) SELECT "auth_user"."id", "auth_user"."password", "auth_user"."last_login", "auth_user"."is_superuser", "auth_user"."username", "auth_user"."first_name", "auth_user"."last_name", "auth_user"."email", "auth_user"."is_staff", "auth_user"."is_active", "auth_user"."date_joined" FROM "auth_user" WHERE "auth_user"."id" = 1 LIMIT 21; args=(1,); alias=default
DEBUG 2025-06-13 00:52:52,978 utils (0.000) BEGIN; args=None; alias=default
DEBUG 2025-06-13 00:52:52,985 utils (0.001) SELECT "auth_user"."id", "auth_user"."password", "auth_user"."last_login", "auth_user"."is_superuser", "auth_user"."username", "auth_user"."first_name", "auth_user"."last_name", "auth_user"."email", "auth_user"."is_staff", "auth_user"."is_active", "auth_user"."date_joined" FROM "auth_user" WHERE "auth_user"."id" = 2 LIMIT 21; args=(2,); alias=default
DEBUG 2025-06-13 00:52:52,994 utils (0.000) SELECT "account"."account_type", "account"."isWallet", "account"."id", "account"."isDefault", "account"."user_id", "account"."name", "account"."account_number", "account"."wallet_number", "account"."balance", "account"."createdAt", "account"."updatedAt" FROM "account" WHERE "account"."id" = 4 LIMIT 21; args=(4,); alias=default
DEBUG 2025-06-13 00:52:52,996 utils (0.000) SELECT 1 AS "a" FROM "auth_user" WHERE "auth_user"."id" = 2 LIMIT 1; args=(1, 2); alias=default
DEBUG 2025-06-13 00:52:52,998 utils (0.000) SELECT 1 AS "a" FROM "account" WHERE "account"."id" = 4 LIMIT 1; args=(1, 4); alias=default
DEBUG 2025-06-13 00:52:53,000 utils (0.001) INSERT INTO "fintrack_app_categorytotal" ("user_id", "category", "account_id", "transaction_type", "total_amount") VALUES (2, 'food', 4, 'EXPENSE', '344') RETURNING "fintrack_app_categorytotal"."id"; args=(2, 'food', 4, 'EXPENSE', Decimal('344')); alias=default
DEBUG 2025-06-13 00:52:53,002 utils (0.000) SELECT "django_content_type"."id", "django_content_type"."app_label", "django_content_type"."model" FROM "django_content_type" WHERE ("django_content_type"."app_label" = 'fintrack_app' AND "django_content_type"."model" = 'categorytotal') LIMIT 21; args=('fintrack_app', 'categorytotal'); alias=default
DEBUG 2025-06-13 00:52:53,009 utils (0.001) INSERT INTO "django_admin_log" ("action_time", "user_id", "content_type_id", "object_id", "object_repr", "action_flag", "change_message") VALUES ('2025-06-12 19:07:53.006351', 1, 10, '2', 'food', 1, '[{"added": {}}]') RETURNING "django_admin_log"."id"; args=('2025-06-12 19:07:53.006351', 1, 10, '2', 'food', 1, '[{"added": {}}]'); alias=default
DEBUG 2025-06-13 00:52:53,050 utils (0.005) COMMIT; args=None; alias=default
DEBUG 2025-06-13 00:52:53,061 utils (0.001) SELECT "django_session"."session_key", "django_session"."session_data", "django_session"."expire_date" FROM "django_session" WHERE ("django_session"."expire_date" > '2025-06-12 19:07:53.060140' AND "django_session"."session_key" = '0giby03swly5ru5w18zhj7eqbj7508xp') LIMIT 21; args=('2025-06-12 19:07:53.060140', '0giby03swly5ru5w18zhj7eqbj7508xp'); alias=default
DEBUG 2025-06-13 00:52:53,064 utils (0.000) SELECT "auth_user"."id", "auth_user"."password", "auth_user"."last_login", "auth_user"."is_superuser", "auth_user"."username", "auth_user"."first_name", "auth_user"."last_name", "auth_user"."email", "auth_user"."is_staff", "auth_user"."is_active", "auth_user"."date_joined" FROM "auth_user" WHERE "auth_user"."id" = 1 LIMIT 21; args=(1,); alias=default
DEBUG 2025-06-13 00:52:53,067 utils (0.000) SELECT "auth_user"."id", "auth_user"."password", "auth_user"."last_login", "auth_user"."is_superuser", "auth_user"."username", "auth_user"."first_name", "auth_user"."last_name", "auth_user"."email", "auth_user"."is_staff", "auth_user"."is_active", "auth_user"."date_joined" FROM "auth_user" ORDER BY "auth_user"."username" ASC; args=(); alias=default
DEBUG 2025-06-13 00:52:53,069 utils (0.000) SELECT COUNT(*) AS "__count" FROM "fintrack_app_categorytotal"; args=(); alias=default
DEBUG 2025-06-13 00:52:53,071 utils (0.000) SELECT COUNT(*) AS "__count" FROM "fintrack_app_categorytotal"; args=(); alias=default
DEBUG 2025-06-13 00:52:53,085 utils (0.000) SELECT "fintrack_app_categorytotal"."id", "fintrack_app_categorytotal"."user_id", "fintrack_app_categorytotal"."category", "fintrack_app_categorytotal"."account_id", "fintrack_app_categorytotal"."transaction_type", "fintrack_app_categorytotal"."total_amount", "auth_user"."id", "auth_user"."password", "auth_user"."last_login", "auth_user"."is_superuser", "auth_user"."username", "auth_user"."first_name", "auth_user"."last_name", "auth_user"."email", "auth_user"."is_staff", "auth_user"."is_active", "auth_user"."date_joined", "account"."account_type", "account"."isWallet", "account"."id", "account"."isDefault", "account"."user_id", "account"."name", "account"."account_number", "account"."wallet_number", "account"."balance", "account"."createdAt", "account"."updatedAt", T4."id", T4."password", T4."last_login", T4."is_superuser", T4."username", T4."first_name", T4."last_name", T4."email", T4."is_staff", T4."is_active", T4."date_joined" FROM "fintrack_app_categorytotal" INNER JOIN "auth_user" ON ("fintrack_app_categorytotal"."user_id" = "auth_user"."id") INNER JOIN "account" ON ("fintrack_app_categorytotal"."account_id" = "account"."id") INNER JOIN "auth_user" T4 ON ("account"."user_id" = T4."id") ORDER BY "fintrack_app_categorytotal"."id" DESC; args=(); alias=default
DEBUG 2025-06-13 00:52:53,155 utils (0.000) SELECT DISTINCT "fintrack_app_categorytotal"."transaction_type" AS "transaction_type" FROM "fintrack_app_categorytotal" ORDER BY 1 ASC; args=(); alias=default
DEBUG 2025-06-13 00:52:53,220 utils (0.001) SELECT "django_session"."session_key", "django_session"."session_data", "django_session"."expire_date" FROM "django_session" WHERE ("django_session"."expire_date" > '2025-06-12 19:07:53.217918' AND "django_session"."session_key" = '0giby03swly5ru5w18zhj7eqbj7508xp') LIMIT 21; args=('2025-06-12 19:07:53.217918', '0giby03swly5ru5w18zhj7eqbj7508xp'); alias=default
DEBUG 2025-06-13 00:52:53,233 utils (0.000) SELECT "auth_user"."id", "auth_user"."password", "auth_user"."last_login", "auth_user"."is_superuser", "auth_user"."username", "auth_user"."first_name", "auth_user"."last_name", "auth_user"."email", "auth_user"."is_staff", "auth_user"."is_active", "auth_user"."date_joined" FROM "auth_user" WHERE "auth_user"."id" = 1 LIMIT 21; args=(1,); alias=default
DEBUG 2025-06-13 00:54:31,801 utils (0.001) SELECT "django_session"."session_key", "django_session"."session_data", "django_session"."expire_date" FROM "django_session" WHERE ("django_session"."expire_date" > '2025-06-12 19:09:31.795632' AND "django_session"."session_key" = '0giby03swly5ru5w18zhj7eqbj7508xp') LIMIT 21; args=('2025-06-12 19:09:31.795632', '0giby03swly5ru5w18zhj7eqbj7508xp'); alias=default
DEBUG 2025-06-13 00:54:31,805 utils (0.000) SELECT "auth_user"."id", "auth_user"."password", "auth_user"."last_login", "auth_user"."is_superuser", "auth_user"."username", "auth_user"."first_name", "auth_user"."last_name", "auth_user"."email", "auth_user"."is_staff", "auth_user"."is_active", "auth_user"."date_joined" FROM "auth_user" WHERE "auth_user"."id" = 1 LIMIT 21; args=(1,); alias=default
DEBUG 2025-06-13 00:54:31,811 utils (0.000) SELECT "django_session"."session_key", "django_session"."session_data", "django_session"."expire_date" FROM "django_session" WHERE "django_session"."session_key" = '0giby03swly5ru5w18zhj7eqbj7508xp' LIMIT 21; args=('0giby03swly5ru5w18zhj7eqbj7508xp',); alias=default
DEBUG 2025-06-13 00:54:31,837 utils (0.013) DELETE FROM "django_session" WHERE "django_session"."session_key" IN ('0giby03swly5ru5w18zhj7eqbj7508xp'); args=('0giby03swly5ru5w18zhj7eqbj7508xp',); alias=default
DEBUG 2025-06-13 00:54:31,883 utils (0.003) SELECT "fintrack_app_categorytotal"."id", "fintrack_app_categorytotal"."user_id", "fintrack_app_categorytotal"."category", "fintrack_app_categorytotal"."account_id", "fintrack_app_categorytotal"."transaction_type", "fintrack_app_categorytotal"."total_amount" FROM "fintrack_app_categorytotal" LIMIT 21; args=(); alias=default
DEBUG 2025-06-13 00:54:31,885 utils (0.000) SELECT "fintrack_app_categorytotal"."id", "fintrack_app_categorytotal"."user_id", "fintrack_app_categorytotal"."category", "fintrack_app_categorytotal"."account_id", "fintrack_app_categorytotal"."transaction_type", "fintrack_app_categorytotal"."total_amount" FROM "fintrack_app_categorytotal" LIMIT 21; args=(); alias=default
DEBUG 2025-06-13 00:54:31,887 utils (0.000) SELECT "fintrack_app_categorytotal"."id", "fintrack_app_categorytotal"."user_id", "fintrack_app_categorytotal"."category", "fintrack_app_categorytotal"."account_id", "fintrack_app_categorytotal"."transaction_type", "fintrack_app_categorytotal"."total_amount" FROM "fintrack_app_categorytotal" LIMIT 21; args=(); alias=default
DEBUG 2025-06-13 00:54:31,888 utils (0.000) SELECT "fintrack_app_categorytotal"."id", "fintrack_app_categorytotal"."user_id", "fintrack_app_categorytotal"."category", "fintrack_app_categorytotal"."account_id", "fintrack_app_categorytotal"."transaction_type", "fintrack_app_categorytotal"."total_amount" FROM "fintrack_app_categorytotal" LIMIT 21; args=(); alias=default
ERROR 2025-06-13 00:54:31,928 log Internal Server Error: /api/transactions/category-summary/
Traceback (most recent call last):
  File "E:\ESEWA-FINTRACK-FULLSTACK\myenv\Lib\site-packages\django\db\models\fields\__init__.py", line 2128, in get_prep_value
    return int(value)
  File "E:\ESEWA-FINTRACK-FULLSTACK\myenv\Lib\site-packages\django\contrib\auth\models.py", line 549, in __int__
    raise TypeError(
    ...<2 lines>...
    )
TypeError: Cannot cast AnonymousUser to int. Are you trying to use it in place of User?

The above exception was the direct cause of the following exception:

Traceback (most recent call last):
  File "E:\ESEWA-FINTRACK-FULLSTACK\myenv\Lib\site-packages\django\core\handlers\exception.py", line 55, in inner
    response = get_response(request)
  File "E:\ESEWA-FINTRACK-FULLSTACK\myenv\Lib\site-packages\django\core\handlers\base.py", line 197, in _get_response
    response = wrapped_callback(request, *callback_args, **callback_kwargs)
  File "E:\ESEWA-FINTRACK-FULLSTACK\myenv\Lib\site-packages\django\views\decorators\csrf.py", line 65, in _view_wrapper
    return view_func(request, *args, **kwargs)
  File "E:\ESEWA-FINTRACK-FULLSTACK\myenv\Lib\site-packages\django\views\generic\base.py", line 104, in view
    return self.dispatch(request, *args, **kwargs)
           ~~~~~~~~~~~~~^^^^^^^^^^^^^^^^^^^^^^^^^^
  File "E:\ESEWA-FINTRACK-FULLSTACK\myenv\Lib\site-packages\rest_framework\views.py", line 515, in dispatch
    response = self.handle_exception(exc)
  File "E:\ESEWA-FINTRACK-FULLSTACK\myenv\Lib\site-packages\rest_framework\views.py", line 475, in handle_exception
    self.raise_uncaught_exception(exc)
    ~~~~~~~~~~~~~~~~~~~~~~~~~~~~~^^^^^
  File "E:\ESEWA-FINTRACK-FULLSTACK\myenv\Lib\site-packages\rest_framework\views.py", line 486, in raise_uncaught_exception
    raise exc
  File "E:\ESEWA-FINTRACK-FULLSTACK\myenv\Lib\site-packages\rest_framework\views.py", line 512, in dispatch
    response = handler(request, *args, **kwargs)
  File "E:\ESEWA-FINTRACK-FULLSTACK\fintrack_app\views\categorySummary.py", line 146, in get
    totals = CategoryTotal.objects.filter(**filters).values('category', 'total_amount')
             ~~~~~~~~~~~~~~~~~~~~~~~~~~~~^^^^^^^^^^^
  File "E:\ESEWA-FINTRACK-FULLSTACK\myenv\Lib\site-packages\django\db\models\manager.py", line 87, in manager_method
    return getattr(self.get_queryset(), name)(*args, **kwargs)
           ~~~~~~~~~~~~~~~~~~~~~~~~~~~~~~~~~~^^^^^^^^^^^^^^^^^
  File "E:\ESEWA-FINTRACK-FULLSTACK\myenv\Lib\site-packages\django\db\models\query.py", line 1491, in filter
    return self._filter_or_exclude(False, args, kwargs)
           ~~~~~~~~~~~~~~~~~~~~~~~^^^^^^^^^^^^^^^^^^^^^
  File "E:\ESEWA-FINTRACK-FULLSTACK\myenv\Lib\site-packages\django\db\models\query.py", line 1509, in _filter_or_exclude
    clone._filter_or_exclude_inplace(negate, args, kwargs)
    ~~~~~~~~~~~~~~~~~~~~~~~~~~~~~~~~^^^^^^^^^^^^^^^^^^^^^^
  File "E:\ESEWA-FINTRACK-FULLSTACK\myenv\Lib\site-packages\django\db\models\query.py", line 1516, in _filter_or_exclude_inplace
    self._query.add_q(Q(*args, **kwargs))
    ~~~~~~~~~~~~~~~~~^^^^^^^^^^^^^^^^^^^^
  File "E:\ESEWA-FINTRACK-FULLSTACK\myenv\Lib\site-packages\django\db\models\sql\query.py", line 1643, in add_q
    clause, _ = self._add_q(q_object, can_reuse)
                ~~~~~~~~~~~^^^^^^^^^^^^^^^^^^^^^
  File "E:\ESEWA-FINTRACK-FULLSTACK\myenv\Lib\site-packages\django\db\models\sql\query.py", line 1675, in _add_q
    child_clause, needed_inner = self.build_filter(
                                 ~~~~~~~~~~~~~~~~~^
        child,
        ^^^^^^
    ...<7 lines>...
        update_join_types=update_join_types,
        ^^^^^^^^^^^^^^^^^^^^^^^^^^^^^^^^^^^^
    )
    ^
  File "E:\ESEWA-FINTRACK-FULLSTACK\myenv\Lib\site-packages\django\db\models\sql\query.py", line 1585, in build_filter
    condition = self.build_lookup(lookups, col, value)
  File "E:\ESEWA-FINTRACK-FULLSTACK\myenv\Lib\site-packages\django\db\models\sql\query.py", line 1412, in build_lookup
    lookup = lookup_class(lhs, rhs)
  File "E:\ESEWA-FINTRACK-FULLSTACK\myenv\Lib\site-packages\django\db\models\lookups.py", line 38, in __init__
    self.rhs = self.get_prep_lookup()
               ~~~~~~~~~~~~~~~~~~~~^^
  File "E:\ESEWA-FINTRACK-FULLSTACK\myenv\Lib\site-packages\django\db\models\fields\related_lookups.py", line 112, in get_prep_lookup
    self.rhs = target_field.get_prep_value(self.rhs)
               ~~~~~~~~~~~~~~~~~~~~~~~~~~~^^^^^^^^^^
  File "E:\ESEWA-FINTRACK-FULLSTACK\myenv\Lib\site-packages\django\db\models\fields\__init__.py", line 2130, in get_prep_value
    raise e.__class__(
        "Field '%s' expected a number but got %r." % (self.name, value),
    ) from e
TypeError: Field 'id' expected a number but got <django.contrib.auth.models.AnonymousUser object at 0x000002C8E093B610>.
DEBUG 2025-06-13 00:55:38,155 utils (0.001) SELECT "fintrack_app_categorytotal"."id", "fintrack_app_categorytotal"."user_id", "fintrack_app_categorytotal"."category", "fintrack_app_categorytotal"."account_id", "fintrack_app_categorytotal"."transaction_type", "fintrack_app_categorytotal"."total_amount" FROM "fintrack_app_categorytotal" LIMIT 21; args=(); alias=default
DEBUG 2025-06-13 00:55:38,157 utils (0.000) SELECT "fintrack_app_categorytotal"."id", "fintrack_app_categorytotal"."user_id", "fintrack_app_categorytotal"."category", "fintrack_app_categorytotal"."account_id", "fintrack_app_categorytotal"."transaction_type", "fintrack_app_categorytotal"."total_amount" FROM "fintrack_app_categorytotal" LIMIT 21; args=(); alias=default
DEBUG 2025-06-13 00:55:38,164 utils (0.000) SELECT "fintrack_app_categorytotal"."id", "fintrack_app_categorytotal"."user_id", "fintrack_app_categorytotal"."category", "fintrack_app_categorytotal"."account_id", "fintrack_app_categorytotal"."transaction_type", "fintrack_app_categorytotal"."total_amount" FROM "fintrack_app_categorytotal" LIMIT 21; args=(); alias=default
DEBUG 2025-06-13 00:55:38,167 utils (0.000) SELECT "fintrack_app_categorytotal"."id", "fintrack_app_categorytotal"."user_id", "fintrack_app_categorytotal"."category", "fintrack_app_categorytotal"."account_id", "fintrack_app_categorytotal"."transaction_type", "fintrack_app_categorytotal"."total_amount" FROM "fintrack_app_categorytotal" LIMIT 21; args=(); alias=default
ERROR 2025-06-13 00:55:38,218 log Internal Server Error: /api/transactions/category-summary/
Traceback (most recent call last):
  File "E:\ESEWA-FINTRACK-FULLSTACK\myenv\Lib\site-packages\django\db\models\fields\__init__.py", line 2128, in get_prep_value
    return int(value)
  File "E:\ESEWA-FINTRACK-FULLSTACK\myenv\Lib\site-packages\django\contrib\auth\models.py", line 549, in __int__
    raise TypeError(
    ...<2 lines>...
    )
TypeError: Cannot cast AnonymousUser to int. Are you trying to use it in place of User?

The above exception was the direct cause of the following exception:

Traceback (most recent call last):
  File "E:\ESEWA-FINTRACK-FULLSTACK\myenv\Lib\site-packages\django\core\handlers\exception.py", line 55, in inner
    response = get_response(request)
  File "E:\ESEWA-FINTRACK-FULLSTACK\myenv\Lib\site-packages\django\core\handlers\base.py", line 197, in _get_response
    response = wrapped_callback(request, *callback_args, **callback_kwargs)
  File "E:\ESEWA-FINTRACK-FULLSTACK\myenv\Lib\site-packages\django\views\decorators\csrf.py", line 65, in _view_wrapper
    return view_func(request, *args, **kwargs)
  File "E:\ESEWA-FINTRACK-FULLSTACK\myenv\Lib\site-packages\django\views\generic\base.py", line 104, in view
    return self.dispatch(request, *args, **kwargs)
           ~~~~~~~~~~~~~^^^^^^^^^^^^^^^^^^^^^^^^^^
  File "E:\ESEWA-FINTRACK-FULLSTACK\myenv\Lib\site-packages\rest_framework\views.py", line 515, in dispatch
    response = self.handle_exception(exc)
  File "E:\ESEWA-FINTRACK-FULLSTACK\myenv\Lib\site-packages\rest_framework\views.py", line 475, in handle_exception
    self.raise_uncaught_exception(exc)
    ~~~~~~~~~~~~~~~~~~~~~~~~~~~~~^^^^^
  File "E:\ESEWA-FINTRACK-FULLSTACK\myenv\Lib\site-packages\rest_framework\views.py", line 486, in raise_uncaught_exception
    raise exc
  File "E:\ESEWA-FINTRACK-FULLSTACK\myenv\Lib\site-packages\rest_framework\views.py", line 512, in dispatch
    response = handler(request, *args, **kwargs)
  File "E:\ESEWA-FINTRACK-FULLSTACK\fintrack_app\views\categorySummary.py", line 146, in get
    totals = CategoryTotal.objects.filter(**filters).values('category', 'total_amount')
             ~~~~~~~~~~~~~~~~~~~~~~~~~~~~^^^^^^^^^^^
  File "E:\ESEWA-FINTRACK-FULLSTACK\myenv\Lib\site-packages\django\db\models\manager.py", line 87, in manager_method
    return getattr(self.get_queryset(), name)(*args, **kwargs)
           ~~~~~~~~~~~~~~~~~~~~~~~~~~~~~~~~~~^^^^^^^^^^^^^^^^^
  File "E:\ESEWA-FINTRACK-FULLSTACK\myenv\Lib\site-packages\django\db\models\query.py", line 1491, in filter
    return self._filter_or_exclude(False, args, kwargs)
           ~~~~~~~~~~~~~~~~~~~~~~~^^^^^^^^^^^^^^^^^^^^^
  File "E:\ESEWA-FINTRACK-FULLSTACK\myenv\Lib\site-packages\django\db\models\query.py", line 1509, in _filter_or_exclude
    clone._filter_or_exclude_inplace(negate, args, kwargs)
    ~~~~~~~~~~~~~~~~~~~~~~~~~~~~~~~~^^^^^^^^^^^^^^^^^^^^^^
  File "E:\ESEWA-FINTRACK-FULLSTACK\myenv\Lib\site-packages\django\db\models\query.py", line 1516, in _filter_or_exclude_inplace
    self._query.add_q(Q(*args, **kwargs))
    ~~~~~~~~~~~~~~~~~^^^^^^^^^^^^^^^^^^^^
  File "E:\ESEWA-FINTRACK-FULLSTACK\myenv\Lib\site-packages\django\db\models\sql\query.py", line 1643, in add_q
    clause, _ = self._add_q(q_object, can_reuse)
                ~~~~~~~~~~~^^^^^^^^^^^^^^^^^^^^^
  File "E:\ESEWA-FINTRACK-FULLSTACK\myenv\Lib\site-packages\django\db\models\sql\query.py", line 1675, in _add_q
    child_clause, needed_inner = self.build_filter(
                                 ~~~~~~~~~~~~~~~~~^
        child,
        ^^^^^^
    ...<7 lines>...
        update_join_types=update_join_types,
        ^^^^^^^^^^^^^^^^^^^^^^^^^^^^^^^^^^^^
    )
    ^
  File "E:\ESEWA-FINTRACK-FULLSTACK\myenv\Lib\site-packages\django\db\models\sql\query.py", line 1585, in build_filter
    condition = self.build_lookup(lookups, col, value)
  File "E:\ESEWA-FINTRACK-FULLSTACK\myenv\Lib\site-packages\django\db\models\sql\query.py", line 1412, in build_lookup
    lookup = lookup_class(lhs, rhs)
  File "E:\ESEWA-FINTRACK-FULLSTACK\myenv\Lib\site-packages\django\db\models\lookups.py", line 38, in __init__
    self.rhs = self.get_prep_lookup()
               ~~~~~~~~~~~~~~~~~~~~^^
  File "E:\ESEWA-FINTRACK-FULLSTACK\myenv\Lib\site-packages\django\db\models\fields\related_lookups.py", line 112, in get_prep_lookup
    self.rhs = target_field.get_prep_value(self.rhs)
               ~~~~~~~~~~~~~~~~~~~~~~~~~~~^^^^^^^^^^
  File "E:\ESEWA-FINTRACK-FULLSTACK\myenv\Lib\site-packages\django\db\models\fields\__init__.py", line 2130, in get_prep_value
    raise e.__class__(
        "Field '%s' expected a number but got %r." % (self.name, value),
    ) from e
TypeError: Field 'id' expected a number but got <django.contrib.auth.models.AnonymousUser object at 0x000002C8E0B08E90>.
DEBUG 2025-06-13 00:55:42,597 utils (0.001) SELECT "auth_user"."id", "auth_user"."password", "auth_user"."last_login", "auth_user"."is_superuser", "auth_user"."username", "auth_user"."first_name", "auth_user"."last_name", "auth_user"."email", "auth_user"."is_staff", "auth_user"."is_active", "auth_user"."date_joined" FROM "auth_user" LIMIT 1000; args=(); alias=default
DEBUG 2025-06-13 00:55:42,636 utils (0.000) SELECT "account"."account_type", "account"."isWallet", "account"."id", "account"."isDefault", "account"."user_id", "account"."name", "account"."account_number", "account"."wallet_number", "account"."balance", "account"."createdAt", "account"."updatedAt" FROM "account" ORDER BY "account"."createdAt" DESC LIMIT 1000; args=(); alias=default
DEBUG 2025-06-13 00:55:44,491 utils (0.001) SELECT "django_site"."id", "django_site"."domain", "django_site"."name" FROM "django_site" WHERE "django_site"."id" = 1 LIMIT 21; args=(1,); alias=default
DEBUG 2025-06-13 00:55:56,522 utils (0.002) SELECT "auth_user"."id", "auth_user"."password", "auth_user"."last_login", "auth_user"."is_superuser", "auth_user"."username", "auth_user"."first_name", "auth_user"."last_name", "auth_user"."email", "auth_user"."is_staff", "auth_user"."is_active", "auth_user"."date_joined" FROM "auth_user" WHERE "auth_user"."username" = 'ayush' LIMIT 21; args=('ayush',); alias=default
DEBUG 2025-06-13 00:55:57,604 utils (0.000) SELECT 1 AS "a" FROM "django_session" WHERE "django_session"."session_key" = 'y9ltjw6goeaiiojkuq391raahvfd8mps' LIMIT 1; args=(1, 'y9ltjw6goeaiiojkuq391raahvfd8mps'); alias=default
DEBUG 2025-06-13 00:55:57,606 utils (0.000) BEGIN; args=None; alias=default
DEBUG 2025-06-13 00:55:57,614 utils (0.007) INSERT INTO "django_session" ("session_key", "session_data", "expire_date") VALUES ('y9ltjw6goeaiiojkuq391raahvfd8mps', 'e30:1uPnKD:HK6rOK-DKMRjQ-rGTi_l8wNS9TNV7hx2LVv5g1KwD3I', '2025-06-26 19:10:57.605865'); args=('y9ltjw6goeaiiojkuq391raahvfd8mps', 'e30:1uPnKD:HK6rOK-DKMRjQ-rGTi_l8wNS9TNV7hx2LVv5g1KwD3I', '2025-06-26 19:10:57.605865'); alias=default
DEBUG 2025-06-13 00:55:57,627 utils (0.011) COMMIT; args=None; alias=default
DEBUG 2025-06-13 00:55:57,637 utils (0.009) UPDATE "auth_user" SET "last_login" = '2025-06-12 19:10:57.628301' WHERE "auth_user"."id" = 2; args=('2025-06-12 19:10:57.628301', 2); alias=default
DEBUG 2025-06-13 00:55:57,640 utils (0.000) BEGIN; args=None; alias=default
DEBUG 2025-06-13 00:55:57,646 utils (0.001) UPDATE "django_session" SET "session_data" = '.eJxVjEEOwiAQRe_C2hBooYBL956BzDCDVA0kpV0Z765NutDtf-_9l4iwrSVunZc4kziLQZx-N4T04LoDukO9NZlaXZcZ5a7Ig3Z5bcTPy-H-HRTo5VvzyNrkYJnH4ID8QAoTeztlDuiRnPEUjOesjMtBTSYoyInJa0Kn7SjeHwO2OIs:1uPnKD:t0SEmEUr_QDgajO3BlA1HVeEuGevcDPKOoedYL-ZAhA', "expire_date" = '2025-06-26 19:10:57.640023' WHERE "django_session"."session_key" = 'y9ltjw6goeaiiojkuq391raahvfd8mps'; args=('.eJxVjEEOwiAQRe_C2hBooYBL956BzDCDVA0kpV0Z765NutDtf-_9l4iwrSVunZc4kziLQZx-N4T04LoDukO9NZlaXZcZ5a7Ig3Z5bcTPy-H-HRTo5VvzyNrkYJnH4ID8QAoTeztlDuiRnPEUjOesjMtBTSYoyInJa0Kn7SjeHwO2OIs:1uPnKD:t0SEmEUr_QDgajO3BlA1HVeEuGevcDPKOoedYL-ZAhA', '2025-06-26 19:10:57.640023', 'y9ltjw6goeaiiojkuq391raahvfd8mps'); alias=default
DEBUG 2025-06-13 00:55:57,663 utils (0.010) COMMIT; args=None; alias=default
DEBUG 2025-06-13 00:55:57,673 utils (0.001) SELECT "django_session"."session_key", "django_session"."session_data", "django_session"."expire_date" FROM "django_session" WHERE ("django_session"."expire_date" > '2025-06-12 19:10:57.671580' AND "django_session"."session_key" = 'y9ltjw6goeaiiojkuq391raahvfd8mps') LIMIT 21; args=('2025-06-12 19:10:57.671580', 'y9ltjw6goeaiiojkuq391raahvfd8mps'); alias=default
DEBUG 2025-06-13 00:55:57,679 utils (0.000) SELECT "auth_user"."id", "auth_user"."password", "auth_user"."last_login", "auth_user"."is_superuser", "auth_user"."username", "auth_user"."first_name", "auth_user"."last_name", "auth_user"."email", "auth_user"."is_staff", "auth_user"."is_active", "auth_user"."date_joined" FROM "auth_user" WHERE "auth_user"."id" = 2 LIMIT 21; args=(2,); alias=default
DEBUG 2025-06-13 00:55:57,685 utils (0.000) SELECT "transaction"."id", "transaction"."user_id", "transaction"."transaction_type", "transaction"."account_id", "transaction"."amount", "transaction"."description", "transaction"."date", "transaction"."category", "transaction"."receiptUrl", "transaction"."isRecurring", "transaction"."recurringInterval", "transaction"."nextRecurringDate", "transaction"."lastProcessedDate", "transaction"."createdAt" FROM "transaction" WHERE "transaction"."user_id" = 2 ORDER BY "transaction"."date" DESC; args=(2,); alias=default
DEBUG 2025-06-13 00:55:57,694 utils (0.000) SELECT "auth_user"."id", "auth_user"."password", "auth_user"."last_login", "auth_user"."is_superuser", "auth_user"."username", "auth_user"."first_name", "auth_user"."last_name", "auth_user"."email", "auth_user"."is_staff", "auth_user"."is_active", "auth_user"."date_joined" FROM "auth_user" LIMIT 1000; args=(); alias=default
DEBUG 2025-06-13 00:55:57,699 utils (0.000) SELECT "account"."account_type", "account"."isWallet", "account"."id", "account"."isDefault", "account"."user_id", "account"."name", "account"."account_number", "account"."wallet_number", "account"."balance", "account"."createdAt", "account"."updatedAt" FROM "account" ORDER BY "account"."createdAt" DESC LIMIT 1000; args=(); alias=default
DEBUG 2025-06-13 00:56:03,746 utils (0.001) SELECT "django_session"."session_key", "django_session"."session_data", "django_session"."expire_date" FROM "django_session" WHERE ("django_session"."expire_date" > '2025-06-12 19:11:03.744194' AND "django_session"."session_key" = 'y9ltjw6goeaiiojkuq391raahvfd8mps') LIMIT 21; args=('2025-06-12 19:11:03.744194', 'y9ltjw6goeaiiojkuq391raahvfd8mps'); alias=default
DEBUG 2025-06-13 00:56:03,763 utils (0.000) SELECT "auth_user"."id", "auth_user"."password", "auth_user"."last_login", "auth_user"."is_superuser", "auth_user"."username", "auth_user"."first_name", "auth_user"."last_name", "auth_user"."email", "auth_user"."is_staff", "auth_user"."is_active", "auth_user"."date_joined" FROM "auth_user" WHERE "auth_user"."id" = 2 LIMIT 21; args=(2,); alias=default
DEBUG 2025-06-13 00:56:03,775 utils (0.001) SELECT "fintrack_app_categorytotal"."category" AS "category", "fintrack_app_categorytotal"."total_amount" AS "total_amount" FROM "fintrack_app_categorytotal" WHERE ("fintrack_app_categorytotal"."transaction_type" = 'Ex' AND "fintrack_app_categorytotal"."user_id" = 2); args=('Ex', 2); alias=default
DEBUG 2025-06-13 00:56:11,535 utils (0.001) SELECT "django_session"."session_key", "django_session"."session_data", "django_session"."expire_date" FROM "django_session" WHERE ("django_session"."expire_date" > '2025-06-12 19:11:11.532416' AND "django_session"."session_key" = 'y9ltjw6goeaiiojkuq391raahvfd8mps') LIMIT 21; args=('2025-06-12 19:11:11.532416', 'y9ltjw6goeaiiojkuq391raahvfd8mps'); alias=default
DEBUG 2025-06-13 00:56:11,538 utils (0.000) SELECT "auth_user"."id", "auth_user"."password", "auth_user"."last_login", "auth_user"."is_superuser", "auth_user"."username", "auth_user"."first_name", "auth_user"."last_name", "auth_user"."email", "auth_user"."is_staff", "auth_user"."is_active", "auth_user"."date_joined" FROM "auth_user" WHERE "auth_user"."id" = 2 LIMIT 21; args=(2,); alias=default
DEBUG 2025-06-13 00:56:11,546 utils (0.000) SELECT "fintrack_app_categorytotal"."category" AS "category", "fintrack_app_categorytotal"."total_amount" AS "total_amount" FROM "fintrack_app_categorytotal" WHERE ("fintrack_app_categorytotal"."transaction_type" = 'Expense' AND "fintrack_app_categorytotal"."user_id" = 2); args=('Expense', 2); alias=default
DEBUG 2025-06-13 00:56:18,073 utils (0.002) SELECT "django_session"."session_key", "django_session"."session_data", "django_session"."expire_date" FROM "django_session" WHERE ("django_session"."expire_date" > '2025-06-12 19:11:18.069471' AND "django_session"."session_key" = 'y9ltjw6goeaiiojkuq391raahvfd8mps') LIMIT 21; args=('2025-06-12 19:11:18.069471', 'y9ltjw6goeaiiojkuq391raahvfd8mps'); alias=default
DEBUG 2025-06-13 00:56:18,079 utils (0.001) SELECT "auth_user"."id", "auth_user"."password", "auth_user"."last_login", "auth_user"."is_superuser", "auth_user"."username", "auth_user"."first_name", "auth_user"."last_name", "auth_user"."email", "auth_user"."is_staff", "auth_user"."is_active", "auth_user"."date_joined" FROM "auth_user" WHERE "auth_user"."id" = 2 LIMIT 21; args=(2,); alias=default
DEBUG 2025-06-13 00:56:18,092 utils (0.002) SELECT "fintrack_app_categorytotal"."category" AS "category", "fintrack_app_categorytotal"."total_amount" AS "total_amount" FROM "fintrack_app_categorytotal" WHERE ("fintrack_app_categorytotal"."transaction_type" = 'Expense' AND "fintrack_app_categorytotal"."user_id" = 2); args=('Expense', 2); alias=default
DEBUG 2025-06-13 00:57:01,809 utils (0.002) SELECT "django_session"."session_key", "django_session"."session_data", "django_session"."expire_date" FROM "django_session" WHERE ("django_session"."expire_date" > '2025-06-12 19:12:01.805879' AND "django_session"."session_key" = 'y9ltjw6goeaiiojkuq391raahvfd8mps') LIMIT 21; args=('2025-06-12 19:12:01.805879', 'y9ltjw6goeaiiojkuq391raahvfd8mps'); alias=default
DEBUG 2025-06-13 00:57:01,815 utils (0.000) SELECT "auth_user"."id", "auth_user"."password", "auth_user"."last_login", "auth_user"."is_superuser", "auth_user"."username", "auth_user"."first_name", "auth_user"."last_name", "auth_user"."email", "auth_user"."is_staff", "auth_user"."is_active", "auth_user"."date_joined" FROM "auth_user" WHERE "auth_user"."id" = 2 LIMIT 21; args=(2,); alias=default
DEBUG 2025-06-13 00:57:01,835 utils (0.001) SELECT "django_session"."session_key", "django_session"."session_data", "django_session"."expire_date" FROM "django_session" WHERE ("django_session"."expire_date" > '2025-06-12 19:12:01.832163' AND "django_session"."session_key" = 'y9ltjw6goeaiiojkuq391raahvfd8mps') LIMIT 21; args=('2025-06-12 19:12:01.832163', 'y9ltjw6goeaiiojkuq391raahvfd8mps'); alias=default
DEBUG 2025-06-13 00:57:01,844 utils (0.000) SELECT "auth_user"."id", "auth_user"."password", "auth_user"."last_login", "auth_user"."is_superuser", "auth_user"."username", "auth_user"."first_name", "auth_user"."last_name", "auth_user"."email", "auth_user"."is_staff", "auth_user"."is_active", "auth_user"."date_joined" FROM "auth_user" WHERE "auth_user"."id" = 2 LIMIT 21; args=(2,); alias=default
DEBUG 2025-06-13 00:57:01,849 utils (0.000) SELECT "django_content_type"."app_label" AS "content_type__app_label", "auth_permission"."codename" AS "codename" FROM "auth_permission" INNER JOIN "auth_user_user_permissions" ON ("auth_permission"."id" = "auth_user_user_permissions"."permission_id") INNER JOIN "django_content_type" ON ("auth_permission"."content_type_id" = "django_content_type"."id") WHERE "auth_user_user_permissions"."user_id" = 2; args=(2,); alias=default
DEBUG 2025-06-13 00:57:01,856 utils (0.000) SELECT "django_content_type"."app_label" AS "content_type__app_label", "auth_permission"."codename" AS "codename" FROM "auth_permission" INNER JOIN "auth_group_permissions" ON ("auth_permission"."id" = "auth_group_permissions"."permission_id") INNER JOIN "django_content_type" ON ("auth_permission"."content_type_id" = "django_content_type"."id") WHERE "auth_group_permissions"."group_id" IN (SELECT U0."id" FROM "auth_group" U0 INNER JOIN "auth_user_groups" U1 ON (U0."id" = U1."group_id") WHERE U1."user_id" = 2); args=(2,); alias=default
DEBUG 2025-06-13 00:57:09,748 utils (0.001) SELECT "django_session"."session_key", "django_session"."session_data", "django_session"."expire_date" FROM "django_session" WHERE ("django_session"."expire_date" > '2025-06-12 19:12:09.746239' AND "django_session"."session_key" = 'y9ltjw6goeaiiojkuq391raahvfd8mps') LIMIT 21; args=('2025-06-12 19:12:09.746239', 'y9ltjw6goeaiiojkuq391raahvfd8mps'); alias=default
DEBUG 2025-06-13 00:57:09,750 utils (0.000) SELECT "auth_user"."id", "auth_user"."password", "auth_user"."last_login", "auth_user"."is_superuser", "auth_user"."username", "auth_user"."first_name", "auth_user"."last_name", "auth_user"."email", "auth_user"."is_staff", "auth_user"."is_active", "auth_user"."date_joined" FROM "auth_user" WHERE "auth_user"."id" = 2 LIMIT 21; args=(2,); alias=default
DEBUG 2025-06-13 00:57:09,752 utils (0.000) SELECT "django_content_type"."app_label" AS "content_type__app_label", "auth_permission"."codename" AS "codename" FROM "auth_permission" INNER JOIN "auth_user_user_permissions" ON ("auth_permission"."id" = "auth_user_user_permissions"."permission_id") INNER JOIN "django_content_type" ON ("auth_permission"."content_type_id" = "django_content_type"."id") WHERE "auth_user_user_permissions"."user_id" = 2; args=(2,); alias=default
DEBUG 2025-06-13 00:57:09,756 utils (0.001) SELECT "django_content_type"."app_label" AS "content_type__app_label", "auth_permission"."codename" AS "codename" FROM "auth_permission" INNER JOIN "auth_group_permissions" ON ("auth_permission"."id" = "auth_group_permissions"."permission_id") INNER JOIN "django_content_type" ON ("auth_permission"."content_type_id" = "django_content_type"."id") WHERE "auth_group_permissions"."group_id" IN (SELECT U0."id" FROM "auth_group" U0 INNER JOIN "auth_user_groups" U1 ON (U0."id" = U1."group_id") WHERE U1."user_id" = 2); args=(2,); alias=default
DEBUG 2025-06-13 00:57:09,764 utils (0.000) SELECT "auth_user"."id", "auth_user"."password", "auth_user"."last_login", "auth_user"."is_superuser", "auth_user"."username", "auth_user"."first_name", "auth_user"."last_name", "auth_user"."email", "auth_user"."is_staff", "auth_user"."is_active", "auth_user"."date_joined" FROM "auth_user" WHERE "auth_user"."username" = 'admin' LIMIT 21; args=('admin',); alias=default
DEBUG 2025-06-13 00:57:10,852 utils (0.000) SELECT "django_session"."session_key", "django_session"."session_data", "django_session"."expire_date" FROM "django_session" WHERE "django_session"."session_key" = 'y9ltjw6goeaiiojkuq391raahvfd8mps' LIMIT 21; args=('y9ltjw6goeaiiojkuq391raahvfd8mps',); alias=default
DEBUG 2025-06-13 00:57:10,867 utils (0.013) DELETE FROM "django_session" WHERE "django_session"."session_key" IN ('y9ltjw6goeaiiojkuq391raahvfd8mps'); args=('y9ltjw6goeaiiojkuq391raahvfd8mps',); alias=default
DEBUG 2025-06-13 00:57:10,876 utils (0.007) UPDATE "auth_user" SET "last_login" = '2025-06-12 19:12:10.869006' WHERE "auth_user"."id" = 1; args=('2025-06-12 19:12:10.869006', 1); alias=default
DEBUG 2025-06-13 00:57:10,878 utils (0.000) SELECT 1 AS "a" FROM "django_session" WHERE "django_session"."session_key" = 'gofvlkegepuc97zx6c9s4hifuosa71tp' LIMIT 1; args=(1, 'gofvlkegepuc97zx6c9s4hifuosa71tp'); alias=default
DEBUG 2025-06-13 00:57:10,879 utils (0.000) BEGIN; args=None; alias=default
DEBUG 2025-06-13 00:57:10,881 utils (0.001) INSERT INTO "django_session" ("session_key", "session_data", "expire_date") VALUES ('gofvlkegepuc97zx6c9s4hifuosa71tp', '.eJxVjEEOwiAQRe_C2hAYBlpcuvcMBJipVA0kpV0Z765NutDtf-_9lwhxW0vYOi9hJnEWWpx-txTzg-sO6B7rrcnc6rrMSe6KPGiX10b8vBzu30GJvXxrUCM5zDgoZDs5Pym27CyNPqPK5FmDs5wiDRB1tkiAxoBjYDA2JRTvD9dmN54:1uPnLO:IzpZObqKvsGihihf6RyYKWxpYuHi1bjZIqfqpoydZK0', '2025-06-26 19:12:10.879247'); args=('gofvlkegepuc97zx6c9s4hifuosa71tp', '.eJxVjEEOwiAQRe_C2hAYBlpcuvcMBJipVA0kpV0Z765NutDtf-_9lwhxW0vYOi9hJnEWWpx-txTzg-sO6B7rrcnc6rrMSe6KPGiX10b8vBzu30GJvXxrUCM5zDgoZDs5Pym27CyNPqPK5FmDs5wiDRB1tkiAxoBjYDA2JRTvD9dmN54:1uPnLO:IzpZObqKvsGihihf6RyYKWxpYuHi1bjZIqfqpoydZK0', '2025-06-26 19:12:10.879247'); alias=default
DEBUG 2025-06-13 00:57:10,890 utils (0.007) COMMIT; args=None; alias=default
DEBUG 2025-06-13 00:57:10,901 utils (0.001) SELECT "django_session"."session_key", "django_session"."session_data", "django_session"."expire_date" FROM "django_session" WHERE ("django_session"."expire_date" > '2025-06-12 19:12:10.899577' AND "django_session"."session_key" = 'gofvlkegepuc97zx6c9s4hifuosa71tp') LIMIT 21; args=('2025-06-12 19:12:10.899577', 'gofvlkegepuc97zx6c9s4hifuosa71tp'); alias=default
DEBUG 2025-06-13 00:57:10,907 utils (0.000) SELECT "auth_user"."id", "auth_user"."password", "auth_user"."last_login", "auth_user"."is_superuser", "auth_user"."username", "auth_user"."first_name", "auth_user"."last_name", "auth_user"."email", "auth_user"."is_staff", "auth_user"."is_active", "auth_user"."date_joined" FROM "auth_user" WHERE "auth_user"."id" = 1 LIMIT 21; args=(1,); alias=default
DEBUG 2025-06-13 00:57:10,911 utils (0.000) SELECT "fintrack_app_categorytotal"."id", "fintrack_app_categorytotal"."user_id", "fintrack_app_categorytotal"."category", "fintrack_app_categorytotal"."account_id", "fintrack_app_categorytotal"."transaction_type", "fintrack_app_categorytotal"."total_amount" FROM "fintrack_app_categorytotal" WHERE "fintrack_app_categorytotal"."id" = 2 LIMIT 21; args=(2,); alias=default
DEBUG 2025-06-13 00:57:10,932 utils (0.000) SELECT "auth_user"."id", "auth_user"."password", "auth_user"."last_login", "auth_user"."is_superuser", "auth_user"."username", "auth_user"."first_name", "auth_user"."last_name", "auth_user"."email", "auth_user"."is_staff", "auth_user"."is_active", "auth_user"."date_joined" FROM "auth_user" ORDER BY "auth_user"."username" ASC; args=(); alias=default
DEBUG 2025-06-13 00:57:10,943 utils (0.000) SELECT "account"."account_type", "account"."isWallet", "account"."id", "account"."isDefault", "account"."user_id", "account"."name", "account"."account_number", "account"."wallet_number", "account"."balance", "account"."createdAt", "account"."updatedAt" FROM "account" ORDER BY "account"."createdAt" DESC; args=(); alias=default
DEBUG 2025-06-13 00:57:11,033 utils (0.001) SELECT "django_session"."session_key", "django_session"."session_data", "django_session"."expire_date" FROM "django_session" WHERE ("django_session"."expire_date" > '2025-06-12 19:12:11.030699' AND "django_session"."session_key" = 'gofvlkegepuc97zx6c9s4hifuosa71tp') LIMIT 21; args=('2025-06-12 19:12:11.030699', 'gofvlkegepuc97zx6c9s4hifuosa71tp'); alias=default
DEBUG 2025-06-13 00:57:11,045 utils (0.000) SELECT "auth_user"."id", "auth_user"."password", "auth_user"."last_login", "auth_user"."is_superuser", "auth_user"."username", "auth_user"."first_name", "auth_user"."last_name", "auth_user"."email", "auth_user"."is_staff", "auth_user"."is_active", "auth_user"."date_joined" FROM "auth_user" WHERE "auth_user"."id" = 1 LIMIT 21; args=(1,); alias=default
DEBUG 2025-06-13 00:57:21,725 utils (0.001) SELECT "django_session"."session_key", "django_session"."session_data", "django_session"."expire_date" FROM "django_session" WHERE ("django_session"."expire_date" > '2025-06-12 19:12:21.722560' AND "django_session"."session_key" = 'gofvlkegepuc97zx6c9s4hifuosa71tp') LIMIT 21; args=('2025-06-12 19:12:21.722560', 'gofvlkegepuc97zx6c9s4hifuosa71tp'); alias=default
DEBUG 2025-06-13 00:57:21,729 utils (0.000) SELECT "auth_user"."id", "auth_user"."password", "auth_user"."last_login", "auth_user"."is_superuser", "auth_user"."username", "auth_user"."first_name", "auth_user"."last_name", "auth_user"."email", "auth_user"."is_staff", "auth_user"."is_active", "auth_user"."date_joined" FROM "auth_user" WHERE "auth_user"."id" = 1 LIMIT 21; args=(1,); alias=default
DEBUG 2025-06-13 00:57:21,735 utils (0.000) BEGIN; args=None; alias=default
DEBUG 2025-06-13 00:57:21,744 utils (0.006) SELECT "fintrack_app_categorytotal"."id", "fintrack_app_categorytotal"."user_id", "fintrack_app_categorytotal"."category", "fintrack_app_categorytotal"."account_id", "fintrack_app_categorytotal"."transaction_type", "fintrack_app_categorytotal"."total_amount" FROM "fintrack_app_categorytotal" WHERE "fintrack_app_categorytotal"."id" = 2 LIMIT 21; args=(2,); alias=default
DEBUG 2025-06-13 00:57:21,756 utils (0.000) SELECT "auth_user"."id", "auth_user"."password", "auth_user"."last_login", "auth_user"."is_superuser", "auth_user"."username", "auth_user"."first_name", "auth_user"."last_name", "auth_user"."email", "auth_user"."is_staff", "auth_user"."is_active", "auth_user"."date_joined" FROM "auth_user" WHERE "auth_user"."id" = 2 LIMIT 21; args=(2,); alias=default
DEBUG 2025-06-13 00:57:21,758 utils (0.000) SELECT "account"."account_type", "account"."isWallet", "account"."id", "account"."isDefault", "account"."user_id", "account"."name", "account"."account_number", "account"."wallet_number", "account"."balance", "account"."createdAt", "account"."updatedAt" FROM "account" WHERE "account"."id" = 4 LIMIT 21; args=(4,); alias=default
DEBUG 2025-06-13 00:57:21,760 utils (0.000) SELECT 1 AS "a" FROM "auth_user" WHERE "auth_user"."id" = 2 LIMIT 1; args=(1, 2); alias=default
DEBUG 2025-06-13 00:57:21,762 utils (0.000) SELECT 1 AS "a" FROM "account" WHERE "account"."id" = 4 LIMIT 1; args=(1, 4); alias=default
DEBUG 2025-06-13 00:57:21,764 utils (0.001) UPDATE "fintrack_app_categorytotal" SET "user_id" = 2, "category" = 'food', "account_id" = 4, "transaction_type" = 'EXPENSE', "total_amount" = '444.00' WHERE "fintrack_app_categorytotal"."id" = 2; args=(2, 'food', 4, 'EXPENSE', Decimal('444.00'), 2); alias=default
DEBUG 2025-06-13 00:57:21,766 utils (0.000) INSERT INTO "django_admin_log" ("action_time", "user_id", "content_type_id", "object_id", "object_repr", "action_flag", "change_message") VALUES ('2025-06-12 19:12:21.766104', 1, 10, '2', 'food', 2, '[{"changed": {"fields": ["Total amount"]}}]') RETURNING "django_admin_log"."id"; args=('2025-06-12 19:12:21.766104', 1, 10, '2', 'food', 2, '[{"changed": {"fields": ["Total amount"]}}]'); alias=default
DEBUG 2025-06-13 00:57:21,783 utils (0.009) COMMIT; args=None; alias=default
DEBUG 2025-06-13 00:57:21,797 utils (0.001) SELECT "django_session"."session_key", "django_session"."session_data", "django_session"."expire_date" FROM "django_session" WHERE ("django_session"."expire_date" > '2025-06-12 19:12:21.795266' AND "django_session"."session_key" = 'gofvlkegepuc97zx6c9s4hifuosa71tp') LIMIT 21; args=('2025-06-12 19:12:21.795266', 'gofvlkegepuc97zx6c9s4hifuosa71tp'); alias=default
DEBUG 2025-06-13 00:57:21,799 utils (0.000) SELECT "auth_user"."id", "auth_user"."password", "auth_user"."last_login", "auth_user"."is_superuser", "auth_user"."username", "auth_user"."first_name", "auth_user"."last_name", "auth_user"."email", "auth_user"."is_staff", "auth_user"."is_active", "auth_user"."date_joined" FROM "auth_user" WHERE "auth_user"."id" = 1 LIMIT 21; args=(1,); alias=default
DEBUG 2025-06-13 00:57:21,804 utils (0.001) SELECT "auth_user"."id", "auth_user"."password", "auth_user"."last_login", "auth_user"."is_superuser", "auth_user"."username", "auth_user"."first_name", "auth_user"."last_name", "auth_user"."email", "auth_user"."is_staff", "auth_user"."is_active", "auth_user"."date_joined" FROM "auth_user" ORDER BY "auth_user"."username" ASC; args=(); alias=default
DEBUG 2025-06-13 00:57:21,810 utils (0.000) SELECT COUNT(*) AS "__count" FROM "fintrack_app_categorytotal"; args=(); alias=default
DEBUG 2025-06-13 00:57:21,811 utils (0.000) SELECT COUNT(*) AS "__count" FROM "fintrack_app_categorytotal"; args=(); alias=default
DEBUG 2025-06-13 00:57:21,816 utils (0.000) SELECT "fintrack_app_categorytotal"."id", "fintrack_app_categorytotal"."user_id", "fintrack_app_categorytotal"."category", "fintrack_app_categorytotal"."account_id", "fintrack_app_categorytotal"."transaction_type", "fintrack_app_categorytotal"."total_amount", "auth_user"."id", "auth_user"."password", "auth_user"."last_login", "auth_user"."is_superuser", "auth_user"."username", "auth_user"."first_name", "auth_user"."last_name", "auth_user"."email", "auth_user"."is_staff", "auth_user"."is_active", "auth_user"."date_joined", "account"."account_type", "account"."isWallet", "account"."id", "account"."isDefault", "account"."user_id", "account"."name", "account"."account_number", "account"."wallet_number", "account"."balance", "account"."createdAt", "account"."updatedAt", T4."id", T4."password", T4."last_login", T4."is_superuser", T4."username", T4."first_name", T4."last_name", T4."email", T4."is_staff", T4."is_active", T4."date_joined" FROM "fintrack_app_categorytotal" INNER JOIN "auth_user" ON ("fintrack_app_categorytotal"."user_id" = "auth_user"."id") INNER JOIN "account" ON ("fintrack_app_categorytotal"."account_id" = "account"."id") INNER JOIN "auth_user" T4 ON ("account"."user_id" = T4."id") ORDER BY "fintrack_app_categorytotal"."id" DESC; args=(); alias=default
DEBUG 2025-06-13 00:57:21,834 utils (0.001) SELECT DISTINCT "fintrack_app_categorytotal"."transaction_type" AS "transaction_type" FROM "fintrack_app_categorytotal" ORDER BY 1 ASC; args=(); alias=default
DEBUG 2025-06-13 00:57:21,902 utils (0.003) SELECT "django_session"."session_key", "django_session"."session_data", "django_session"."expire_date" FROM "django_session" WHERE ("django_session"."expire_date" > '2025-06-12 19:12:21.897941' AND "django_session"."session_key" = 'gofvlkegepuc97zx6c9s4hifuosa71tp') LIMIT 21; args=('2025-06-12 19:12:21.897941', 'gofvlkegepuc97zx6c9s4hifuosa71tp'); alias=default
DEBUG 2025-06-13 00:57:21,908 utils (0.000) SELECT "auth_user"."id", "auth_user"."password", "auth_user"."last_login", "auth_user"."is_superuser", "auth_user"."username", "auth_user"."first_name", "auth_user"."last_name", "auth_user"."email", "auth_user"."is_staff", "auth_user"."is_active", "auth_user"."date_joined" FROM "auth_user" WHERE "auth_user"."id" = 1 LIMIT 21; args=(1,); alias=default
DEBUG 2025-06-13 00:57:30,223 utils (0.001) SELECT "django_session"."session_key", "django_session"."session_data", "django_session"."expire_date" FROM "django_session" WHERE ("django_session"."expire_date" > '2025-06-12 19:12:30.221004' AND "django_session"."session_key" = 'gofvlkegepuc97zx6c9s4hifuosa71tp') LIMIT 21; args=('2025-06-12 19:12:30.221004', 'gofvlkegepuc97zx6c9s4hifuosa71tp'); alias=default
DEBUG 2025-06-13 00:57:30,226 utils (0.000) SELECT "auth_user"."id", "auth_user"."password", "auth_user"."last_login", "auth_user"."is_superuser", "auth_user"."username", "auth_user"."first_name", "auth_user"."last_name", "auth_user"."email", "auth_user"."is_staff", "auth_user"."is_active", "auth_user"."date_joined" FROM "auth_user" WHERE "auth_user"."id" = 1 LIMIT 21; args=(1,); alias=default
DEBUG 2025-06-13 00:57:30,229 utils (0.000) SELECT COUNT(*) AS "__count" FROM "transaction"; args=(); alias=default
DEBUG 2025-06-13 00:57:30,232 utils (0.000) SELECT COUNT(*) AS "__count" FROM "transaction"; args=(); alias=default
DEBUG 2025-06-13 00:57:30,247 utils (0.001) SELECT "transaction"."id", "transaction"."user_id", "transaction"."transaction_type", "transaction"."account_id", "transaction"."amount", "transaction"."description", "transaction"."date", "transaction"."category", "transaction"."receiptUrl", "transaction"."isRecurring", "transaction"."recurringInterval", "transaction"."nextRecurringDate", "transaction"."lastProcessedDate", "transaction"."createdAt", "auth_user"."id", "auth_user"."password", "auth_user"."last_login", "auth_user"."is_superuser", "auth_user"."username", "auth_user"."first_name", "auth_user"."last_name", "auth_user"."email", "auth_user"."is_staff", "auth_user"."is_active", "auth_user"."date_joined", "account"."account_type", "account"."isWallet", "account"."id", "account"."isDefault", "account"."user_id", "account"."name", "account"."account_number", "account"."wallet_number", "account"."balance", "account"."createdAt", "account"."updatedAt", T4."id", T4."password", T4."last_login", T4."is_superuser", T4."username", T4."first_name", T4."last_name", T4."email", T4."is_staff", T4."is_active", T4."date_joined" FROM "transaction" INNER JOIN "auth_user" ON ("transaction"."user_id" = "auth_user"."id") INNER JOIN "account" ON ("transaction"."account_id" = "account"."id") INNER JOIN "auth_user" T4 ON ("account"."user_id" = T4."id") ORDER BY "transaction"."date" DESC, "transaction"."id" DESC; args=(); alias=default
DEBUG 2025-06-13 00:57:30,342 utils (0.001) SELECT "django_session"."session_key", "django_session"."session_data", "django_session"."expire_date" FROM "django_session" WHERE ("django_session"."expire_date" > '2025-06-12 19:12:30.339554' AND "django_session"."session_key" = 'gofvlkegepuc97zx6c9s4hifuosa71tp') LIMIT 21; args=('2025-06-12 19:12:30.339554', 'gofvlkegepuc97zx6c9s4hifuosa71tp'); alias=default
DEBUG 2025-06-13 00:57:30,345 utils (0.000) SELECT "auth_user"."id", "auth_user"."password", "auth_user"."last_login", "auth_user"."is_superuser", "auth_user"."username", "auth_user"."first_name", "auth_user"."last_name", "auth_user"."email", "auth_user"."is_staff", "auth_user"."is_active", "auth_user"."date_joined" FROM "auth_user" WHERE "auth_user"."id" = 1 LIMIT 21; args=(1,); alias=default
DEBUG 2025-06-13 00:57:35,218 utils (0.002) SELECT "django_session"."session_key", "django_session"."session_data", "django_session"."expire_date" FROM "django_session" WHERE ("django_session"."expire_date" > '2025-06-12 19:12:35.215146' AND "django_session"."session_key" = 'gofvlkegepuc97zx6c9s4hifuosa71tp') LIMIT 21; args=('2025-06-12 19:12:35.215146', 'gofvlkegepuc97zx6c9s4hifuosa71tp'); alias=default
DEBUG 2025-06-13 00:57:35,220 utils (0.000) SELECT "auth_user"."id", "auth_user"."password", "auth_user"."last_login", "auth_user"."is_superuser", "auth_user"."username", "auth_user"."first_name", "auth_user"."last_name", "auth_user"."email", "auth_user"."is_staff", "auth_user"."is_active", "auth_user"."date_joined" FROM "auth_user" WHERE "auth_user"."id" = 1 LIMIT 21; args=(1,); alias=default
DEBUG 2025-06-13 00:57:35,223 utils (0.000) SELECT "auth_user"."id", "auth_user"."password", "auth_user"."last_login", "auth_user"."is_superuser", "auth_user"."username", "auth_user"."first_name", "auth_user"."last_name", "auth_user"."email", "auth_user"."is_staff", "auth_user"."is_active", "auth_user"."date_joined" FROM "auth_user" ORDER BY "auth_user"."username" ASC; args=(); alias=default
DEBUG 2025-06-13 00:57:35,227 utils (0.000) SELECT COUNT(*) AS "__count" FROM "fintrack_app_categorytotal"; args=(); alias=default
DEBUG 2025-06-13 00:57:35,229 utils (0.000) SELECT COUNT(*) AS "__count" FROM "fintrack_app_categorytotal"; args=(); alias=default
DEBUG 2025-06-13 00:57:35,248 utils (0.001) SELECT "fintrack_app_categorytotal"."id", "fintrack_app_categorytotal"."user_id", "fintrack_app_categorytotal"."category", "fintrack_app_categorytotal"."account_id", "fintrack_app_categorytotal"."transaction_type", "fintrack_app_categorytotal"."total_amount", "auth_user"."id", "auth_user"."password", "auth_user"."last_login", "auth_user"."is_superuser", "auth_user"."username", "auth_user"."first_name", "auth_user"."last_name", "auth_user"."email", "auth_user"."is_staff", "auth_user"."is_active", "auth_user"."date_joined", "account"."account_type", "account"."isWallet", "account"."id", "account"."isDefault", "account"."user_id", "account"."name", "account"."account_number", "account"."wallet_number", "account"."balance", "account"."createdAt", "account"."updatedAt", T4."id", T4."password", T4."last_login", T4."is_superuser", T4."username", T4."first_name", T4."last_name", T4."email", T4."is_staff", T4."is_active", T4."date_joined" FROM "fintrack_app_categorytotal" INNER JOIN "auth_user" ON ("fintrack_app_categorytotal"."user_id" = "auth_user"."id") INNER JOIN "account" ON ("fintrack_app_categorytotal"."account_id" = "account"."id") INNER JOIN "auth_user" T4 ON ("account"."user_id" = T4."id") ORDER BY "fintrack_app_categorytotal"."id" DESC; args=(); alias=default
DEBUG 2025-06-13 00:57:35,282 utils (0.000) SELECT DISTINCT "fintrack_app_categorytotal"."transaction_type" AS "transaction_type" FROM "fintrack_app_categorytotal" ORDER BY 1 ASC; args=(); alias=default
DEBUG 2025-06-13 00:57:35,339 utils (0.001) SELECT "django_session"."session_key", "django_session"."session_data", "django_session"."expire_date" FROM "django_session" WHERE ("django_session"."expire_date" > '2025-06-12 19:12:35.336693' AND "django_session"."session_key" = 'gofvlkegepuc97zx6c9s4hifuosa71tp') LIMIT 21; args=('2025-06-12 19:12:35.336693', 'gofvlkegepuc97zx6c9s4hifuosa71tp'); alias=default
DEBUG 2025-06-13 00:57:35,343 utils (0.000) SELECT "auth_user"."id", "auth_user"."password", "auth_user"."last_login", "auth_user"."is_superuser", "auth_user"."username", "auth_user"."first_name", "auth_user"."last_name", "auth_user"."email", "auth_user"."is_staff", "auth_user"."is_active", "auth_user"."date_joined" FROM "auth_user" WHERE "auth_user"."id" = 1 LIMIT 21; args=(1,); alias=default
DEBUG 2025-06-13 00:57:40,006 utils (0.001) SELECT "django_session"."session_key", "django_session"."session_data", "django_session"."expire_date" FROM "django_session" WHERE ("django_session"."expire_date" > '2025-06-12 19:12:40.003170' AND "django_session"."session_key" = 'gofvlkegepuc97zx6c9s4hifuosa71tp') LIMIT 21; args=('2025-06-12 19:12:40.003170', 'gofvlkegepuc97zx6c9s4hifuosa71tp'); alias=default
DEBUG 2025-06-13 00:57:40,011 utils (0.001) SELECT "auth_user"."id", "auth_user"."password", "auth_user"."last_login", "auth_user"."is_superuser", "auth_user"."username", "auth_user"."first_name", "auth_user"."last_name", "auth_user"."email", "auth_user"."is_staff", "auth_user"."is_active", "auth_user"."date_joined" FROM "auth_user" WHERE "auth_user"."id" = 1 LIMIT 21; args=(1,); alias=default
DEBUG 2025-06-13 00:57:40,021 utils (0.000) SELECT COUNT(*) AS "__count" FROM "transaction"; args=(); alias=default
DEBUG 2025-06-13 00:57:40,029 utils (0.000) SELECT COUNT(*) AS "__count" FROM "transaction"; args=(); alias=default
DEBUG 2025-06-13 00:57:40,040 utils (0.001) SELECT "transaction"."id", "transaction"."user_id", "transaction"."transaction_type", "transaction"."account_id", "transaction"."amount", "transaction"."description", "transaction"."date", "transaction"."category", "transaction"."receiptUrl", "transaction"."isRecurring", "transaction"."recurringInterval", "transaction"."nextRecurringDate", "transaction"."lastProcessedDate", "transaction"."createdAt", "auth_user"."id", "auth_user"."password", "auth_user"."last_login", "auth_user"."is_superuser", "auth_user"."username", "auth_user"."first_name", "auth_user"."last_name", "auth_user"."email", "auth_user"."is_staff", "auth_user"."is_active", "auth_user"."date_joined", "account"."account_type", "account"."isWallet", "account"."id", "account"."isDefault", "account"."user_id", "account"."name", "account"."account_number", "account"."wallet_number", "account"."balance", "account"."createdAt", "account"."updatedAt", T4."id", T4."password", T4."last_login", T4."is_superuser", T4."username", T4."first_name", T4."last_name", T4."email", T4."is_staff", T4."is_active", T4."date_joined" FROM "transaction" INNER JOIN "auth_user" ON ("transaction"."user_id" = "auth_user"."id") INNER JOIN "account" ON ("transaction"."account_id" = "account"."id") INNER JOIN "auth_user" T4 ON ("account"."user_id" = T4."id") ORDER BY "transaction"."date" DESC, "transaction"."id" DESC; args=(); alias=default
DEBUG 2025-06-13 00:57:40,124 utils (0.001) SELECT "django_session"."session_key", "django_session"."session_data", "django_session"."expire_date" FROM "django_session" WHERE ("django_session"."expire_date" > '2025-06-12 19:12:40.121923' AND "django_session"."session_key" = 'gofvlkegepuc97zx6c9s4hifuosa71tp') LIMIT 21; args=('2025-06-12 19:12:40.121923', 'gofvlkegepuc97zx6c9s4hifuosa71tp'); alias=default
DEBUG 2025-06-13 00:57:40,127 utils (0.000) SELECT "auth_user"."id", "auth_user"."password", "auth_user"."last_login", "auth_user"."is_superuser", "auth_user"."username", "auth_user"."first_name", "auth_user"."last_name", "auth_user"."email", "auth_user"."is_staff", "auth_user"."is_active", "auth_user"."date_joined" FROM "auth_user" WHERE "auth_user"."id" = 1 LIMIT 21; args=(1,); alias=default
DEBUG 2025-06-13 00:57:45,404 utils (0.001) SELECT "django_session"."session_key", "django_session"."session_data", "django_session"."expire_date" FROM "django_session" WHERE ("django_session"."expire_date" > '2025-06-12 19:12:45.402329' AND "django_session"."session_key" = 'gofvlkegepuc97zx6c9s4hifuosa71tp') LIMIT 21; args=('2025-06-12 19:12:45.402329', 'gofvlkegepuc97zx6c9s4hifuosa71tp'); alias=default
DEBUG 2025-06-13 00:57:45,408 utils (0.000) SELECT "auth_user"."id", "auth_user"."password", "auth_user"."last_login", "auth_user"."is_superuser", "auth_user"."username", "auth_user"."first_name", "auth_user"."last_name", "auth_user"."email", "auth_user"."is_staff", "auth_user"."is_active", "auth_user"."date_joined" FROM "auth_user" WHERE "auth_user"."id" = 1 LIMIT 21; args=(1,); alias=default
DEBUG 2025-06-13 00:57:45,412 utils (0.000) SELECT "transaction"."id", "transaction"."user_id", "transaction"."transaction_type", "transaction"."account_id", "transaction"."amount", "transaction"."description", "transaction"."date", "transaction"."category", "transaction"."receiptUrl", "transaction"."isRecurring", "transaction"."recurringInterval", "transaction"."nextRecurringDate", "transaction"."lastProcessedDate", "transaction"."createdAt" FROM "transaction" WHERE "transaction"."id" = 5 LIMIT 21; args=(5,); alias=default
DEBUG 2025-06-13 00:57:45,431 utils (0.000) SELECT "django_content_type"."id", "django_content_type"."app_label", "django_content_type"."model" FROM "django_content_type" WHERE ("django_content_type"."app_label" = 'fintrack_app' AND "django_content_type"."model" = 'transaction') LIMIT 21; args=('fintrack_app', 'transaction'); alias=default
DEBUG 2025-06-13 00:57:45,443 utils (0.000) SELECT "auth_user"."id", "auth_user"."password", "auth_user"."last_login", "auth_user"."is_superuser", "auth_user"."username", "auth_user"."first_name", "auth_user"."last_name", "auth_user"."email", "auth_user"."is_staff", "auth_user"."is_active", "auth_user"."date_joined" FROM "auth_user" ORDER BY "auth_user"."username" ASC; args=(); alias=default
DEBUG 2025-06-13 00:57:45,447 utils (0.000) SELECT "account"."account_type", "account"."isWallet", "account"."id", "account"."isDefault", "account"."user_id", "account"."name", "account"."account_number", "account"."wallet_number", "account"."balance", "account"."createdAt", "account"."updatedAt" FROM "account" ORDER BY "account"."createdAt" DESC; args=(); alias=default
DEBUG 2025-06-13 00:57:45,524 utils (0.001) SELECT "django_session"."session_key", "django_session"."session_data", "django_session"."expire_date" FROM "django_session" WHERE ("django_session"."expire_date" > '2025-06-12 19:12:45.521822' AND "django_session"."session_key" = 'gofvlkegepuc97zx6c9s4hifuosa71tp') LIMIT 21; args=('2025-06-12 19:12:45.521822', 'gofvlkegepuc97zx6c9s4hifuosa71tp'); alias=default
DEBUG 2025-06-13 00:57:45,528 utils (0.000) SELECT "auth_user"."id", "auth_user"."password", "auth_user"."last_login", "auth_user"."is_superuser", "auth_user"."username", "auth_user"."first_name", "auth_user"."last_name", "auth_user"."email", "auth_user"."is_staff", "auth_user"."is_active", "auth_user"."date_joined" FROM "auth_user" WHERE "auth_user"."id" = 1 LIMIT 21; args=(1,); alias=default
DEBUG 2025-06-13 00:57:57,163 utils (0.003) SELECT "django_session"."session_key", "django_session"."session_data", "django_session"."expire_date" FROM "django_session" WHERE ("django_session"."expire_date" > '2025-06-12 19:12:57.158155' AND "django_session"."session_key" = 'gofvlkegepuc97zx6c9s4hifuosa71tp') LIMIT 21; args=('2025-06-12 19:12:57.158155', 'gofvlkegepuc97zx6c9s4hifuosa71tp'); alias=default
DEBUG 2025-06-13 00:57:57,170 utils (0.000) SELECT "auth_user"."id", "auth_user"."password", "auth_user"."last_login", "auth_user"."is_superuser", "auth_user"."username", "auth_user"."first_name", "auth_user"."last_name", "auth_user"."email", "auth_user"."is_staff", "auth_user"."is_active", "auth_user"."date_joined" FROM "auth_user" WHERE "auth_user"."id" = 1 LIMIT 21; args=(1,); alias=default
DEBUG 2025-06-13 00:57:57,177 utils (0.000) BEGIN; args=None; alias=default
DEBUG 2025-06-13 00:57:57,191 utils (0.001) SELECT "transaction"."id", "transaction"."user_id", "transaction"."transaction_type", "transaction"."account_id", "transaction"."amount", "transaction"."description", "transaction"."date", "transaction"."category", "transaction"."receiptUrl", "transaction"."isRecurring", "transaction"."recurringInterval", "transaction"."nextRecurringDate", "transaction"."lastProcessedDate", "transaction"."createdAt" FROM "transaction" WHERE "transaction"."id" = 5 LIMIT 21; args=(5,); alias=default
DEBUG 2025-06-13 00:57:57,197 utils (0.000) SELECT "auth_user"."id", "auth_user"."password", "auth_user"."last_login", "auth_user"."is_superuser", "auth_user"."username", "auth_user"."first_name", "auth_user"."last_name", "auth_user"."email", "auth_user"."is_staff", "auth_user"."is_active", "auth_user"."date_joined" FROM "auth_user" WHERE "auth_user"."id" = 2 LIMIT 21; args=(2,); alias=default
DEBUG 2025-06-13 00:57:57,202 utils (0.000) SELECT "account"."account_type", "account"."isWallet", "account"."id", "account"."isDefault", "account"."user_id", "account"."name", "account"."account_number", "account"."wallet_number", "account"."balance", "account"."createdAt", "account"."updatedAt" FROM "account" WHERE "account"."id" = 4 LIMIT 21; args=(4,); alias=default
DEBUG 2025-06-13 00:57:57,209 utils (0.000) SELECT 1 AS "a" FROM "auth_user" WHERE "auth_user"."id" = 2 LIMIT 1; args=(1, 2); alias=default
DEBUG 2025-06-13 00:57:57,210 utils (0.000) SELECT 1 AS "a" FROM "account" WHERE "account"."id" = 4 LIMIT 1; args=(1, 4); alias=default
DEBUG 2025-06-13 00:57:57,212 utils (0.000) SELECT COUNT(*) AS "__count" FROM "account" WHERE ("account"."user_id" = 2 AND "account"."id" = 4); args=(2, 4); alias=default
DEBUG 2025-06-13 00:57:57,214 utils (0.000) SELECT 1 AS "a" FROM "auth_user" WHERE "auth_user"."id" = 2 LIMIT 1; args=(1, 2); alias=default
DEBUG 2025-06-13 00:57:57,219 utils (0.000) SELECT 1 AS "a" FROM "account" WHERE "account"."id" = 4 LIMIT 1; args=(1, 4); alias=default
DEBUG 2025-06-13 00:57:57,221 utils (0.000) SELECT COUNT(*) AS "__count" FROM "account" WHERE ("account"."user_id" = 2 AND "account"."id" = 4); args=(2, 4); alias=default
DEBUG 2025-06-13 00:57:57,225 utils (0.001) UPDATE "transaction" SET "user_id" = 2, "transaction_type" = 'Ex', "account_id" = 4, "amount" = '200.00', "description" = '', "date" = '2025-06-12 16:58:50', "category" = 'food', "receiptUrl" = '', "isRecurring" = 0, "recurringInterval" = '', "nextRecurringDate" = NULL, "lastProcessedDate" = NULL, "createdAt" = '2025-06-12 16:58:58.742358' WHERE "transaction"."id" = 5; args=(2, 'Ex', 4, Decimal('200.00'), '', '2025-06-12 16:58:50', 'food', '', False, '', '2025-06-12 16:58:58.742358', 5); alias=default
DEBUG 2025-06-13 00:57:57,227 utils (0.000) INSERT INTO "django_admin_log" ("action_time", "user_id", "content_type_id", "object_id", "object_repr", "action_flag", "change_message") VALUES ('2025-06-12 19:12:57.227356', 1, 8, '5', 'food', 2, '[{"changed": {"fields": ["User", "Account"]}}]') RETURNING "django_admin_log"."id"; args=('2025-06-12 19:12:57.227356', 1, 8, '5', 'food', 2, '[{"changed": {"fields": ["User", "Account"]}}]'); alias=default
DEBUG 2025-06-13 00:57:57,239 utils (0.010) COMMIT; args=None; alias=default
DEBUG 2025-06-13 00:57:57,250 utils (0.002) SELECT "django_session"."session_key", "django_session"."session_data", "django_session"."expire_date" FROM "django_session" WHERE ("django_session"."expire_date" > '2025-06-12 19:12:57.246930' AND "django_session"."session_key" = 'gofvlkegepuc97zx6c9s4hifuosa71tp') LIMIT 21; args=('2025-06-12 19:12:57.246930', 'gofvlkegepuc97zx6c9s4hifuosa71tp'); alias=default
DEBUG 2025-06-13 00:57:57,255 utils (0.000) SELECT "auth_user"."id", "auth_user"."password", "auth_user"."last_login", "auth_user"."is_superuser", "auth_user"."username", "auth_user"."first_name", "auth_user"."last_name", "auth_user"."email", "auth_user"."is_staff", "auth_user"."is_active", "auth_user"."date_joined" FROM "auth_user" WHERE "auth_user"."id" = 1 LIMIT 21; args=(1,); alias=default
DEBUG 2025-06-13 00:57:57,258 utils (0.000) SELECT COUNT(*) AS "__count" FROM "transaction"; args=(); alias=default
DEBUG 2025-06-13 00:57:57,259 utils (0.000) SELECT COUNT(*) AS "__count" FROM "transaction"; args=(); alias=default
DEBUG 2025-06-13 00:57:57,263 utils (0.000) SELECT "transaction"."id", "transaction"."user_id", "transaction"."transaction_type", "transaction"."account_id", "transaction"."amount", "transaction"."description", "transaction"."date", "transaction"."category", "transaction"."receiptUrl", "transaction"."isRecurring", "transaction"."recurringInterval", "transaction"."nextRecurringDate", "transaction"."lastProcessedDate", "transaction"."createdAt", "auth_user"."id", "auth_user"."password", "auth_user"."last_login", "auth_user"."is_superuser", "auth_user"."username", "auth_user"."first_name", "auth_user"."last_name", "auth_user"."email", "auth_user"."is_staff", "auth_user"."is_active", "auth_user"."date_joined", "account"."account_type", "account"."isWallet", "account"."id", "account"."isDefault", "account"."user_id", "account"."name", "account"."account_number", "account"."wallet_number", "account"."balance", "account"."createdAt", "account"."updatedAt", T4."id", T4."password", T4."last_login", T4."is_superuser", T4."username", T4."first_name", T4."last_name", T4."email", T4."is_staff", T4."is_active", T4."date_joined" FROM "transaction" INNER JOIN "auth_user" ON ("transaction"."user_id" = "auth_user"."id") INNER JOIN "account" ON ("transaction"."account_id" = "account"."id") INNER JOIN "auth_user" T4 ON ("account"."user_id" = T4."id") ORDER BY "transaction"."date" DESC, "transaction"."id" DESC; args=(); alias=default
DEBUG 2025-06-13 00:57:57,354 utils (0.001) SELECT "django_session"."session_key", "django_session"."session_data", "django_session"."expire_date" FROM "django_session" WHERE ("django_session"."expire_date" > '2025-06-12 19:12:57.349430' AND "django_session"."session_key" = 'gofvlkegepuc97zx6c9s4hifuosa71tp') LIMIT 21; args=('2025-06-12 19:12:57.349430', 'gofvlkegepuc97zx6c9s4hifuosa71tp'); alias=default
DEBUG 2025-06-13 00:57:57,357 utils (0.000) SELECT "auth_user"."id", "auth_user"."password", "auth_user"."last_login", "auth_user"."is_superuser", "auth_user"."username", "auth_user"."first_name", "auth_user"."last_name", "auth_user"."email", "auth_user"."is_staff", "auth_user"."is_active", "auth_user"."date_joined" FROM "auth_user" WHERE "auth_user"."id" = 1 LIMIT 21; args=(1,); alias=default
DEBUG 2025-06-13 00:58:00,569 utils (0.001) SELECT "django_session"."session_key", "django_session"."session_data", "django_session"."expire_date" FROM "django_session" WHERE ("django_session"."expire_date" > '2025-06-12 19:13:00.567362' AND "django_session"."session_key" = 'gofvlkegepuc97zx6c9s4hifuosa71tp') LIMIT 21; args=('2025-06-12 19:13:00.567362', 'gofvlkegepuc97zx6c9s4hifuosa71tp'); alias=default
DEBUG 2025-06-13 00:58:00,573 utils (0.000) SELECT "auth_user"."id", "auth_user"."password", "auth_user"."last_login", "auth_user"."is_superuser", "auth_user"."username", "auth_user"."first_name", "auth_user"."last_name", "auth_user"."email", "auth_user"."is_staff", "auth_user"."is_active", "auth_user"."date_joined" FROM "auth_user" WHERE "auth_user"."id" = 1 LIMIT 21; args=(1,); alias=default
DEBUG 2025-06-13 00:58:00,575 utils (0.000) SELECT "auth_user"."id", "auth_user"."password", "auth_user"."last_login", "auth_user"."is_superuser", "auth_user"."username", "auth_user"."first_name", "auth_user"."last_name", "auth_user"."email", "auth_user"."is_staff", "auth_user"."is_active", "auth_user"."date_joined" FROM "auth_user" ORDER BY "auth_user"."username" ASC; args=(); alias=default
DEBUG 2025-06-13 00:58:00,580 utils (0.000) SELECT COUNT(*) AS "__count" FROM "fintrack_app_categorytotal"; args=(); alias=default
DEBUG 2025-06-13 00:58:00,589 utils (0.000) SELECT COUNT(*) AS "__count" FROM "fintrack_app_categorytotal"; args=(); alias=default
DEBUG 2025-06-13 00:58:00,594 utils (0.000) SELECT "fintrack_app_categorytotal"."id", "fintrack_app_categorytotal"."user_id", "fintrack_app_categorytotal"."category", "fintrack_app_categorytotal"."account_id", "fintrack_app_categorytotal"."transaction_type", "fintrack_app_categorytotal"."total_amount", "auth_user"."id", "auth_user"."password", "auth_user"."last_login", "auth_user"."is_superuser", "auth_user"."username", "auth_user"."first_name", "auth_user"."last_name", "auth_user"."email", "auth_user"."is_staff", "auth_user"."is_active", "auth_user"."date_joined", "account"."account_type", "account"."isWallet", "account"."id", "account"."isDefault", "account"."user_id", "account"."name", "account"."account_number", "account"."wallet_number", "account"."balance", "account"."createdAt", "account"."updatedAt", T4."id", T4."password", T4."last_login", T4."is_superuser", T4."username", T4."first_name", T4."last_name", T4."email", T4."is_staff", T4."is_active", T4."date_joined" FROM "fintrack_app_categorytotal" INNER JOIN "auth_user" ON ("fintrack_app_categorytotal"."user_id" = "auth_user"."id") INNER JOIN "account" ON ("fintrack_app_categorytotal"."account_id" = "account"."id") INNER JOIN "auth_user" T4 ON ("account"."user_id" = T4."id") ORDER BY "fintrack_app_categorytotal"."id" DESC; args=(); alias=default
DEBUG 2025-06-13 00:58:00,611 utils (0.000) SELECT DISTINCT "fintrack_app_categorytotal"."transaction_type" AS "transaction_type" FROM "fintrack_app_categorytotal" ORDER BY 1 ASC; args=(); alias=default
DEBUG 2025-06-13 00:58:00,666 utils (0.001) SELECT "django_session"."session_key", "django_session"."session_data", "django_session"."expire_date" FROM "django_session" WHERE ("django_session"."expire_date" > '2025-06-12 19:13:00.662796' AND "django_session"."session_key" = 'gofvlkegepuc97zx6c9s4hifuosa71tp') LIMIT 21; args=('2025-06-12 19:13:00.662796', 'gofvlkegepuc97zx6c9s4hifuosa71tp'); alias=default
DEBUG 2025-06-13 00:58:00,671 utils (0.000) SELECT "auth_user"."id", "auth_user"."password", "auth_user"."last_login", "auth_user"."is_superuser", "auth_user"."username", "auth_user"."first_name", "auth_user"."last_name", "auth_user"."email", "auth_user"."is_staff", "auth_user"."is_active", "auth_user"."date_joined" FROM "auth_user" WHERE "auth_user"."id" = 1 LIMIT 21; args=(1,); alias=default
INFO 2025-06-13 09:38:57,209 autoreload Watching for file changes with StatReloader
DEBUG 2025-06-13 09:39:00,506 utils (0.002) 
            SELECT name, type FROM sqlite_master
            WHERE type in ('table', 'view') AND NOT name='sqlite_sequence'
            ORDER BY name; args=None; alias=default
DEBUG 2025-06-13 09:39:00,609 utils (0.000) SELECT "django_migrations"."id", "django_migrations"."app", "django_migrations"."name", "django_migrations"."applied" FROM "django_migrations"; args=(); alias=default
WARNING 2025-06-13 09:40:07,668 log Not Found: /
WARNING 2025-06-13 09:40:08,063 log Not Found: /favicon.ico
DEBUG 2025-06-13 09:40:14,293 utils (0.013) SELECT "django_session"."session_key", "django_session"."session_data", "django_session"."expire_date" FROM "django_session" WHERE ("django_session"."expire_date" > '2025-06-13 03:55:14.272431' AND "django_session"."session_key" = 'gofvlkegepuc97zx6c9s4hifuosa71tp') LIMIT 21; args=('2025-06-13 03:55:14.272431', 'gofvlkegepuc97zx6c9s4hifuosa71tp'); alias=default
DEBUG 2025-06-13 09:40:14,306 utils (0.000) SELECT "auth_user"."id", "auth_user"."password", "auth_user"."last_login", "auth_user"."is_superuser", "auth_user"."username", "auth_user"."first_name", "auth_user"."last_name", "auth_user"."email", "auth_user"."is_staff", "auth_user"."is_active", "auth_user"."date_joined" FROM "auth_user" WHERE "auth_user"."id" = 1 LIMIT 21; args=(1,); alias=default
DEBUG 2025-06-13 09:40:14,344 utils (0.001) SELECT "fintrack_app_categorytotal"."category" AS "category", "fintrack_app_categorytotal"."total_amount" AS "total_amount" FROM "fintrack_app_categorytotal" WHERE ("fintrack_app_categorytotal"."transaction_type" = 'Ex' AND "fintrack_app_categorytotal"."user_id" = 1); args=('Ex', 1); alias=default
INFO 2025-06-13 11:29:51,769 autoreload Watching for file changes with StatReloader
DEBUG 2025-06-13 11:29:53,911 utils (0.002) 
            SELECT name, type FROM sqlite_master
            WHERE type in ('table', 'view') AND NOT name='sqlite_sequence'
            ORDER BY name; args=None; alias=default
DEBUG 2025-06-13 11:29:53,932 utils (0.000) SELECT "django_migrations"."id", "django_migrations"."app", "django_migrations"."name", "django_migrations"."applied" FROM "django_migrations"; args=(); alias=default
